RowID,OrderID,OrderDate,ShipDate,ShipDays,CustomerID,ProductKey,GeographyKey,ShipModeKey,Sales
7981,CA-2021-103800,2021-01-03,2021-01-07,4,DP-13000,1079,156,4,16.448
740,CA-2021-112326,2021-01-04,2021-01-08,4,PO-19195,998,20,4,11.784
741,CA-2021-112326,2021-01-04,2021-01-08,4,PO-19195,1399,20,4,272.736
742,CA-2021-112326,2021-01-04,2021-01-08,4,PO-19195,764,20,4,3.54
1760,CA-2021-141817,2021-01-05,2021-01-12,7,MB-18085,490,305,4,19.536
7181,CA-2021-106054,2021-01-06,2021-01-07,1,JO-15145,537,369,2,12.78
5328,CA-2021-130813,2021-01-06,2021-01-08,2,LS-17230,1299,499,3,19.44
7475,CA-2021-167199,2021-01-06,2021-01-10,4,ME-17320,60,382,4,2573.82
7476,CA-2021-167199,2021-01-06,2021-01-10,4,ME-17320,784,382,4,609.98
7477,CA-2021-167199,2021-01-06,2021-01-10,4,ME-17320,623,382,4,5.48
7478,CA-2021-167199,2021-01-06,2021-01-10,4,ME-17320,1763,382,4,391.98
7479,CA-2021-167199,2021-01-06,2021-01-10,4,ME-17320,1884,382,4,755.96
7480,CA-2021-167199,2021-01-06,2021-01-10,4,ME-17320,926,382,4,31.12
7481,CA-2021-167199,2021-01-06,2021-01-10,4,ME-17320,1097,382,4,6.54
7661,CA-2021-105417,2021-01-07,2021-01-12,5,VS-21820,265,157,4,76.728
7662,CA-2021-105417,2021-01-07,2021-01-12,5,VS-21820,657,157,4,10.43
593,CA-2021-135405,2021-01-09,2021-01-13,4,MS-17830,561,160,4,9.344
594,CA-2021-135405,2021-01-09,2021-01-13,4,MS-17830,1575,160,4,31.2
866,CA-2021-149020,2021-01-10,2021-01-15,5,AJ-10780,970,445,4,2.89
867,CA-2021-149020,2021-01-10,2021-01-15,5,AJ-10780,258,445,4,51.94
717,CA-2021-130092,2021-01-11,2021-01-14,3,SV-20365,175,205,2,9.94
2979,CA-2021-109232,2021-01-13,2021-01-16,3,ND-18370,72,417,3,545.94
9629,CA-2021-118192,2021-01-13,2021-01-18,5,MM-17920,1186,292,4,37.408
9630,CA-2021-118192,2021-01-13,2021-01-18,5,MM-17920,691,292,4,3.438
4938,CA-2021-157147,2021-01-13,2021-01-18,5,BD-11605,1430,528,4,1325.85
4939,CA-2021-157147,2021-01-13,2021-01-18,5,BD-11605,30,528,4,333.999
4940,CA-2021-157147,2021-01-13,2021-01-18,5,BD-11605,485,528,4,19.9
764,CA-2021-162775,2021-01-13,2021-01-15,2,CS-12250,901,387,3,11.36
765,CA-2021-162775,2021-01-13,2021-01-15,2,CS-12250,872,387,3,50.94
766,CA-2021-162775,2021-01-13,2021-01-15,2,CS-12250,1596,387,3,646.74
767,CA-2021-162775,2021-01-13,2021-01-15,2,CS-12250,647,387,3,5.64
768,CA-2021-162775,2021-01-13,2021-01-15,2,CS-12250,1361,387,3,572.58
6475,CA-2021-149524,2021-01-14,2021-01-15,1,BS-11590,45,304,2,61.96
1914,CA-2021-103366,2021-01-15,2021-01-17,2,EH-13990,1522,375,2,149.95
971,CA-2021-115791,2021-01-16,2021-01-18,2,DL-13315,162,303,3,127.104
972,CA-2021-115791,2021-01-16,2021-01-18,2,DL-13315,1710,303,3,124.2
973,CA-2021-115791,2021-01-16,2021-01-18,2,DL-13315,749,303,3,18.588
974,CA-2021-115791,2021-01-16,2021-01-18,2,DL-13315,1020,303,3,30.072
5365,CA-2021-123477,2021-01-18,2021-01-21,3,DW-13195,437,597,3,64.864
5463,CA-2021-146591,2021-01-19,2021-01-20,1,TS-21340,766,457,2,32.34
5464,CA-2021-146591,2021-01-19,2021-01-20,1,TS-21340,1109,457,2,56.064
5465,CA-2021-146591,2021-01-19,2021-01-20,1,TS-21340,908,457,2,108.72
5466,CA-2021-146591,2021-01-19,2021-01-20,1,TS-21340,26,457,2,181.47
5737,CA-2021-148614,2021-01-20,2021-01-25,5,MV-17485,1136,499,4,19.36
5738,CA-2021-148614,2021-01-20,2021-01-25,5,MV-17485,211,499,4,19.3
6327,CA-2021-167927,2021-01-20,2021-01-26,6,XP-21865,1341,86,4,13.98
6328,CA-2021-167927,2021-01-20,2021-01-26,6,XP-21865,206,86,4,272.94
6329,CA-2021-167927,2021-01-20,2021-01-26,6,XP-21865,665,86,4,19.05
6330,CA-2021-167927,2021-01-20,2021-01-26,6,XP-21865,450,86,4,247.716
6331,CA-2021-167927,2021-01-20,2021-01-26,6,XP-21865,1351,86,4,66.58
6332,CA-2021-167927,2021-01-20,2021-01-26,6,XP-21865,612,86,4,43.92
6333,CA-2021-167927,2021-01-20,2021-01-26,6,XP-21865,323,86,4,14.73
6334,CA-2021-167927,2021-01-20,2021-01-26,6,XP-21865,823,86,4,29.7
1122,US-2021-147627,2021-01-20,2021-01-26,6,HL-15040,1726,325,4,699.93
1123,US-2021-147627,2021-01-20,2021-01-26,6,HL-15040,604,325,4,22.96
1124,US-2021-147627,2021-01-20,2021-01-26,6,HL-15040,211,325,4,38.6
1125,US-2021-147627,2021-01-20,2021-01-26,6,HL-15040,577,325,4,6.63
1126,US-2021-147627,2021-01-20,2021-01-26,6,HL-15040,900,325,4,23.34
1127,US-2021-147627,2021-01-20,2021-01-26,6,HL-15040,98,325,4,1067.94
7121,US-2021-147774,2021-01-20,2021-01-26,6,MM-18280,741,435,4,67.194
9156,CA-2021-102645,2021-01-23,2021-01-28,5,IM-15055,1215,579,4,40.08
8150,CA-2021-167997,2021-01-26,2021-01-29,3,CA-11965,835,122,2,10.68
8151,CA-2021-167997,2021-01-26,2021-01-29,3,CA-11965,39,122,2,141.96
2579,US-2021-155502,2021-01-26,2021-01-31,5,SD-20485,254,436,4,62.82
2580,US-2021-155502,2021-01-26,2021-01-31,5,SD-20485,1400,436,4,489.92
2581,US-2021-155502,2021-01-26,2021-01-31,5,SD-20485,1063,436,4,19.44
2582,US-2021-155502,2021-01-26,2021-01-31,5,SD-20485,1084,436,4,16.68
2583,US-2021-155502,2021-01-26,2021-01-31,5,SD-20485,1795,436,4,155.35
2584,US-2021-155502,2021-01-26,2021-01-31,5,SD-20485,219,436,4,12.42
2585,US-2021-155502,2021-01-26,2021-01-31,5,SD-20485,1778,436,4,187.98
3795,US-2021-117163,2021-01-27,2021-02-02,6,EJ-13720,1394,526,4,57.23
3796,US-2021-117163,2021-01-27,2021-02-02,6,EJ-13720,331,526,4,333.0
3797,US-2021-117163,2021-01-27,2021-02-02,6,EJ-13720,538,526,4,36.44
3084,CA-2021-100328,2021-01-28,2021-02-03,6,JC-15340,807,264,4,3.928
6388,CA-2021-134103,2021-01-30,2021-02-04,5,MV-18190,1239,70,4,10.56
6389,CA-2021-134103,2021-01-30,2021-02-04,5,MV-18190,1415,70,4,229.94
3366,CA-2021-115161,2021-01-31,2021-02-02,2,LC-17050,46,501,2,290.666
541,CA-2021-140795,2021-02-01,2021-02-03,2,BD-11500,1491,185,2,468.9
9138,CA-2021-123400,2021-02-02,2021-02-09,7,EB-13930,826,363,4,18.336
9139,CA-2021-123400,2021-02-02,2021-02-09,7,EB-13930,1709,363,4,180.96
1704,CA-2021-139857,2021-02-02,2021-02-06,4,CD-12790,943,526,4,12.35
1518,CA-2021-111059,2021-02-03,2021-02-06,3,TB-21400,786,624,3,83.84
1519,CA-2021-111059,2021-02-03,2021-02-06,3,TB-21400,679,624,3,13.272
8585,CA-2021-104808,2021-02-04,2021-02-08,4,MH-17440,766,480,3,17.248
1544,CA-2021-107181,2021-02-04,2021-02-08,4,DB-13270,761,525,4,82.896
1545,CA-2021-107181,2021-02-04,2021-02-08,4,DB-13270,1078,525,4,34.24
8981,CA-2021-108182,2021-02-06,2021-02-10,4,DL-13315,683,30,3,8.952
1998,CA-2021-131905,2021-02-06,2021-02-09,3,ND-18460,968,439,2,15.0
1999,CA-2021-131905,2021-02-06,2021-02-09,3,ND-18460,1717,439,2,161.61
2000,CA-2021-131905,2021-02-06,2021-02-09,3,ND-18460,1712,439,2,144.95
850,CA-2021-107755,2021-02-07,2021-02-12,5,CK-12760,1564,243,4,115.36
8736,US-2021-169390,2021-02-07,2021-02-10,3,CS-12250,1315,264,3,64.96
9267,CA-2021-125759,2021-02-08,2021-02-09,1,NM-18445,281,580,2,14.56
5631,CA-2021-127614,2021-02-11,2021-02-15,4,NF-18385,1491,439,4,234.45
5632,CA-2021-127614,2021-02-11,2021-02-15,4,NF-18385,360,439,4,1256.22
5633,CA-2021-127614,2021-02-11,2021-02-15,4,NF-18385,849,439,4,17.46
9255,CA-2021-168368,2021-02-11,2021-02-15,4,GA-14725,87,100,3,60.89
9256,CA-2021-168368,2021-02-11,2021-02-15,4,GA-14725,971,100,3,14.94
9257,CA-2021-168368,2021-02-11,2021-02-15,4,GA-14725,854,100,3,9.64
9258,CA-2021-168368,2021-02-11,2021-02-15,4,GA-14725,291,100,3,332.94
9259,CA-2021-168368,2021-02-11,2021-02-15,4,GA-14725,832,100,3,51.9
9260,CA-2021-168368,2021-02-11,2021-02-15,4,GA-14725,1356,100,3,64.96
457,US-2021-110674,2021-02-12,2021-02-18,6,SC-20095,70,473,4,129.568
5467,CA-2021-107706,2021-02-14,2021-02-19,5,ST-20530,1076,156,3,16.176
9762,CA-2021-121762,2021-02-14,2021-02-18,4,ML-17395,1531,623,4,239.97
9763,CA-2021-121762,2021-02-14,2021-02-18,4,ML-17395,405,623,4,81.96
9764,CA-2021-121762,2021-02-14,2021-02-18,4,ML-17395,1463,623,4,238.62
7438,CA-2021-165568,2021-02-15,2021-02-19,4,BF-11020,809,624,4,21.36
1333,CA-2021-122567,2021-02-16,2021-02-21,5,MN-17935,841,142,4,1.08
1334,CA-2021-122567,2021-02-16,2021-02-21,5,MN-17935,444,142,4,7.96
9516,CA-2021-154165,2021-02-17,2021-02-24,7,DL-13315,640,10,4,54.208
8223,CA-2021-152905,2021-02-18,2021-02-24,6,AB-10015,1321,127,4,12.624
6082,US-2021-165589,2021-02-18,2021-02-18,0,TB-21595,166,162,1,25.16
4521,CA-2021-109491,2021-02-20,2021-02-26,6,LC-16930,1492,49,4,62.31
4522,CA-2021-109491,2021-02-20,2021-02-26,6,LC-16930,279,49,4,20.32
8504,CA-2021-164903,2021-02-20,2021-02-24,4,SR-20740,1276,499,4,12.96
2883,CA-2021-165540,2021-02-21,2021-02-25,4,TM-21010,764,35,4,8.85
7611,CA-2021-133354,2021-02-22,2021-02-24,2,SA-20830,1294,504,2,19.44
6530,CA-2021-103744,2021-02-23,2021-02-27,4,MG-17875,1026,145,4,6.936
6531,CA-2021-103744,2021-02-23,2021-02-27,4,MG-17875,751,145,4,4.428
5512,US-2021-137680,2021-02-24,2021-03-02,6,JH-15430,1079,593,4,32.896
5513,US-2021-137680,2021-02-24,2021-03-02,6,JH-15430,1108,593,4,22.776
9464,CA-2021-156545,2021-02-27,2021-03-03,4,JS-16030,646,278,2,19.456
158,CA-2021-104269,2021-03-01,2021-03-06,5,DB-13060,60,625,3,457.568
6548,CA-2021-113880,2021-03-01,2021-03-05,4,VF-21715,118,14,4,634.116
6549,CA-2021-113880,2021-03-01,2021-03-05,4,VF-21715,1048,14,4,17.472
7948,CA-2021-131009,2021-03-01,2021-03-05,4,SC-20380,938,145,4,18.84
7949,CA-2021-131009,2021-03-01,2021-03-05,4,SC-20380,93,145,4,362.25
7950,CA-2021-131009,2021-03-01,2021-03-05,4,SC-20380,162,145,4,63.552
7951,CA-2021-131009,2021-03-01,2021-03-05,4,SC-20380,1348,145,4,129.552
8310,CA-2021-168312,2021-03-01,2021-03-07,6,GW-14605,1394,153,4,137.352
8311,CA-2021-168312,2021-03-01,2021-03-07,6,GW-14605,340,153,4,376.509
5714,US-2021-143707,2021-03-01,2021-03-05,4,HR-14770,1869,265,4,5.94
6058,CA-2021-107524,2021-03-02,2021-03-08,6,KN-16705,901,262,4,11.36
6059,CA-2021-107524,2021-03-02,2021-03-08,6,KN-16705,1044,262,4,36.4
8712,CA-2021-105648,2021-03-03,2021-03-07,4,EJ-14155,337,526,4,626.352
1163,CA-2021-127964,2021-03-03,2021-03-08,5,AP-10720,1847,265,4,9.99
1164,CA-2021-127964,2021-03-03,2021-03-08,5,AP-10720,786,265,4,125.76
1165,CA-2021-127964,2021-03-03,2021-03-08,5,AP-10720,711,265,4,25.32
7349,CA-2021-130421,2021-03-03,2021-03-07,4,SC-20020,385,156,4,176.772
556,CA-2021-155852,2021-03-03,2021-03-07,4,AJ-10945,646,413,3,19.456
7247,US-2021-127978,2021-03-03,2021-03-08,5,JS-15595,984,278,4,15.12
7248,US-2021-127978,2021-03-03,2021-03-08,5,JS-15595,26,278,4,302.45
7249,US-2021-127978,2021-03-03,2021-03-08,5,JS-15595,1346,278,4,44.672
1565,CA-2021-116239,2021-03-04,2021-03-04,0,CL-12565,1410,415,1,354.9
4422,CA-2021-117016,2021-03-04,2021-03-09,5,SC-20095,498,347,4,15.552
8497,CA-2021-169061,2021-03-05,2021-03-08,3,AB-10150,597,273,3,59.52
8498,CA-2021-169061,2021-03-05,2021-03-08,3,AB-10150,1541,273,3,479.97
8499,CA-2021-169061,2021-03-05,2021-03-08,3,AB-10150,1449,273,3,18.62
8500,CA-2021-169061,2021-03-05,2021-03-08,3,AB-10150,777,273,3,49.632
8501,CA-2021-169061,2021-03-05,2021-03-08,3,AB-10150,1151,273,3,97.82
9641,CA-2021-104563,2021-03-07,2021-03-12,5,CM-12715,605,623,4,20.65
9642,CA-2021-104563,2021-03-07,2021-03-12,5,CM-12715,1331,623,4,204.9
9643,CA-2021-104563,2021-03-07,2021-03-12,5,CM-12715,129,623,4,436.704
9644,CA-2021-104563,2021-03-07,2021-03-12,5,CM-12715,78,623,4,481.568
4962,CA-2021-156587,2021-03-07,2021-03-08,1,AB-10015,81,623,2,48.712
4963,CA-2021-156587,2021-03-07,2021-03-08,1,AB-10015,581,623,2,17.94
4964,CA-2021-156587,2021-03-07,2021-03-08,1,AB-10015,1326,623,2,242.94
5254,US-2021-131982,2021-03-07,2021-03-11,4,NP-18685,718,613,3,107.648
1172,US-2021-100279,2021-03-10,2021-03-14,4,SW-20275,1064,81,4,22.38
2101,US-2021-140116,2021-03-10,2021-03-17,7,KT-16480,1430,556,4,636.408
2102,US-2021-140116,2021-03-10,2021-03-17,7,KT-16480,501,556,4,83.168
7015,CA-2021-114790,2021-03-11,2021-03-13,2,FM-14215,438,386,3,146.76
7016,CA-2021-114790,2021-03-11,2021-03-13,2,FM-14215,1564,386,3,32.96
7017,CA-2021-114790,2021-03-11,2021-03-13,2,FM-14215,1827,386,3,587.97
7018,CA-2021-114790,2021-03-11,2021-03-13,2,FM-14215,1247,386,3,14.94
3442,CA-2021-158337,2021-03-11,2021-03-14,3,KA-16525,1095,264,3,108.92
1542,CA-2021-166884,2021-03-11,2021-03-16,5,CK-12205,229,278,3,8.32
1543,CA-2021-166884,2021-03-11,2021-03-16,5,CK-12205,953,278,3,10.464
8300,US-2021-103338,2021-03-11,2021-03-15,4,RB-19435,544,520,4,7.98
9515,CA-2021-100293,2021-03-14,2021-03-18,4,NF-18475,1146,343,4,91.056
4677,CA-2021-114510,2021-03-14,2021-03-19,5,JF-15295,777,602,4,33.088
4678,CA-2021-114510,2021-03-14,2021-03-19,5,JF-15295,1327,602,4,80.98
4679,CA-2021-114510,2021-03-14,2021-03-19,5,JF-15295,1500,602,4,82.8
4680,CA-2021-114510,2021-03-14,2021-03-19,5,JF-15295,1419,602,4,21.36
4681,CA-2021-114510,2021-03-14,2021-03-19,5,JF-15295,806,602,4,62.048
9406,CA-2021-152618,2021-03-14,2021-03-17,3,RB-19465,1668,10,2,574.91
9407,CA-2021-152618,2021-03-14,2021-03-17,3,RB-19465,1229,10,2,8.448
1891,CA-2021-157623,2021-03-14,2021-03-18,4,DK-13225,1239,484,4,10.56
1892,CA-2021-157623,2021-03-14,2021-03-18,4,DK-13225,491,484,4,3.38
2841,US-2021-125521,2021-03-14,2021-03-19,5,CK-12325,58,439,4,1139.92
603,CA-2021-149958,2021-03-15,2021-03-19,4,AS-10240,1371,367,4,142.776
604,CA-2021-149958,2021-03-15,2021-03-19,4,AS-10240,212,367,4,45.696
605,CA-2021-149958,2021-03-15,2021-03-19,4,AS-10240,794,367,4,7.218
606,CA-2021-149958,2021-03-15,2021-03-19,4,AS-10240,773,367,4,43.188
607,CA-2021-149958,2021-03-15,2021-03-19,4,AS-10240,1148,367,4,131.904
3453,CA-2021-157609,2021-03-16,2021-03-21,5,KN-16705,1846,411,3,471.92
1346,CA-2021-118339,2021-03-17,2021-03-24,7,BN-11515,416,91,4,93.78
1347,CA-2021-118339,2021-03-17,2021-03-24,7,BN-11515,1076,91,4,47.18
1348,CA-2021-118339,2021-03-17,2021-03-24,7,BN-11515,602,91,4,19.68
1349,CA-2021-118339,2021-03-17,2021-03-24,7,BN-11515,835,91,4,53.4
1350,CA-2021-118339,2021-03-17,2021-03-24,7,BN-11515,694,91,4,35.88
8011,CA-2021-127859,2021-03-17,2021-03-20,3,QJ-19255,1170,303,3,126.624
5101,CA-2021-158442,2021-03-17,2021-03-17,0,AZ-10750,584,141,1,4.448
5102,CA-2021-158442,2021-03-17,2021-03-17,0,AZ-10750,1232,141,1,5.184
5103,CA-2021-158442,2021-03-17,2021-03-17,0,AZ-10750,1233,141,1,15.552
2358,US-2021-148838,2021-03-17,2021-03-21,4,CP-12340,347,264,4,1579.746
2359,US-2021-148838,2021-03-17,2021-03-21,4,CP-12340,330,264,4,1071.576
2360,US-2021-148838,2021-03-17,2021-03-21,4,CP-12340,362,264,4,613.908
2361,US-2021-148838,2021-03-17,2021-03-21,4,CP-12340,1189,264,4,34.86
2362,US-2021-148838,2021-03-17,2021-03-21,4,CP-12340,1180,264,4,155.04
7428,US-2021-164763,2021-03-17,2021-03-21,4,MH-17440,665,394,4,11.43
7429,US-2021-164763,2021-03-17,2021-03-21,4,MH-17440,770,394,4,30.44
7430,US-2021-164763,2021-03-17,2021-03-21,4,MH-17440,1223,394,4,12.96
7431,US-2021-164763,2021-03-17,2021-03-21,4,MH-17440,1061,394,4,16.0
7432,US-2021-164763,2021-03-17,2021-03-21,4,MH-17440,401,394,4,32.67
6152,CA-2021-111871,2021-03-18,2021-03-21,3,EK-13795,9,529,3,1198.33
2697,CA-2021-145317,2021-03-18,2021-03-23,5,SM-20320,1668,343,4,821.3
2698,CA-2021-145317,2021-03-18,2021-03-23,5,SM-20320,1655,343,4,22638.48
2699,CA-2021-145317,2021-03-18,2021-03-23,5,SM-20320,1215,343,4,21.376
2700,CA-2021-145317,2021-03-18,2021-03-23,5,SM-20320,488,343,4,8.016
2701,CA-2021-145317,2021-03-18,2021-03-23,5,SM-20320,238,343,4,30.768
2702,CA-2021-145317,2021-03-18,2021-03-23,5,SM-20320,948,343,4,18.936
2703,CA-2021-145317,2021-03-18,2021-03-23,5,SM-20320,178,343,4,122.352
7328,US-2021-131275,2021-03-18,2021-03-24,6,SC-20050,204,467,4,111.0
7329,US-2021-131275,2021-03-18,2021-03-24,6,SC-20050,1696,467,4,1279.968
7330,US-2021-131275,2021-03-18,2021-03-24,6,SC-20050,1430,467,4,1856.19
6161,CA-2021-103989,2021-03-19,2021-03-21,2,MC-17605,1740,346,2,323.976
6162,CA-2021-103989,2021-03-19,2021-03-21,2,MC-17605,992,346,2,11.808
6163,CA-2021-103989,2021-03-19,2021-03-21,2,MC-17605,1332,346,2,26.16
6164,CA-2021-103989,2021-03-19,2021-03-21,2,MC-17605,683,346,2,33.57
6165,CA-2021-103989,2021-03-19,2021-03-21,2,MC-17605,229,346,2,4.992
6166,CA-2021-103989,2021-03-19,2021-03-21,2,MC-17605,191,346,2,20.016
6167,CA-2021-103989,2021-03-19,2021-03-21,2,MC-17605,1554,346,2,170.24
196,CA-2021-140004,2021-03-21,2021-03-25,4,CB-12025,504,284,4,7.408
197,CA-2021-140004,2021-03-21,2021-03-25,4,CB-12025,507,284,4,6.048
7584,CA-2021-163223,2021-03-21,2021-03-25,4,KH-16690,1864,445,4,3499.93
7585,CA-2021-163223,2021-03-21,2021-03-25,4,KH-16690,981,445,4,14.4
7586,CA-2021-163223,2021-03-21,2021-03-25,4,KH-16690,1181,445,4,122.97
7587,CA-2021-163223,2021-03-21,2021-03-25,4,KH-16690,487,445,4,9.32
7588,CA-2021-163223,2021-03-21,2021-03-25,4,KH-16690,850,445,4,122.94
5461,US-2021-107405,2021-03-21,2021-03-25,4,TS-21205,1431,396,4,16.272
8344,US-2021-155544,2021-03-21,2021-03-25,4,GM-14440,995,430,4,59.2
8345,US-2021-155544,2021-03-21,2021-03-25,4,GM-14440,176,430,4,32.952
8346,US-2021-155544,2021-03-21,2021-03-25,4,GM-14440,72,430,4,218.376
2871,CA-2021-148040,2021-03-22,2021-03-26,4,BF-11275,1217,460,4,74.352
2872,CA-2021-148040,2021-03-22,2021-03-26,4,BF-11275,126,460,4,314.352
4341,US-2021-129609,2021-03-22,2021-03-22,0,VM-21835,490,48,1,16.28
1768,US-2021-158057,2021-03-22,2021-03-26,4,CC-12685,708,406,4,7.644
1769,US-2021-158057,2021-03-22,2021-03-26,4,CC-12685,757,406,4,51.465
3555,CA-2021-120838,2021-03-23,2021-03-26,3,PO-18865,1338,497,3,330.4
3556,CA-2021-120838,2021-03-23,2021-03-26,3,PO-18865,1813,497,3,604.752
6591,CA-2021-164749,2021-03-23,2021-03-26,3,BG-11740,963,337,2,9.912
7802,CA-2021-143637,2021-03-24,2021-03-29,5,MS-17710,165,482,3,40.48
4480,CA-2021-147235,2021-03-24,2021-03-28,4,CD-11920,1161,264,4,24.9
9307,CA-2021-128237,2021-03-25,2021-03-30,5,CA-12265,602,529,4,6.56
9308,CA-2021-128237,2021-03-25,2021-03-30,5,CA-12265,543,529,4,14.88
9309,CA-2021-128237,2021-03-25,2021-03-30,5,CA-12265,1507,529,4,45.48
9310,CA-2021-128237,2021-03-25,2021-03-30,5,CA-12265,496,529,4,25.44
2433,CA-2021-148586,2021-03-25,2021-04-01,7,AZ-10750,112,262,4,366.786
9660,CA-2021-100860,2021-03-26,2021-03-30,4,CS-12505,1024,513,3,18.75
4245,CA-2021-138436,2021-03-26,2021-03-30,4,JD-15895,1609,497,4,66.3
9052,CA-2021-141838,2021-03-26,2021-03-31,5,DK-12835,556,530,3,3.36
9053,CA-2021-141838,2021-03-26,2021-03-31,5,DK-12835,849,530,3,27.936
9054,CA-2021-141838,2021-03-26,2021-03-31,5,DK-12835,1770,530,3,28.784
8464,CA-2021-100881,2021-03-28,2021-04-01,4,DR-12940,1716,583,4,302.376
7840,US-2021-137869,2021-03-28,2021-04-02,5,CV-12295,891,53,4,6.12
7841,US-2021-137869,2021-03-28,2021-04-02,5,CV-12295,366,53,4,1184.72
7306,CA-2021-137274,2021-03-29,2021-04-02,4,MG-18145,349,171,4,890.841
6139,CA-2021-131247,2021-03-30,2021-04-04,5,GA-14725,31,529,4,205.666
5284,CA-2021-133424,2021-03-30,2021-04-04,5,Dl-13600,1422,624,4,15.84
5285,CA-2021-133424,2021-03-30,2021-04-04,5,Dl-13600,979,624,4,44.4
7630,CA-2021-162089,2021-03-30,2021-04-01,2,MP-17470,868,132,2,335.72
7631,CA-2021-162089,2021-03-30,2021-04-01,2,MP-17470,1775,132,2,251.944
7632,CA-2021-162089,2021-03-30,2021-04-01,2,MP-17470,83,132,2,127.302
2897,CA-2021-169033,2021-03-30,2021-04-03,4,KM-16720,613,259,4,49.65
5954,US-2021-105151,2021-03-30,2021-03-31,1,SG-20890,630,262,2,10.5
8431,US-2021-113124,2021-03-30,2021-04-05,6,NC-18340,1414,87,4,129.3
5480,CA-2021-101770,2021-03-31,2021-04-04,4,KB-16240,689,351,4,1.869
4712,CA-2021-112403,2021-03-31,2021-03-31,0,JO-15280,700,302,1,0.852
2230,CA-2021-128055,2021-03-31,2021-04-05,5,AA-10315,736,530,4,673.568
2231,CA-2021-128055,2021-03-31,2021-04-05,5,AA-10315,434,530,4,52.98
9566,CA-2021-130428,2021-03-31,2021-03-31,0,TG-21640,76,367,1,1125.488
9567,CA-2021-130428,2021-03-31,2021-03-31,0,TG-21640,788,367,1,12.645
9568,CA-2021-130428,2021-03-31,2021-03-31,0,TG-21640,507,367,1,4.032
5049,US-2021-104759,2021-03-31,2021-04-04,4,DD-13570,727,8,4,8.134
5050,US-2021-104759,2021-03-31,2021-04-04,4,DD-13570,1512,8,4,79.984
7954,CA-2021-138359,2021-04-01,2021-04-06,5,KH-16330,1398,231,4,66.96
7955,CA-2021-138359,2021-04-01,2021-04-06,5,KH-16330,859,231,4,6.24
1373,US-2021-157021,2021-04-01,2021-04-06,5,KM-16720,979,545,3,29.6
1374,US-2021-157021,2021-04-01,2021-04-06,5,KM-16720,808,545,3,17.088
8920,CA-2021-160276,2021-04-02,2021-04-08,6,AH-10690,271,447,4,177.68
5683,CA-2021-164315,2021-04-02,2021-04-08,6,RD-19585,1259,369,4,15.84
5684,CA-2021-164315,2021-04-02,2021-04-08,6,RD-19585,1801,369,4,1049.93
5685,CA-2021-164315,2021-04-02,2021-04-08,6,RD-19585,430,369,4,154.9
8827,US-2021-157847,2021-04-02,2021-04-06,4,SC-20020,1158,156,3,26.72
8828,US-2021-157847,2021-04-02,2021-04-06,4,SC-20020,1212,156,3,33.488
1561,CA-2021-105172,2021-04-04,2021-04-09,5,PK-18910,1009,528,4,18.9
3955,CA-2021-133228,2021-04-04,2021-04-09,5,MS-17710,149,68,4,5.47
3956,CA-2021-133228,2021-04-04,2021-04-09,5,MS-17710,568,68,4,79.36
5121,CA-2021-149538,2021-04-04,2021-04-08,4,KB-16585,1403,389,4,232.55
5122,CA-2021-149538,2021-04-04,2021-04-08,4,KB-16585,1544,389,4,99.98
5123,CA-2021-149538,2021-04-04,2021-04-08,4,KB-16585,1281,389,4,19.44
5124,CA-2021-149538,2021-04-04,2021-04-08,4,KB-16585,1232,389,4,12.96
4845,US-2021-128685,2021-04-04,2021-04-05,1,MZ-17515,693,495,2,7.184
3277,CA-2021-102988,2021-04-05,2021-04-09,4,GM-14695,531,436,3,22.96
3278,CA-2021-102988,2021-04-05,2021-04-09,4,GM-14695,1712,436,3,28.99
3279,CA-2021-102988,2021-04-05,2021-04-09,4,GM-14695,1223,436,3,12.96
3280,CA-2021-102988,2021-04-05,2021-04-09,4,GM-14695,571,436,3,22.96
3281,CA-2021-102988,2021-04-05,2021-04-09,4,GM-14695,1472,436,3,4164.05
711,CA-2021-113887,2021-04-05,2021-04-07,2,TH-21550,1060,265,2,55.48
9507,CA-2021-149104,2021-04-05,2021-04-07,2,RD-19900,636,67,3,26.7
9508,CA-2021-149104,2021-04-05,2021-04-07,2,RD-19900,732,67,3,40.2
9509,CA-2021-149104,2021-04-05,2021-04-07,2,RD-19900,504,67,3,13.89
9510,CA-2021-149104,2021-04-05,2021-04-07,2,RD-19900,1415,67,3,689.82
3879,CA-2021-151001,2021-04-05,2021-04-07,2,JG-15805,1425,12,2,49.632
3880,CA-2021-151001,2021-04-05,2021-04-07,2,JG-15805,1317,12,2,52.096
6016,CA-2021-102652,2021-04-06,2021-04-12,6,AY-10555,307,499,4,91.96
6017,CA-2021-102652,2021-04-06,2021-04-12,6,AY-10555,153,499,4,33.11
6018,CA-2021-102652,2021-04-06,2021-04-12,6,AY-10555,1284,499,4,19.44
6019,CA-2021-102652,2021-04-06,2021-04-12,6,AY-10555,1204,499,4,55.48
869,CA-2021-136742,2021-04-06,2021-04-10,4,GP-14740,796,301,4,44.91
8839,CA-2021-153808,2021-04-06,2021-04-10,4,FH-14275,522,494,3,70.95
8840,CA-2021-153808,2021-04-06,2021-04-10,4,FH-14275,703,494,3,65.568
8841,CA-2021-153808,2021-04-06,2021-04-10,4,FH-14275,1598,494,3,299.97
5036,CA-2021-169803,2021-04-06,2021-04-12,6,SC-20260,356,625,4,653.55
5037,CA-2021-169803,2021-04-06,2021-04-12,6,SC-20260,1518,625,4,33.9
1405,US-2021-118486,2021-04-06,2021-04-08,2,SD-20485,1473,305,2,10.304
1406,US-2021-118486,2021-04-06,2021-04-08,2,SD-20485,372,305,2,154.764
1407,US-2021-118486,2021-04-06,2021-04-08,2,SD-20485,1505,305,2,116.784
3482,CA-2021-124023,2021-04-07,2021-04-10,3,PJ-19015,299,319,2,8.96
4177,CA-2021-128846,2021-04-07,2021-04-12,5,RS-19765,1716,415,4,629.95
4178,CA-2021-128846,2021-04-07,2021-04-12,5,RS-19765,1210,415,4,122.97
6253,CA-2021-165806,2021-04-07,2021-04-07,0,VM-21685,1300,374,1,58.32
6254,CA-2021-165806,2021-04-07,2021-04-07,0,VM-21685,1856,374,1,200.97
3836,CA-2021-100363,2021-04-08,2021-04-15,7,JM-15655,929,453,4,2.368
3837,CA-2021-100363,2021-04-08,2021-04-15,7,JM-15655,1115,453,4,19.008
7410,CA-2021-121769,2021-04-08,2021-04-12,4,JS-15880,380,295,4,172.11
7047,CA-2021-150581,2021-04-08,2021-04-12,4,NM-18445,334,473,4,99.592
7048,CA-2021-150581,2021-04-08,2021-04-12,4,NM-18445,1543,473,4,399.96
5927,US-2021-118997,2021-04-08,2021-04-12,4,RA-19885,381,315,4,1215.92
6381,US-2021-163797,2021-04-08,2021-04-13,5,PC-19000,926,451,4,49.792
8358,CA-2021-110555,2021-04-11,2021-04-18,7,MM-18055,1347,575,4,87.08
8359,CA-2021-110555,2021-04-11,2021-04-18,7,MM-18055,1715,575,4,105.584
8360,CA-2021-110555,2021-04-11,2021-04-18,7,MM-18055,1579,575,4,217.44
4862,CA-2021-138940,2021-04-11,2021-04-16,5,GM-14455,1782,128,3,758.352
3774,US-2021-102715,2021-04-11,2021-04-13,2,JK-15370,914,351,3,6.912
3775,US-2021-102715,2021-04-11,2021-04-13,2,JK-15370,1541,351,3,383.976
3776,US-2021-102715,2021-04-11,2021-04-13,2,JK-15370,1298,351,3,10.368
3777,US-2021-102715,2021-04-11,2021-04-13,2,JK-15370,1540,351,3,335.944
4578,US-2021-121734,2021-04-11,2021-04-16,5,SE-20110,750,569,4,9.584
2794,CA-2021-154599,2021-04-12,2021-04-17,5,KN-16450,1849,517,4,1075.088
2795,CA-2021-154599,2021-04-12,2021-04-17,5,KN-16450,1707,517,4,438.368
2796,CA-2021-154599,2021-04-12,2021-04-17,5,KN-16450,815,517,4,18.088
2797,CA-2021-154599,2021-04-12,2021-04-17,5,KN-16450,31,517,4,308.499
9098,US-2021-158365,2021-04-12,2021-04-17,5,SV-20785,1286,36,4,32.4
341,CA-2021-122336,2021-04-13,2021-04-17,4,JD-15895,563,304,3,17.856
342,CA-2021-122336,2021-04-13,2021-04-17,4,JD-15895,728,304,3,509.97
343,CA-2021-122336,2021-04-13,2021-04-17,4,JD-15895,944,304,3,30.992
344,CA-2021-122336,2021-04-13,2021-04-17,4,JD-15895,1877,304,3,71.928
6708,CA-2021-167724,2021-04-13,2021-04-18,5,BF-11170,966,211,4,7.83
7657,US-2021-120740,2021-04-15,2021-04-15,0,PS-18970,410,499,1,106.96
7658,US-2021-120740,2021-04-15,2021-04-15,0,PS-18970,261,499,1,187.76
404,CA-2021-155208,2021-04-16,2021-04-20,4,SP-20650,490,413,4,39.072
6569,CA-2021-100678,2021-04-18,2021-04-22,4,KM-16720,618,156,4,2.688
6570,CA-2021-100678,2021-04-18,2021-04-22,4,KM-16720,52,156,4,317.058
6571,CA-2021-100678,2021-04-18,2021-04-22,4,KM-16720,873,156,4,149.352
6572,CA-2021-100678,2021-04-18,2021-04-22,4,KM-16720,1509,156,4,227.976
3533,CA-2021-110849,2021-04-18,2021-04-23,5,JL-15835,1643,499,4,287.968
3534,CA-2021-110849,2021-04-18,2021-04-23,5,JL-15835,604,499,4,13.12
3535,CA-2021-110849,2021-04-18,2021-04-23,5,JL-15835,506,499,4,10.75
3536,CA-2021-110849,2021-04-18,2021-04-23,5,JL-15835,921,499,4,11.62
7843,CA-2021-158470,2021-04-19,2021-04-23,4,AG-10390,743,437,3,58.05
7844,CA-2021-158470,2021-04-19,2021-04-23,4,AG-10390,1307,437,3,71.28
4570,CA-2021-169460,2021-04-19,2021-04-21,2,NF-18595,237,532,3,76.14
6850,CA-2021-101462,2021-04-20,2021-04-25,5,BP-11230,251,498,4,59.92
5076,CA-2021-134572,2021-04-20,2021-04-22,2,SV-20365,350,155,3,744.1
5077,CA-2021-134572,2021-04-20,2021-04-22,2,SV-20365,1386,155,3,44.84
5078,CA-2021-134572,2021-04-20,2021-04-22,2,SV-20365,380,155,3,401.59
9075,CA-2021-136336,2021-04-21,2021-04-26,5,DB-13555,1401,382,4,828.84
1173,CA-2021-158064,2021-04-21,2021-04-25,4,AA-10375,650,495,4,16.52
7164,CA-2021-122070,2021-04-22,2021-04-24,2,AH-10030,905,270,3,247.84
7165,CA-2021-122070,2021-04-22,2021-04-24,2,AH-10030,649,270,3,9.912
9290,CA-2021-111857,2021-04-23,2021-04-26,3,NM-18445,1151,528,3,48.91
1449,US-2021-112564,2021-04-23,2021-04-24,1,TS-21160,853,303,2,2.502
3406,US-2021-150119,2021-04-23,2021-04-27,4,LB-16795,76,278,4,281.372
3407,US-2021-150119,2021-04-23,2021-04-27,4,LB-16795,76,278,4,281.372
3408,US-2021-150119,2021-04-23,2021-04-27,4,LB-16795,859,278,4,7.488
3409,US-2021-150119,2021-04-23,2021-04-27,4,LB-16795,249,278,4,22.336
2714,CA-2021-110100,2021-04-25,2021-04-29,4,LC-16885,1711,413,4,302.376
4376,CA-2021-166954,2021-04-25,2021-04-30,5,BT-11305,314,531,4,303.25
4377,CA-2021-166954,2021-04-25,2021-04-30,5,BT-11305,469,531,4,270.72
4378,CA-2021-166954,2021-04-25,2021-04-30,5,BT-11305,90,531,4,1487.04
1749,US-2021-157406,2021-04-25,2021-04-29,4,DA-13450,1253,156,4,10.368
1750,US-2021-157406,2021-04-25,2021-04-29,4,DA-13450,483,156,4,6.24
7197,CA-2021-116785,2021-04-26,2021-04-30,4,MH-17290,599,497,4,21.4
7198,CA-2021-116785,2021-04-26,2021-04-30,4,MH-17290,984,497,4,12.6
2615,CA-2021-147298,2021-04-26,2021-05-03,7,AG-10300,51,499,4,230.28
2616,CA-2021-147298,2021-04-26,2021-05-03,7,AG-10300,663,499,4,18.288
1774,CA-2021-118976,2021-04-28,2021-05-03,5,MY-18295,653,211,4,20.86
1775,CA-2021-118976,2021-04-28,2021-05-03,5,MY-18295,1395,211,4,497.61
1776,CA-2021-118976,2021-04-28,2021-05-03,5,MY-18295,509,211,4,5.34
1777,CA-2021-118976,2021-04-28,2021-05-03,5,MY-18295,976,211,4,3.15
8452,CA-2021-131387,2021-04-28,2021-04-30,2,AI-10855,1859,530,2,1679.96
8921,CA-2021-132983,2021-04-28,2021-05-03,5,DS-13180,1531,257,4,159.98
3609,CA-2021-140228,2021-04-28,2021-05-03,5,GB-14530,1014,292,4,6.912
3610,CA-2021-140228,2021-04-28,2021-05-03,5,GB-14530,1442,292,4,27.096
3611,CA-2021-140228,2021-04-28,2021-05-03,5,GB-14530,1329,292,4,177.568
6375,CA-2021-107811,2021-04-29,2021-05-03,4,LA-16780,75,432,4,561.584
6376,CA-2021-107811,2021-04-29,2021-05-03,4,LA-16780,1311,432,4,99.92
8267,CA-2021-118304,2021-04-29,2021-05-04,5,KH-16360,1876,205,4,19.98
885,CA-2021-134061,2021-04-29,2021-05-04,5,LL-16840,182,268,4,17.46
2891,CA-2021-142727,2021-04-29,2021-05-01,2,HG-14845,83,390,3,51.96
2892,CA-2021-142727,2021-04-29,2021-05-01,2,HG-14845,694,390,3,17.94
5005,CA-2021-156006,2021-04-30,2021-05-02,2,TM-21010,1560,394,3,47.79
8636,CA-2021-160094,2021-04-30,2021-05-02,2,JM-16195,550,383,2,174.95
8637,CA-2021-160094,2021-04-30,2021-05-02,2,JM-16195,1338,383,2,826.0
5825,CA-2021-115056,2021-05-02,2021-05-02,0,AR-10510,401,278,1,26.136
7037,CA-2021-124618,2021-05-02,2021-05-04,2,CS-11860,1628,346,3,479.984
1553,CA-2021-130274,2021-05-03,2021-05-05,2,JS-15940,969,182,2,21.56
3862,CA-2021-135755,2021-05-03,2021-05-10,7,NC-18415,753,273,4,40.176
3863,CA-2021-135755,2021-05-03,2021-05-10,7,NC-18415,678,273,4,10.896
7296,CA-2021-111899,2021-05-04,2021-05-05,1,NC-18340,522,153,2,37.84
7297,CA-2021-111899,2021-05-04,2021-05-05,1,NC-18340,937,153,2,5.472
1166,CA-2021-117709,2021-05-04,2021-05-08,4,PM-18940,726,73,4,46.8
1460,CA-2021-155271,2021-05-04,2021-05-04,0,AA-10480,176,200,1,27.46
7999,US-2021-148194,2021-05-04,2021-05-07,3,BS-11365,226,624,2,12.18
8000,US-2021-148194,2021-05-04,2021-05-07,3,BS-11365,447,624,2,57.68
4560,CA-2021-110219,2021-05-05,2021-05-08,3,EB-13870,87,176,2,127.869
8596,CA-2021-111934,2021-05-05,2021-05-07,2,GD-14590,823,437,2,11.88
8597,CA-2021-111934,2021-05-05,2021-05-07,2,GD-14590,1054,437,2,35.44
4656,CA-2021-160738,2021-05-05,2021-05-10,5,KH-16330,1344,17,4,45.248
4212,CA-2021-166457,2021-05-05,2021-05-09,4,PF-19120,1030,386,3,9.42
4213,CA-2021-166457,2021-05-05,2021-05-09,4,PF-19120,603,386,3,6.56
4214,CA-2021-166457,2021-05-05,2021-05-09,4,PF-19120,1197,386,3,24.56
1335,CA-2021-121664,2021-05-06,2021-05-10,4,HP-14815,851,499,4,140.736
4410,US-2021-154879,2021-05-06,2021-05-11,5,SN-20710,1026,494,4,5.78
4411,US-2021-154879,2021-05-06,2021-05-11,5,SN-20710,554,494,4,107.94
6563,CA-2021-166086,2021-05-07,2021-05-12,5,CT-11995,659,224,4,16.14
6564,CA-2021-166086,2021-05-07,2021-05-12,5,CT-11995,331,224,4,194.25
6565,CA-2021-166086,2021-05-07,2021-05-12,5,CT-11995,586,224,4,8.64
6566,CA-2021-166086,2021-05-07,2021-05-12,5,CT-11995,114,224,4,872.32
8800,CA-2021-116666,2021-05-08,2021-05-10,2,KT-16480,1638,303,2,1799.97
3538,CA-2021-158771,2021-05-09,2021-05-09,0,SB-20290,1363,382,1,83.25
3539,CA-2021-158771,2021-05-09,2021-05-09,0,SB-20290,1009,382,1,9.45
3540,CA-2021-158771,2021-05-09,2021-05-09,0,SB-20290,996,382,1,20.65
3541,CA-2021-158771,2021-05-09,2021-05-09,0,SB-20290,1122,382,1,45.36
825,US-2021-102071,2021-05-09,2021-05-15,6,PG-18820,1518,529,4,67.8
826,US-2021-102071,2021-05-09,2021-05-15,6,PG-18820,1615,529,4,167.97
9197,CA-2021-103310,2021-05-10,2021-05-15,5,GM-14680,1099,532,4,39.96
9198,CA-2021-103310,2021-05-10,2021-05-15,5,GM-14680,1882,532,4,1432.0
9199,CA-2021-103310,2021-05-10,2021-05-15,5,GM-14680,1447,532,4,41.04
9200,CA-2021-103310,2021-05-10,2021-05-15,5,GM-14680,110,532,4,256.784
7555,CA-2021-114181,2021-05-10,2021-05-14,4,AF-10885,5,303,3,349.965
7556,CA-2021-114181,2021-05-10,2021-05-14,4,AF-10885,533,303,3,22.32
5197,CA-2021-159709,2021-05-10,2021-05-15,5,AI-10855,906,616,4,158.13
5198,CA-2021-159709,2021-05-10,2021-05-15,5,AI-10855,1787,616,4,43.6
544,CA-2021-103849,2021-05-11,2021-05-16,5,PG-18895,1606,146,4,58.112
545,CA-2021-103849,2021-05-11,2021-05-16,5,PG-18895,1885,146,4,100.792
546,CA-2021-103849,2021-05-11,2021-05-16,5,PG-18895,187,146,4,66.112
9590,CA-2021-119172,2021-05-11,2021-05-15,4,HD-14785,1048,8,4,17.472
9591,CA-2021-119172,2021-05-11,2021-05-15,4,HD-14785,674,8,4,104.58
4125,CA-2021-127523,2021-05-11,2021-05-18,7,BG-11695,479,272,4,35.91
1759,CA-2021-139017,2021-05-11,2021-05-17,6,RM-19375,1523,156,4,46.864
9429,CA-2021-152100,2021-05-11,2021-05-16,5,VW-21775,107,157,4,1212.96
1658,CA-2021-127159,2021-05-12,2021-05-15,3,HL-15040,175,189,2,34.79
2747,CA-2021-155887,2021-05-12,2021-05-17,5,KT-16480,343,222,4,700.056
5355,CA-2021-113768,2021-05-13,2021-05-19,6,AH-10030,112,494,4,279.456
5356,CA-2021-113768,2021-05-13,2021-05-19,6,AH-10030,1061,494,4,8.0
3217,CA-2021-114433,2021-05-13,2021-05-17,4,NP-18325,1593,507,4,149.97
1887,CA-2021-140165,2021-05-13,2021-05-15,2,EH-14005,945,340,2,7.104
1888,CA-2021-140165,2021-05-13,2021-05-15,2,EH-14005,738,340,2,398.352
18,CA-2021-167164,2021-05-13,2021-05-15,2,AG-10270,1363,608,3,55.5
769,CA-2021-106810,2021-05-14,2021-05-20,6,AJ-10795,233,363,4,310.88
7825,CA-2021-125150,2021-05-16,2021-05-23,7,PW-19030,112,497,4,232.88
8536,US-2021-163146,2021-05-16,2021-05-20,4,CC-12475,1504,530,4,56.4
3006,CA-2021-148761,2021-05-17,2021-05-21,4,PA-19060,826,183,4,91.68
1830,CA-2021-103373,2021-05-18,2021-05-24,6,BS-11755,1725,277,4,779.796
3201,CA-2021-164224,2021-05-18,2021-05-20,2,TT-21070,188,274,3,149.232
3202,CA-2021-164224,2021-05-18,2021-05-20,2,TT-21070,1214,274,3,15.936
9603,CA-2021-130155,2021-05-19,2021-05-22,3,TD-20995,1447,447,2,34.2
4143,US-2021-107699,2021-05-19,2021-05-23,4,JH-15820,687,76,4,57.42
8581,CA-2021-130673,2021-05-20,2021-05-22,2,MC-17590,159,177,3,10.332
8582,CA-2021-130673,2021-05-20,2021-05-22,2,MC-17590,1286,177,3,10.368
8583,CA-2021-130673,2021-05-20,2021-05-22,2,MC-17590,1608,177,3,20.784
8584,CA-2021-130673,2021-05-20,2021-05-22,2,MC-17590,1398,177,3,66.96
2130,US-2021-114188,2021-05-20,2021-05-22,2,RF-19345,389,233,3,33.28
2131,US-2021-114188,2021-05-20,2021-05-22,2,RF-19345,629,233,3,38.52
2132,US-2021-114188,2021-05-20,2021-05-22,2,RF-19345,140,233,3,139.86
3079,CA-2021-104780,2021-05-21,2021-05-25,4,BT-11530,485,526,4,31.84
995,CA-2021-117639,2021-05-21,2021-05-25,4,MW-18235,729,447,4,2715.93
996,CA-2021-117639,2021-05-21,2021-05-25,4,MW-18235,1839,447,4,617.97
9792,CA-2021-127166,2021-05-21,2021-05-23,2,KH-16360,903,155,3,56.064
9793,CA-2021-127166,2021-05-21,2021-05-23,2,KH-16360,64,155,3,107.772
9794,CA-2021-127166,2021-05-21,2021-05-23,2,KH-16360,1036,155,3,4.832
9795,CA-2021-127166,2021-05-21,2021-05-23,2,KH-16360,787,155,3,18.24
5877,CA-2021-152443,2021-05-21,2021-05-26,5,FG-14260,759,224,4,447.86
5878,CA-2021-152443,2021-05-21,2021-05-26,5,FG-14260,1261,224,4,17.94
5879,CA-2021-152443,2021-05-21,2021-05-26,5,FG-14260,405,224,4,245.88
3268,CA-2021-143840,2021-05-22,2021-05-29,7,EH-14185,1812,315,4,135.98
3269,CA-2021-143840,2021-05-22,2021-05-29,7,EH-14185,1835,315,4,44.95
6628,CA-2021-138513,2021-05-23,2021-05-27,4,EH-13990,1268,610,4,12.96
608,US-2021-105767,2021-05-23,2021-05-27,4,AR-10510,672,303,4,3.282
609,US-2021-105767,2021-05-23,2021-05-27,4,AR-10510,566,303,4,21.168
610,US-2021-105767,2021-05-23,2021-05-27,4,AR-10510,1804,303,4,55.188
7011,US-2021-135881,2021-05-23,2021-05-27,4,GT-14710,692,265,4,17.96
7012,US-2021-135881,2021-05-23,2021-05-27,4,GT-14710,1471,265,4,5.04
7013,US-2021-135881,2021-05-23,2021-05-27,4,GT-14710,384,265,4,208.16
2704,CA-2021-143413,2021-05-24,2021-05-30,6,RP-19390,1209,211,4,116.28
9441,CA-2021-100391,2021-05-25,2021-05-29,4,BW-11065,1105,265,4,14.62
1819,US-2021-130379,2021-05-25,2021-05-29,4,JL-15235,441,9,4,75.6
1820,US-2021-130379,2021-05-25,2021-05-29,4,JL-15235,234,9,4,29.32
2761,CA-2021-129574,2021-05-26,2021-05-29,3,Dp-13240,1136,603,2,48.4
6740,CA-2021-144029,2021-05-26,2021-05-31,5,MM-18055,1402,9,4,102.624
6741,CA-2021-144029,2021-05-26,2021-05-31,5,MM-18055,59,9,4,359.772
6742,CA-2021-144029,2021-05-26,2021-05-31,5,MM-18055,533,9,4,13.392
1611,CA-2021-156349,2021-05-26,2021-05-30,4,ML-17395,49,495,4,290.666
1612,CA-2021-156349,2021-05-26,2021-05-30,4,ML-17395,1879,495,4,201.584
1613,CA-2021-156349,2021-05-26,2021-05-30,4,ML-17395,1893,495,4,83.984
2752,CA-2021-158029,2021-05-26,2021-05-30,4,HF-14995,109,495,4,225.296
747,CA-2021-124429,2021-05-27,2021-05-27,0,MH-17785,374,527,1,567.12
748,CA-2021-124429,2021-05-27,2021-05-27,0,MH-17785,1357,527,1,359.32
1049,CA-2021-139192,2021-05-27,2021-06-01,5,LC-16885,1836,528,3,1113.504
1050,CA-2021-139192,2021-05-27,2021-06-01,5,LC-16885,1545,528,3,99.99
1326,US-2021-117058,2021-05-27,2021-05-30,3,LE-16810,731,10,2,17.46
8439,CA-2021-108861,2021-05-28,2021-06-01,4,MM-17260,779,624,4,136.96
5676,CA-2021-135993,2021-05-28,2021-06-02,5,PJ-18835,1774,625,4,57.408
5677,CA-2021-135993,2021-05-28,2021-06-02,5,PJ-18835,1500,625,4,27.6
7857,CA-2021-103429,2021-05-30,2021-06-01,2,LW-16825,754,264,2,25.584
7858,CA-2021-103429,2021-05-30,2021-06-01,2,LW-16825,1766,264,2,464.0
7859,CA-2021-103429,2021-05-30,2021-06-01,2,LW-16825,456,264,2,235.95
7860,CA-2021-103429,2021-05-30,2021-06-01,2,LW-16825,1213,264,2,39.96
7737,CA-2021-105872,2021-05-30,2021-06-06,7,JG-15160,851,264,4,70.368
8553,CA-2021-140473,2021-05-30,2021-06-03,4,MC-17425,1628,9,4,719.976
5751,CA-2021-145800,2021-05-30,2021-06-05,6,SS-20410,357,5,4,355.455
4647,CA-2021-146885,2021-05-30,2021-06-05,6,EB-13840,1042,443,4,13.62
7978,CA-2021-166051,2021-05-31,2021-06-05,5,JK-15625,1861,394,4,659.97
7979,CA-2021-166051,2021-05-31,2021-06-05,5,JK-15625,1768,394,4,113.73
307,CA-2021-111003,2021-06-01,2021-06-06,5,CR-12625,735,242,4,45.48
308,CA-2021-111003,2021-06-01,2021-06-06,5,CR-12625,521,242,4,289.2
245,CA-2021-131926,2021-06-01,2021-06-06,5,DW-13480,60,91,3,2001.86
246,CA-2021-131926,2021-06-01,2021-06-06,5,DW-13480,1407,91,3,166.72
247,CA-2021-131926,2021-06-01,2021-06-06,5,DW-13480,1035,91,3,47.88
248,CA-2021-131926,2021-06-01,2021-06-06,5,DW-13480,454,91,3,1503.25
249,CA-2021-131926,2021-06-01,2021-06-06,5,DW-13480,1277,91,3,25.92
9150,US-2021-157070,2021-06-01,2021-06-06,5,QJ-19255,846,70,4,138.56
9151,US-2021-157070,2021-06-01,2021-06-06,5,QJ-19255,391,70,4,65.52
2201,US-2021-165659,2021-06-01,2021-06-06,5,LT-17110,142,326,4,22.2
2202,US-2021-165659,2021-06-01,2021-06-06,5,LT-17110,1719,326,4,881.93
3888,CA-2021-100895,2021-06-02,2021-06-06,4,SV-20785,629,375,4,8.56
3889,CA-2021-100895,2021-06-02,2021-06-06,4,SV-20785,1799,375,4,239.97
3890,CA-2021-100895,2021-06-02,2021-06-06,4,SV-20785,1371,375,4,356.94
719,CA-2021-104472,2021-06-02,2021-06-07,5,CK-12325,767,604,4,59.808
720,CA-2021-104472,2021-06-02,2021-06-07,5,CK-12325,151,604,4,73.32
1700,CA-2021-135657,2021-06-03,2021-06-07,4,SC-20725,373,625,3,515.88
6323,CA-2021-141299,2021-06-03,2021-06-07,4,RB-19795,896,76,3,15.28
1875,CA-2021-147914,2021-06-04,2021-06-09,5,MP-17470,1056,278,4,16.224
8608,CA-2021-151946,2021-06-04,2021-06-09,5,BT-11440,294,265,4,56.96
8609,CA-2021-151946,2021-06-04,2021-06-09,5,BT-11440,419,265,4,15.56
8610,CA-2021-151946,2021-06-04,2021-06-09,5,BT-11440,33,265,4,353.568
8611,CA-2021-151946,2021-06-04,2021-06-09,5,BT-11440,249,265,4,13.96
1746,CA-2021-133270,2021-06-06,2021-06-09,3,BM-11785,631,268,2,13.36
6473,CA-2021-151897,2021-06-06,2021-06-10,4,VT-21700,1020,155,4,100.24
2140,CA-2021-159520,2021-06-06,2021-06-11,5,GT-14635,837,259,4,149.544
2141,CA-2021-159520,2021-06-06,2021-06-11,5,GT-14635,1454,259,4,17.14
2142,CA-2021-159520,2021-06-06,2021-06-11,5,GT-14635,354,259,4,991.764
6598,CA-2021-169257,2021-06-06,2021-06-12,6,SV-20785,811,343,4,1.365
6599,CA-2021-169257,2021-06-06,2021-06-12,6,SV-20785,1209,343,4,62.016
6301,US-2021-161305,2021-06-06,2021-06-12,6,SB-20170,703,9,4,24.588
6302,US-2021-161305,2021-06-06,2021-06-12,6,SB-20170,863,9,4,13.984
4722,CA-2021-106229,2021-06-07,2021-06-11,4,NR-18550,342,2,3,268.935
394,US-2021-134971,2021-06-07,2021-06-10,3,BP-11095,837,27,3,12.462
9367,CA-2021-108147,2021-06-08,2021-06-13,5,RD-19480,779,259,4,68.48
9368,CA-2021-108147,2021-06-08,2021-06-13,5,RD-19480,1438,259,4,1676.88
3842,US-2021-109162,2021-06-08,2021-06-12,4,KE-16420,138,422,4,170.352
2750,US-2021-141257,2021-06-08,2021-06-14,6,CS-11950,102,625,4,585.552
6,CA-2021-115812,2021-06-09,2021-06-14,5,BH-11710,217,496,4,48.86
7,CA-2021-115812,2021-06-09,2021-06-14,5,BH-11710,572,496,4,7.28
8,CA-2021-115812,2021-06-09,2021-06-14,5,BH-11710,1797,496,4,907.152
9,CA-2021-115812,2021-06-09,2021-06-14,5,BH-11710,721,496,4,18.504
10,CA-2021-115812,2021-06-09,2021-06-14,5,BH-11710,409,496,4,114.9
11,CA-2021-115812,2021-06-09,2021-06-14,5,BH-11710,357,496,4,1706.184
12,CA-2021-115812,2021-06-09,2021-06-14,5,BH-11710,1786,496,4,911.424
1812,CA-2021-132612,2021-06-09,2021-06-11,2,FO-14305,335,441,3,1441.3
489,CA-2021-133753,2021-06-09,2021-06-13,4,CW-11905,1876,157,3,7.992
490,CA-2021-133753,2021-06-09,2021-06-13,4,CW-11905,1537,157,3,63.984
491,CA-2021-133753,2021-06-09,2021-06-13,4,CW-11905,510,157,3,70.368
861,CA-2021-133851,2021-06-09,2021-06-16,7,CM-12445,1478,530,4,7.36
862,CA-2021-133851,2021-06-09,2021-06-16,7,CM-12445,534,530,4,23.1
4955,CA-2021-160262,2021-06-09,2021-06-13,4,TS-21205,532,580,3,18.06
4956,CA-2021-160262,2021-06-09,2021-06-13,4,TS-21205,1170,580,3,79.14
4957,CA-2021-160262,2021-06-09,2021-06-13,4,TS-21205,239,580,3,37.4
9697,CA-2021-144281,2021-06-10,2021-06-15,5,HK-14890,1017,70,3,491.55
1856,CA-2021-114643,2021-06-13,2021-06-17,4,FM-14215,640,496,4,14.52
5221,CA-2021-140487,2021-06-14,2021-06-20,6,SR-20425,21,70,4,212.94
6938,CA-2021-126963,2021-06-15,2021-06-15,0,PS-18760,1164,145,1,36.544
916,US-2021-141215,2021-06-15,2021-06-21,6,KL-16555,377,176,4,99.918
917,US-2021-141215,2021-06-15,2021-06-21,6,KL-16555,58,176,4,797.944
918,US-2021-141215,2021-06-15,2021-06-21,6,KL-16555,696,176,4,8.568
2912,CA-2021-113929,2021-06-16,2021-06-21,5,CK-12205,904,256,4,41.4
2913,CA-2021-113929,2021-06-16,2021-06-21,5,CK-12205,512,256,4,35.0
2914,CA-2021-113929,2021-06-16,2021-06-21,5,CK-12205,792,256,4,39.552
2496,CA-2021-136644,2021-06-16,2021-06-22,6,SC-20575,70,44,4,647.84
6324,CA-2021-104402,2021-06-17,2021-06-23,6,DB-13660,1698,206,4,65.97
6816,CA-2021-144414,2021-06-17,2021-06-21,4,GH-14425,229,624,4,6.24
6817,CA-2021-144414,2021-06-17,2021-06-21,4,GH-14425,933,624,4,17.9
6818,CA-2021-144414,2021-06-17,2021-06-21,4,GH-14425,739,624,4,3266.376
9765,CA-2021-123855,2021-06-18,2021-06-23,5,MC-18100,1834,497,4,139.8
3506,CA-2021-166863,2021-06-20,2021-06-24,4,SC-20020,1773,171,4,201.584
3507,CA-2021-166863,2021-06-20,2021-06-24,4,SC-20020,824,171,4,3.392
3508,CA-2021-166863,2021-06-20,2021-06-24,4,SC-20020,20,171,4,193.0656
3509,CA-2021-166863,2021-06-20,2021-06-24,4,SC-20020,1269,171,4,15.552
3510,CA-2021-166863,2021-06-20,2021-06-24,4,SC-20020,1044,171,4,11.648
3511,CA-2021-166863,2021-06-20,2021-06-24,4,SC-20020,1682,171,4,418.8
3512,CA-2021-166863,2021-06-20,2021-06-24,4,SC-20020,1406,171,4,509.488
8146,US-2021-112949,2021-06-20,2021-06-27,7,Co-12640,456,116,4,471.9
8147,US-2021-112949,2021-06-20,2021-06-27,7,Co-12640,606,116,4,3.52
1181,CA-2021-128146,2021-06-21,2021-06-25,4,DB-13060,1884,242,4,1322.93
1182,CA-2021-128146,2021-06-21,2021-06-25,4,DB-13060,607,242,4,3.76
4412,CA-2021-130624,2021-06-21,2021-06-24,3,TB-21280,1077,264,2,19.65
4413,CA-2021-130624,2021-06-21,2021-06-24,3,TB-21280,1761,264,2,617.97
4414,CA-2021-130624,2021-06-21,2021-06-24,3,TB-21280,444,264,2,59.7
2997,CA-2021-138317,2021-06-21,2021-06-25,4,NW-18400,900,302,4,24.896
2998,CA-2021-138317,2021-06-21,2021-06-25,4,NW-18400,300,302,4,3.984
2999,CA-2021-138317,2021-06-21,2021-06-25,4,NW-18400,1522,302,4,95.968
3000,CA-2021-138317,2021-06-21,2021-06-25,4,NW-18400,1659,302,4,206.991
3001,CA-2021-138317,2021-06-21,2021-06-25,4,NW-18400,433,302,4,44.416
3002,CA-2021-138317,2021-06-21,2021-06-25,4,NW-18400,756,302,4,9.006
1836,CA-2021-141278,2021-06-21,2021-06-24,3,RM-19375,593,199,2,21.4
5150,CA-2021-141796,2021-06-21,2021-06-21,0,JG-15160,1844,259,1,1214.85
690,US-2021-117135,2021-06-21,2021-06-23,2,NP-18325,275,448,3,104.01
691,US-2021-117135,2021-06-21,2021-06-23,2,NP-18325,1786,448,3,284.82
692,US-2021-117135,2021-06-21,2021-06-23,2,NP-18325,1393,448,3,36.84
2678,US-2021-160780,2021-06-21,2021-06-21,0,SV-20785,834,565,1,11.088
2679,US-2021-160780,2021-06-21,2021-06-21,0,SV-20785,702,565,1,25.164
2157,CA-2021-124646,2021-06-22,2021-06-24,2,DV-13465,1382,93,2,501.81
2158,CA-2021-124646,2021-06-22,2021-06-24,2,DV-13465,1348,93,2,161.94
9001,CA-2021-133389,2021-06-22,2021-06-22,0,TB-21280,820,456,1,8.226
422,CA-2021-142048,2021-06-22,2021-06-25,3,JE-15745,1513,562,2,196.752
4021,CA-2021-154963,2021-06-22,2021-06-27,5,AA-10645,132,300,4,170.058
4022,CA-2021-154963,2021-06-22,2021-06-27,5,AA-10645,1829,300,4,82.782
4023,CA-2021-154963,2021-06-22,2021-06-27,5,AA-10645,101,300,4,853.93
2127,CA-2021-126032,2021-06-23,2021-06-28,5,BS-11665,1613,305,4,86.376
4064,US-2021-130358,2021-06-23,2021-06-26,3,DL-13330,616,401,2,20.016
4065,US-2021-130358,2021-06-23,2021-06-26,3,DL-13330,1452,401,2,3.104
9402,CA-2021-159814,2021-06-24,2021-06-28,4,LP-17080,147,460,4,4.272
1098,CA-2021-159338,2021-06-25,2021-06-28,3,NS-18640,363,499,2,447.84
4847,CA-2021-164469,2021-06-25,2021-06-27,2,GK-14620,1831,596,3,263.96
4848,CA-2021-164469,2021-06-25,2021-06-27,2,GK-14620,490,596,3,71.632
4849,CA-2021-164469,2021-06-25,2021-06-27,2,GK-14620,549,596,3,9.328
2277,CA-2021-104283,2021-06-27,2021-07-01,4,LM-17065,1400,395,4,306.2
2278,CA-2021-104283,2021-06-27,2021-07-01,4,LM-17065,372,395,4,85.98
2279,CA-2021-104283,2021-06-27,2021-07-01,4,LM-17065,1615,395,4,223.96
818,CA-2021-140858,2021-06-28,2021-07-02,4,CA-12775,1264,304,4,41.472
819,CA-2021-140858,2021-06-28,2021-07-02,4,CA-12775,818,304,4,3.168
820,CA-2021-140858,2021-06-28,2021-07-02,4,CA-12775,75,304,4,1228.465
821,CA-2021-140858,2021-06-28,2021-07-02,4,CA-12775,761,304,4,31.086
822,CA-2021-140858,2021-06-28,2021-07-02,4,CA-12775,1206,304,4,335.52
2924,CA-2021-156993,2021-06-28,2021-07-04,6,RW-19630,950,70,4,6.08
5736,CA-2021-111773,2021-06-29,2021-07-03,4,JK-15625,838,264,4,13.92
777,CA-2021-165974,2021-06-29,2021-07-06,7,DL-12865,536,276,4,32.76
3148,CA-2021-109218,2021-06-30,2021-07-03,3,AR-10825,498,494,3,32.4
4502,CA-2021-116757,2021-06-30,2021-07-04,4,MS-17980,1299,156,4,25.92
4503,CA-2021-116757,2021-06-30,2021-07-04,4,MS-17980,945,156,4,21.312
2690,CA-2021-123064,2021-06-30,2021-07-02,2,RA-19915,495,10,2,5.248
1414,CA-2021-146640,2021-06-30,2021-07-05,5,HA-14905,762,264,4,334.768
8397,CA-2021-152254,2021-06-30,2021-06-30,0,BD-11620,1175,413,1,310.688
5153,US-2021-121566,2021-06-30,2021-07-06,6,CS-11860,715,263,4,2.688
5154,US-2021-121566,2021-06-30,2021-07-06,6,CS-11860,634,263,4,6.6
716,CA-2021-153150,2021-07-01,2021-07-06,5,Dl-13600,713,624,3,19.92
1319,CA-2021-160773,2021-07-01,2021-07-05,4,LW-16825,1883,338,4,575.92
1320,CA-2021-160773,2021-07-01,2021-07-05,4,LW-16825,677,338,4,5.184
2733,CA-2021-107594,2021-07-02,2021-07-06,4,EH-13945,1792,250,4,73.98
2734,CA-2021-107594,2021-07-02,2021-07-06,4,EH-13945,533,250,4,5.58
6733,CA-2021-120096,2021-07-04,2021-07-07,3,KE-16420,1204,552,2,177.536
6734,CA-2021-120096,2021-07-04,2021-07-07,3,KE-16420,437,552,2,32.432
7162,CA-2021-138709,2021-07-04,2021-07-09,5,MS-17770,1101,443,4,21.84
7163,CA-2021-138709,2021-07-04,2021-07-09,5,MS-17770,859,443,4,15.6
5437,CA-2021-103317,2021-07-05,2021-07-08,3,DM-13525,150,356,2,19.52
5438,CA-2021-103317,2021-07-05,2021-07-08,3,DM-13525,843,356,2,9.81
5439,CA-2021-103317,2021-07-05,2021-07-08,3,DM-13525,271,356,2,213.216
3791,CA-2021-107139,2021-07-05,2021-07-11,6,DP-13390,833,494,4,180.96
3885,CA-2021-152849,2021-07-05,2021-07-12,7,DW-13195,572,430,4,4.368
686,CA-2021-157784,2021-07-05,2021-07-08,3,MC-17845,1589,394,2,479.97
687,CA-2021-157784,2021-07-05,2021-07-08,3,MC-17845,1007,394,2,14.62
688,CA-2021-157784,2021-07-05,2021-07-08,3,MC-17845,1264,394,2,19.44
1356,US-2021-160444,2021-07-05,2021-07-05,0,DC-12850,1367,153,1,220.776
1357,US-2021-160444,2021-07-05,2021-07-05,0,DC-12850,1350,153,1,281.424
1550,CA-2021-134278,2021-07-06,2021-07-08,2,EP-13915,1630,263,2,559.992
6846,CA-2021-147543,2021-07-06,2021-07-12,6,BC-11125,57,478,4,478.48
4398,US-2021-138758,2021-07-07,2021-07-11,4,JL-15835,71,302,4,172.186
4399,US-2021-138758,2021-07-07,2021-07-11,4,JL-15835,257,302,4,69.008
6288,CA-2021-100090,2021-07-08,2021-07-12,4,EB-13705,360,530,4,502.488
6289,CA-2021-100090,2021-07-08,2021-07-12,4,EB-13705,850,530,4,196.704
4780,CA-2021-150301,2021-07-08,2021-07-10,2,MH-18025,138,254,2,63.882
9243,CA-2021-113271,2021-07-09,2021-07-14,5,DS-13030,688,530,4,14.304
9244,CA-2021-113271,2021-07-09,2021-07-14,5,DS-13030,9,530,4,119.833
9245,CA-2021-113271,2021-07-09,2021-07-14,5,DS-13030,617,530,4,5.56
9246,CA-2021-113271,2021-07-09,2021-07-14,5,DS-13030,1233,530,4,32.4
8173,CA-2021-114125,2021-07-09,2021-07-13,4,GH-14410,978,499,4,2.88
8174,CA-2021-114125,2021-07-09,2021-07-13,4,GH-14410,849,499,4,41.904
8175,CA-2021-114125,2021-07-09,2021-07-13,4,GH-14410,1383,499,4,23.92
3367,CA-2021-165379,2021-07-09,2021-07-15,6,BM-11650,1063,141,4,10.368
3368,CA-2021-165379,2021-07-09,2021-07-15,6,BM-11650,1155,141,4,14.352
5801,CA-2021-123225,2021-07-11,2021-07-14,3,MN-17935,1845,145,2,575.968
5802,CA-2021-123225,2021-07-11,2021-07-14,3,MN-17935,1271,145,2,10.368
6335,CA-2021-133305,2021-07-11,2021-07-15,4,MH-17455,1140,263,4,49.12
6336,CA-2021-133305,2021-07-11,2021-07-15,4,MH-17455,799,263,4,18.28
1029,CA-2021-163552,2021-07-11,2021-07-15,4,LA-16780,1054,241,4,177.2
1030,CA-2021-163552,2021-07-11,2021-07-15,4,LA-16780,1747,241,4,197.97
1031,CA-2021-163552,2021-07-11,2021-07-15,4,LA-16780,58,241,4,854.94
1032,CA-2021-163552,2021-07-11,2021-07-15,4,LA-16780,146,241,4,124.11
1033,CA-2021-163552,2021-07-11,2021-07-15,4,LA-16780,1005,241,4,14.4
1221,CA-2021-110184,2021-07-12,2021-07-16,4,BF-11170,1363,497,4,249.75
1222,CA-2021-110184,2021-07-12,2021-07-16,4,BF-11170,1764,497,4,255.936
7399,CA-2021-124807,2021-07-12,2021-07-15,3,ME-17725,1214,8,3,35.856
7400,CA-2021-124807,2021-07-12,2021-07-15,3,ME-17725,1620,8,3,23.84
338,CA-2021-129924,2021-07-12,2021-07-17,5,AC-10420,829,530,4,7.712
339,CA-2021-129924,2021-07-12,2021-07-17,5,AC-10420,364,530,4,698.352
2982,CA-2021-131310,2021-07-12,2021-07-18,6,CL-12565,136,625,4,123.136
2983,CA-2021-131310,2021-07-12,2021-07-18,6,CL-12565,818,625,4,11.264
8314,CA-2021-161508,2021-07-12,2021-07-16,4,PV-18985,100,161,4,512.358
8315,CA-2021-161508,2021-07-12,2021-07-16,4,PV-18985,953,161,4,3.488
8316,CA-2021-161508,2021-07-12,2021-07-16,4,PV-18985,547,161,4,22.288
8317,CA-2021-161508,2021-07-12,2021-07-16,4,PV-18985,1215,161,4,16.032
4552,US-2021-165862,2021-07-13,2021-07-17,4,GK-14620,341,499,4,351.216
8053,CA-2021-109904,2021-07-14,2021-07-17,3,BF-10975,564,262,3,17.94
7624,CA-2021-124464,2021-07-14,2021-07-20,6,SS-20515,402,206,4,39.48
6932,CA-2021-164182,2021-07-14,2021-07-18,4,ST-20530,1771,304,4,13.494
6933,CA-2021-164182,2021-07-14,2021-07-18,4,ST-20530,1890,304,4,23.988
6934,CA-2021-164182,2021-07-14,2021-07-18,4,ST-20530,319,304,4,31.984
6935,CA-2021-164182,2021-07-14,2021-07-18,4,ST-20530,501,304,4,41.584
2207,US-2021-103905,2021-07-14,2021-07-20,6,AW-10930,652,2,4,29.932
2208,US-2021-103905,2021-07-14,2021-07-20,6,AW-10930,1774,2,4,38.272
2996,US-2021-150532,2021-07-14,2021-07-21,7,PB-19150,1341,456,4,55.92
3270,CA-2021-115980,2021-07-15,2021-07-19,4,VW-21775,1559,123,4,2.97
3271,CA-2021-115980,2021-07-15,2021-07-19,4,VW-21775,920,123,4,6.54
2103,CA-2021-123295,2021-07-18,2021-07-18,0,AH-10120,125,460,1,259.136
9030,CA-2021-138198,2021-07-18,2021-07-23,5,JL-15130,716,261,4,13.904
5589,CA-2021-168158,2021-07-19,2021-07-24,5,EM-14140,662,575,4,6.096
3354,US-2021-150434,2021-07-19,2021-07-24,5,CA-12310,1845,195,4,359.98
3355,US-2021-150434,2021-07-19,2021-07-24,5,CA-12310,332,195,4,70.56
3356,US-2021-150434,2021-07-19,2021-07-24,5,CA-12310,673,195,4,20.88
3357,US-2021-150434,2021-07-19,2021-07-24,5,CA-12310,658,195,4,3.81
8130,CA-2021-127866,2021-07-20,2021-07-23,3,JD-15895,1561,519,2,41.94
8131,CA-2021-127866,2021-07-20,2021-07-23,3,JD-15895,1231,519,2,11.96
8132,CA-2021-127866,2021-07-20,2021-07-23,3,JD-15895,600,519,2,13.12
8133,CA-2021-127866,2021-07-20,2021-07-23,3,JD-15895,1371,519,2,535.41
5969,CA-2021-141726,2021-07-20,2021-07-22,2,CC-12145,1149,527,2,104.85
5970,CA-2021-141726,2021-07-20,2021-07-22,2,CC-12145,839,527,2,8.704
5971,CA-2021-141726,2021-07-20,2021-07-22,2,CC-12145,1157,527,2,19.92
5972,CA-2021-141726,2021-07-20,2021-07-22,2,CC-12145,287,527,2,43.02
4395,CA-2021-142965,2021-07-20,2021-07-20,0,SW-20245,1356,294,1,25.984
4396,CA-2021-142965,2021-07-20,2021-07-20,0,SW-20245,787,294,1,27.36
3076,CA-2021-143903,2021-07-20,2021-07-24,4,KM-16375,1375,141,4,342.864
3077,CA-2021-143903,2021-07-20,2021-07-24,4,KM-16375,324,141,4,16.74
3078,CA-2021-143903,2021-07-20,2021-07-24,4,KM-16375,91,141,4,981.372
7229,CA-2021-157546,2021-07-20,2021-07-22,2,RD-19720,719,530,2,89.712
7230,CA-2021-157546,2021-07-20,2021-07-22,2,RD-19720,1134,530,2,22.83
8481,CA-2021-109890,2021-07-21,2021-07-27,6,PG-18820,1770,112,4,35.98
1871,CA-2021-116932,2021-07-21,2021-07-25,4,ME-18010,585,530,4,99.2
1872,CA-2021-116932,2021-07-21,2021-07-25,4,ME-18010,86,530,4,801.568
1873,CA-2021-116932,2021-07-21,2021-07-25,4,ME-18010,362,530,4,272.848
8022,CA-2021-129189,2021-07-21,2021-07-25,4,HM-14860,389,141,4,4.992
8023,CA-2021-129189,2021-07-21,2021-07-25,4,HM-14860,879,141,4,87.92
8024,CA-2021-129189,2021-07-21,2021-07-25,4,HM-14860,104,141,4,657.93
8025,CA-2021-129189,2021-07-21,2021-07-25,4,HM-14860,654,141,4,1.044
7167,CA-2021-117464,2021-07-22,2021-07-24,2,NP-18325,569,530,3,11.52
7168,CA-2021-117464,2021-07-22,2021-07-24,2,NP-18325,57,530,3,717.72
7169,CA-2021-117464,2021-07-22,2021-07-24,2,NP-18325,1343,530,3,236.5
7170,CA-2021-117464,2021-07-22,2021-07-24,2,NP-18325,383,530,3,170.352
9484,CA-2021-122679,2021-07-22,2021-07-28,6,AB-10255,531,495,4,19.68
483,CA-2021-127691,2021-07-22,2021-07-27,5,EM-14065,619,264,4,5.96
484,CA-2021-127691,2021-07-22,2021-07-27,5,EM-14065,1532,264,4,159.98
9675,US-2021-164644,2021-07-22,2021-07-24,2,JL-15850,1351,156,3,26.632
7411,CA-2021-103058,2021-07-23,2021-07-24,1,AG-10270,1487,263,2,99.98
9422,CA-2021-145254,2021-07-23,2021-07-27,4,NC-18535,1879,530,4,604.752
9423,CA-2021-145254,2021-07-23,2021-07-27,4,NC-18535,1458,530,4,40.7
9424,CA-2021-145254,2021-07-23,2021-07-27,4,NC-18535,1711,530,4,302.376
9425,CA-2021-145254,2021-07-23,2021-07-27,4,NC-18535,1503,530,4,45.0
373,US-2021-119137,2021-07-23,2021-07-27,4,AG-10900,839,460,4,8.16
374,US-2021-119137,2021-07-23,2021-07-27,4,AG-10900,1589,460,4,1023.936
375,US-2021-119137,2021-07-23,2021-07-27,4,AG-10900,574,460,4,9.24
376,US-2021-119137,2021-07-23,2021-07-27,4,AG-10900,1586,460,4,479.04
2505,CA-2021-143917,2021-07-25,2021-07-27,2,KL-16645,1358,530,3,53.72
2506,CA-2021-143917,2021-07-25,2021-07-27,2,KL-16645,1469,530,3,8187.65
2507,CA-2021-143917,2021-07-25,2021-07-27,2,KL-16645,302,530,3,77.92
3647,CA-2021-146528,2021-07-25,2021-07-27,2,VF-21715,1232,498,3,6.48
3648,CA-2021-146528,2021-07-25,2021-07-27,2,VF-21715,1452,498,3,15.52
7341,CA-2021-116190,2021-07-26,2021-08-01,6,SG-20470,115,370,4,67.88
7342,CA-2021-116190,2021-07-26,2021-08-01,6,SG-20470,973,370,4,162.89
7343,CA-2021-116190,2021-07-26,2021-08-01,6,SG-20470,168,370,4,25.71
3838,CA-2021-126760,2021-07-26,2021-08-02,7,KM-16720,1727,580,4,911.984
3839,CA-2021-126760,2021-07-26,2021-08-02,7,KM-16720,95,580,4,674.352
3840,CA-2021-126760,2021-07-26,2021-08-02,7,KM-16720,318,580,4,134.01
3841,CA-2021-126760,2021-07-26,2021-08-02,7,KM-16720,1534,580,4,170.97
6423,CA-2021-159121,2021-07-26,2021-08-01,6,JO-15145,1572,599,4,111.93
9775,CA-2021-169019,2021-07-26,2021-07-30,4,LF-17185,739,176,4,2177.584
9776,CA-2021-169019,2021-07-26,2021-07-30,4,LF-17185,164,176,4,17.496
9777,CA-2021-169019,2021-07-26,2021-07-30,4,LF-17185,755,176,4,16.784
9778,CA-2021-169019,2021-07-26,2021-07-30,4,LF-17185,1586,176,4,431.136
9779,CA-2021-169019,2021-07-26,2021-07-30,4,LF-17185,746,176,4,8.88
9780,CA-2021-169019,2021-07-26,2021-07-30,4,LF-17185,392,176,4,4.836
2344,US-2021-155894,2021-07-26,2021-07-30,4,CL-11890,1324,9,3,123.552
3866,CA-2021-124709,2021-07-27,2021-07-29,2,GW-14605,1626,530,3,238.0
8888,CA-2021-169642,2021-07-27,2021-07-30,3,BB-10990,1401,497,3,276.28
4580,US-2021-150126,2021-07-27,2021-08-02,6,AS-10045,1222,265,4,65.78
5687,CA-2021-131541,2021-07-28,2021-07-28,0,CK-12205,936,331,1,14.32
5688,CA-2021-131541,2021-07-28,2021-07-28,0,CK-12205,181,331,1,129.888
5689,CA-2021-131541,2021-07-28,2021-07-28,0,CK-12205,864,331,1,48.944
5162,CA-2021-111192,2021-07-30,2021-08-05,6,TS-21430,37,623,4,1367.84
1838,CA-2021-117345,2021-08-01,2021-08-05,4,BF-10975,1021,400,4,17.544
1839,CA-2021-117345,2021-08-01,2021-08-05,4,BF-10975,146,400,4,44.128
1840,CA-2021-117345,2021-08-01,2021-08-05,4,BF-10975,456,400,4,62.92
1841,CA-2021-117345,2021-08-01,2021-08-05,4,BF-10975,1178,400,4,78.304
2173,CA-2021-152296,2021-08-01,2021-08-03,2,IL-15100,855,530,2,19.752
2411,CA-2021-162684,2021-08-01,2021-08-06,5,AS-10630,915,302,4,5.68
6173,US-2021-106299,2021-08-02,2021-08-08,6,NZ-18565,835,108,4,26.7
6174,US-2021-106299,2021-08-02,2021-08-08,6,NZ-18565,1574,108,4,21.2
6175,US-2021-106299,2021-08-02,2021-08-08,6,NZ-18565,1412,108,4,838.38
856,CA-2021-125612,2021-08-03,2021-08-08,5,BK-11260,1143,265,4,39.96
857,CA-2021-125612,2021-08-03,2021-08-08,5,BK-11260,1445,265,4,102.3
858,CA-2021-125612,2021-08-03,2021-08-08,5,BK-11260,1419,265,4,21.36
3156,CA-2021-128986,2021-08-03,2021-08-05,2,GH-14410,1124,453,3,93.024
202,CA-2021-133690,2021-08-03,2021-08-05,2,BS-11755,344,556,2,218.75
203,CA-2021-133690,2021-08-03,2021-08-05,2,BS-11755,418,556,2,2.6
1376,CA-2021-126361,2021-08-04,2021-08-09,5,VD-21670,466,605,3,1089.75
1377,CA-2021-126361,2021-08-04,2021-08-09,5,VD-21670,1198,605,3,447.84
1378,CA-2021-126361,2021-08-04,2021-08-09,5,VD-21670,579,605,3,16.4
1379,CA-2021-126361,2021-08-04,2021-08-09,5,VD-21670,1821,605,3,399.96
1380,CA-2021-126361,2021-08-04,2021-08-09,5,VD-21670,1408,605,3,158.9
1381,CA-2021-126361,2021-08-04,2021-08-09,5,VD-21670,792,605,3,13.184
9157,CA-2021-134215,2021-08-04,2021-08-08,4,ML-17395,426,209,4,101.96
9158,CA-2021-134215,2021-08-04,2021-08-08,4,ML-17395,1099,209,4,259.74
9159,CA-2021-134215,2021-08-04,2021-08-08,4,ML-17395,1558,209,4,255.42
6457,CA-2021-110065,2021-08-05,2021-08-11,6,SP-20650,1832,262,4,135.99
6458,CA-2021-110065,2021-08-05,2021-08-11,6,SP-20650,508,262,4,15.96
172,CA-2021-118962,2021-08-05,2021-08-09,4,CS-12130,1032,494,4,20.94
173,CA-2021-118962,2021-08-05,2021-08-09,4,CS-12130,1175,494,4,110.96
174,CA-2021-118962,2021-08-05,2021-08-09,4,CS-12130,88,494,4,340.144
8894,CA-2021-124723,2021-08-05,2021-08-12,7,GZ-14470,382,178,4,489.23
5358,CA-2021-150490,2021-08-05,2021-08-11,6,SS-20590,1524,530,4,16.36
5359,CA-2021-150490,2021-08-05,2021-08-11,6,SS-20590,1321,530,4,15.78
5360,CA-2021-150490,2021-08-05,2021-08-11,6,SS-20590,523,530,4,45.98
5865,US-2021-117968,2021-08-05,2021-08-07,2,RS-19420,434,199,3,79.47
5866,US-2021-117968,2021-08-05,2021-08-07,2,RS-19420,508,199,3,4.56
5867,US-2021-117968,2021-08-05,2021-08-07,2,RS-19420,105,199,3,1133.35
3773,CA-2021-115357,2021-08-06,2021-08-11,5,RF-19735,1561,415,3,62.91
8544,CA-2021-137575,2021-08-06,2021-08-11,5,TB-21625,1533,265,4,199.98
5069,CA-2021-124478,2021-08-08,2021-08-12,4,MA-17560,1639,85,4,549.99
5070,CA-2021-124478,2021-08-08,2021-08-12,4,MA-17560,396,85,4,167.535
5071,CA-2021-124478,2021-08-08,2021-08-12,4,MA-17560,877,85,4,38.34
5072,CA-2021-124478,2021-08-08,2021-08-12,4,MA-17560,286,85,4,53.88
5073,CA-2021-124478,2021-08-08,2021-08-12,4,MA-17560,1801,85,4,299.98
595,CA-2021-131450,2021-08-08,2021-08-15,7,LR-16915,440,525,4,76.12
596,CA-2021-131450,2021-08-08,2021-08-15,7,LR-16915,1640,525,4,1199.976
597,CA-2021-131450,2021-08-08,2021-08-15,7,LR-16915,1706,525,4,445.96
598,CA-2021-131450,2021-08-08,2021-08-15,7,LR-16915,179,525,4,327.76
1466,CA-2021-151708,2021-08-08,2021-08-14,6,MB-17305,207,453,4,121.376
1467,CA-2021-151708,2021-08-08,2021-08-14,6,MB-17305,1610,453,4,95.976
2751,CA-2021-154669,2021-08-08,2021-08-11,3,TM-21010,1319,544,3,423.28
8955,CA-2021-156790,2021-08-08,2021-08-10,2,VG-21790,24,343,3,155.456
1741,CA-2021-110527,2021-08-09,2021-08-16,7,ED-13885,983,526,4,20.88
7070,CA-2021-141901,2021-08-09,2021-08-14,5,GM-14500,1065,482,4,5.98
7433,CA-2021-161249,2021-08-09,2021-08-13,4,RD-19720,954,456,4,4.464
7434,CA-2021-161249,2021-08-09,2021-08-13,4,RD-19720,689,456,4,9.345
3392,CA-2021-166471,2021-08-09,2021-08-13,4,MG-17650,1750,623,4,1091.168
3393,CA-2021-166471,2021-08-09,2021-08-13,4,MG-17650,1783,623,4,219.168
315,CA-2021-167850,2021-08-09,2021-08-16,7,AG-10525,1706,363,4,178.384
316,CA-2021-167850,2021-08-09,2021-08-16,7,AG-10525,1282,363,4,15.552
3629,CA-2021-169726,2021-08-09,2021-08-13,4,JH-15985,785,623,4,2060.744
1239,CA-2021-127012,2021-08-11,2021-08-15,4,GM-14680,221,624,4,12.35
1240,CA-2021-127012,2021-08-11,2021-08-15,4,GM-14680,626,624,4,40.97
1241,CA-2021-127012,2021-08-11,2021-08-15,4,GM-14680,956,624,4,22.96
3230,CA-2021-154641,2021-08-11,2021-08-16,5,KL-16645,1437,265,4,375.34
6769,CA-2021-109302,2021-08-12,2021-08-16,4,CS-12175,801,242,4,196.21
8244,CA-2021-109897,2021-08-12,2021-08-16,4,BW-11200,1736,530,4,806.336
8245,CA-2021-109897,2021-08-12,2021-08-16,4,BW-11200,294,530,4,85.44
8287,CA-2021-156244,2021-08-12,2021-08-16,4,DH-13675,1303,351,4,31.104
8288,CA-2021-156244,2021-08-12,2021-08-16,4,DH-13675,527,351,4,47.96
8289,CA-2021-156244,2021-08-12,2021-08-16,4,DH-13675,1558,351,4,158.928
8290,CA-2021-156244,2021-08-12,2021-08-16,4,DH-13675,395,351,4,211.248
8291,CA-2021-156244,2021-08-12,2021-08-16,4,DH-13675,1443,351,4,5.552
8292,CA-2021-156244,2021-08-12,2021-08-16,4,DH-13675,992,351,4,2.952
8995,CA-2021-109043,2021-08-15,2021-08-17,2,CS-12355,1221,341,2,91.36
8996,CA-2021-109043,2021-08-15,2021-08-17,2,CS-12355,440,341,2,152.24
3295,CA-2021-138023,2021-08-15,2021-08-18,3,KH-16510,743,140,2,30.96
6793,CA-2021-141005,2021-08-15,2021-08-18,3,CS-12355,805,197,2,62.94
1690,CA-2021-142839,2021-08-16,2021-08-20,4,TS-21610,357,305,4,853.092
2531,CA-2021-111500,2021-08-17,2021-08-21,4,DJ-13510,1192,326,4,114.2
2532,CA-2021-111500,2021-08-17,2021-08-21,4,DJ-13510,692,326,4,17.96
2533,CA-2021-111500,2021-08-17,2021-08-21,4,DJ-13510,931,326,4,12.67
2534,CA-2021-111500,2021-08-17,2021-08-21,4,DJ-13510,1548,326,4,339.96
2045,CA-2021-129168,2021-08-17,2021-08-23,6,KB-16585,1275,156,4,15.552
2340,CA-2021-121727,2021-08-19,2021-08-24,5,JK-15625,645,278,4,10.72
7003,CA-2021-133158,2021-08-19,2021-08-21,2,DW-13195,187,498,3,289.24
7004,CA-2021-133158,2021-08-19,2021-08-21,2,DW-13195,817,498,3,69.456
8246,US-2021-143581,2021-08-19,2021-08-23,4,BS-11365,1415,371,4,344.91
4089,US-2021-156559,2021-08-19,2021-08-26,7,LH-16900,21,325,4,638.82
2377,US-2021-164616,2021-08-19,2021-08-21,2,MS-17770,740,278,3,76.776
2378,US-2021-164616,2021-08-19,2021-08-21,2,MS-17770,1453,278,3,9.184
9733,CA-2021-114321,2021-08-20,2021-08-25,5,NC-18535,136,440,4,500.24
9734,CA-2021-114321,2021-08-20,2021-08-25,5,NC-18535,1091,440,4,20.12
9735,CA-2021-114321,2021-08-20,2021-08-25,5,NC-18535,742,440,4,896.99
5800,CA-2021-166716,2021-08-20,2021-08-25,5,CR-12730,78,8,3,421.372
4303,CA-2021-123253,2021-08-22,2021-08-25,3,DE-13255,546,286,3,3.912
8941,CA-2021-130918,2021-08-22,2021-08-24,2,JP-15520,1457,353,3,7.632
9366,US-2021-166828,2021-08-22,2021-08-25,3,JF-15415,1159,105,2,11.56
2338,CA-2021-110639,2021-08-23,2021-08-23,0,RH-19495,1263,262,1,25.92
2339,CA-2021-110639,2021-08-23,2021-08-23,0,RH-19495,1081,262,1,45.92
7020,CA-2021-124737,2021-08-23,2021-08-27,4,AP-10915,1243,556,4,15.552
7021,CA-2021-124737,2021-08-23,2021-08-27,4,AP-10915,1461,556,4,6.8
7022,CA-2021-124737,2021-08-23,2021-08-27,4,AP-10915,290,556,4,4.224
7023,CA-2021-124737,2021-08-23,2021-08-27,4,AP-10915,1748,556,4,143.64
7024,CA-2021-124737,2021-08-23,2021-08-27,4,AP-10915,1195,556,4,31.104
7025,CA-2021-124737,2021-08-23,2021-08-27,4,AP-10915,1256,556,4,223.056
6672,CA-2021-154837,2021-08-23,2021-08-27,4,RB-19645,749,496,3,49.568
8695,US-2021-112795,2021-08-23,2021-08-28,5,CR-12625,1262,71,3,19.44
3028,CA-2021-106719,2021-08-24,2021-08-24,0,RB-19645,819,573,1,8.288
3133,CA-2021-107916,2021-08-24,2021-08-26,2,JP-15460,250,267,2,13.28
3134,CA-2021-107916,2021-08-24,2021-08-26,2,JP-15460,834,267,2,12.672
5913,CA-2021-120432,2021-08-24,2021-08-26,2,DW-13585,1461,385,3,25.5
6579,CA-2021-103660,2021-08-25,2021-08-30,5,MW-18220,1845,623,4,1007.944
5944,CA-2021-104178,2021-08-25,2021-08-29,4,JM-15265,197,497,4,6.28
5945,CA-2021-104178,2021-08-25,2021-08-29,4,JM-15265,1604,497,4,95.1
5946,CA-2021-104178,2021-08-25,2021-08-29,4,JM-15265,1304,497,4,25.92
5947,CA-2021-104178,2021-08-25,2021-08-29,4,JM-15265,1389,497,4,48.84
8885,CA-2021-107398,2021-08-25,2021-08-30,5,BS-11590,839,278,4,6.528
8886,CA-2021-107398,2021-08-25,2021-08-30,5,BS-11590,793,278,4,2.862
8887,CA-2021-107398,2021-08-25,2021-08-30,5,BS-11590,716,278,4,20.856
114,CA-2021-115259,2021-08-25,2021-08-27,2,RC-19960,936,278,3,40.096
115,CA-2021-115259,2021-08-25,2021-08-27,2,RC-19960,895,278,3,4.72
116,CA-2021-115259,2021-08-25,2021-08-27,2,RC-19960,1184,278,3,23.976
117,CA-2021-115259,2021-08-25,2021-08-27,2,RC-19960,908,278,3,130.464
8459,CA-2021-126200,2021-08-25,2021-08-29,4,JE-15715,842,155,4,25.68
8460,CA-2021-126200,2021-08-25,2021-08-29,4,JE-15715,821,155,4,12.384
5334,CA-2021-103331,2021-08-26,2021-09-01,6,KB-16315,147,206,4,10.68
5335,CA-2021-103331,2021-08-26,2021-09-01,6,KB-16315,1245,206,4,17.34
5336,CA-2021-103331,2021-08-26,2021-09-01,6,KB-16315,1047,206,4,3.38
187,CA-2021-123260,2021-08-26,2021-08-30,4,FM-14290,1609,496,4,176.8
7823,US-2021-115413,2021-08-26,2021-09-01,6,PP-18955,592,206,4,8.64
7824,US-2021-115413,2021-08-26,2021-09-01,6,PP-18955,1593,206,4,149.97
6170,CA-2021-101266,2021-08-27,2021-08-30,3,MM-17920,1158,445,3,13.36
3483,CA-2021-124688,2021-08-27,2021-08-29,2,CC-12610,1762,445,2,579.95
3484,CA-2021-124688,2021-08-27,2021-08-29,2,CC-12610,282,445,2,29.12
3485,CA-2021-124688,2021-08-27,2021-08-29,2,CC-12610,346,445,2,1202.94
19,CA-2021-143336,2021-08-27,2021-09-01,5,ZD-21925,593,528,3,8.56
20,CA-2021-143336,2021-08-27,2021-09-01,5,ZD-21925,1743,528,3,213.48
21,CA-2021-143336,2021-08-27,2021-09-01,5,ZD-21925,845,528,3,22.72
1651,CA-2021-135699,2021-08-29,2021-08-29,0,HH-15010,1205,529,1,109.92
1652,CA-2021-135699,2021-08-29,2021-08-29,0,HH-15010,1254,529,1,13.36
1898,CA-2021-169775,2021-08-29,2021-09-02,4,RA-19945,881,350,3,29.808
1899,CA-2021-169775,2021-08-29,2021-09-02,4,RA-19945,736,350,3,505.176
1900,CA-2021-169775,2021-08-29,2021-09-02,4,RA-19945,329,350,3,174.0585
8461,CA-2021-146500,2021-08-30,2021-09-04,5,AT-10735,852,195,4,25.3
8462,CA-2021-146500,2021-08-30,2021-09-04,5,AT-10735,1350,195,4,95.94
3478,CA-2021-143385,2021-08-31,2021-09-05,5,SJ-20500,1515,589,4,92.52
8242,CA-2021-109855,2021-09-01,2021-09-05,4,LH-16900,844,262,4,23.744
8243,CA-2021-109855,2021-09-01,2021-09-05,4,LH-16900,1626,262,4,357.0
1162,CA-2021-126522,2021-09-01,2021-09-05,4,LT-16765,500,480,3,53.94
3194,CA-2021-165428,2021-09-01,2021-09-04,3,JL-15130,812,153,2,3.648
3195,CA-2021-165428,2021-09-01,2021-09-04,3,JL-15130,1289,153,2,31.104
9140,CA-2021-106971,2021-09-02,2021-09-08,6,BM-11785,1548,5,4,475.944
4404,CA-2021-127936,2021-09-02,2021-09-04,2,CL-12565,625,262,2,21.24
5029,CA-2021-151792,2021-09-02,2021-09-07,5,CV-12295,1545,10,3,239.976
9034,CA-2021-152268,2021-09-02,2021-09-07,5,SC-20095,742,323,4,1793.98
2925,CA-2021-157721,2021-09-02,2021-09-05,3,JM-16195,444,272,2,19.9
2926,CA-2021-157721,2021-09-02,2021-09-05,3,JM-16195,308,272,2,70.71
7289,CA-2021-158281,2021-09-02,2021-09-07,5,AG-10525,1660,156,4,559.71
4930,US-2021-138828,2021-09-02,2021-09-03,1,KD-16345,574,262,2,57.75
4931,US-2021-138828,2021-09-02,2021-09-03,1,KD-16345,1053,262,2,14.94
4986,CA-2021-125171,2021-09-03,2021-09-03,0,AG-10390,1005,262,1,14.4
8398,US-2021-120236,2021-09-03,2021-09-04,1,MR-17545,774,156,2,7.68
2516,CA-2021-106572,2021-09-05,2021-09-10,5,NP-18700,1338,275,4,264.32
5430,CA-2021-136861,2021-09-05,2021-09-07,2,PR-18880,303,363,2,31.984
6623,CA-2021-130449,2021-09-06,2021-09-09,3,VP-21760,217,528,2,41.88
6624,CA-2021-130449,2021-09-06,2021-09-09,3,VP-21760,1007,528,2,58.48
2718,CA-2021-100006,2021-09-07,2021-09-13,6,DK-13375,1714,264,4,377.97
5261,CA-2021-105165,2021-09-07,2021-09-10,3,SZ-20035,1824,153,2,196.776
5262,CA-2021-105165,2021-09-07,2021-09-10,3,SZ-20035,671,153,2,2.92
5263,CA-2021-105165,2021-09-07,2021-09-10,3,SZ-20035,379,153,2,200.795
5264,CA-2021-105165,2021-09-07,2021-09-10,3,SZ-20035,1486,153,2,46.688
5265,CA-2021-105165,2021-09-07,2021-09-10,3,SZ-20035,538,153,2,21.864
8367,CA-2021-109918,2021-09-07,2021-09-12,5,LR-17035,1446,537,3,27.36
8368,CA-2021-109918,2021-09-07,2021-09-12,5,LR-17035,1079,537,3,20.56
8369,CA-2021-109918,2021-09-07,2021-09-12,5,LR-17035,690,537,3,83.92
5979,CA-2021-117765,2021-09-07,2021-09-13,6,RB-19465,372,120,4,429.9
5980,CA-2021-117765,2021-09-07,2021-09-13,6,RB-19465,698,120,4,32.06
5981,CA-2021-117765,2021-09-07,2021-09-13,6,RB-19465,132,120,4,161.96
5982,CA-2021-117765,2021-09-07,2021-09-13,6,RB-19465,1322,120,4,19.86
1679,CA-2021-122882,2021-09-07,2021-09-13,6,SB-20290,1326,303,4,64.784
1680,CA-2021-122882,2021-09-07,2021-09-13,6,SB-20290,1892,303,4,32.382
1681,CA-2021-122882,2021-09-07,2021-09-13,6,SB-20290,171,303,4,42.368
1682,CA-2021-122882,2021-09-07,2021-09-13,6,SB-20290,1695,303,4,399.54
9479,CA-2021-126193,2021-09-07,2021-09-14,7,SS-20410,917,24,4,13.16
9480,CA-2021-126193,2021-09-07,2021-09-14,7,SS-20410,687,24,4,3.828
9481,CA-2021-126193,2021-09-07,2021-09-14,7,SS-20410,784,24,4,304.99
2646,CA-2021-131002,2021-09-07,2021-09-12,5,TB-21400,238,120,3,57.69
2647,CA-2021-131002,2021-09-07,2021-09-12,5,TB-21400,748,120,3,42.81
2648,CA-2021-131002,2021-09-07,2021-09-12,5,TB-21400,1272,120,3,12.96
2649,CA-2021-131002,2021-09-07,2021-09-12,5,TB-21400,144,120,3,821.88
2650,CA-2021-131002,2021-09-07,2021-09-12,5,TB-21400,1834,120,3,104.85
4850,CA-2021-107818,2021-09-08,2021-09-14,6,MC-17275,615,620,4,5.88
4851,CA-2021-107818,2021-09-08,2021-09-14,6,MC-17275,101,620,4,975.92
4852,CA-2021-107818,2021-09-08,2021-09-14,6,MC-17275,551,620,4,303.84
4853,CA-2021-107818,2021-09-08,2021-09-14,6,MC-17275,1327,620,4,485.88
4314,CA-2021-123127,2021-09-08,2021-09-12,4,SP-20620,417,259,4,16.78
4134,CA-2021-128839,2021-09-08,2021-09-13,5,TT-21070,919,439,4,45.0
4135,CA-2021-128839,2021-09-08,2021-09-13,5,TT-21070,1661,439,4,209.97
739,CA-2021-132500,2021-09-08,2021-09-12,4,GZ-14470,1546,529,4,49.98
165,CA-2021-139892,2021-09-08,2021-09-12,4,BM-11140,497,176,4,9.936
166,CA-2021-139892,2021-09-08,2021-09-12,4,BM-11140,1675,176,4,8159.952
167,CA-2021-139892,2021-09-08,2021-09-12,4,BM-11140,1415,176,4,275.928
168,CA-2021-139892,2021-09-08,2021-09-12,4,BM-11140,133,176,4,1740.06
169,CA-2021-139892,2021-09-08,2021-09-12,4,BM-11140,631,176,4,32.064
170,CA-2021-139892,2021-09-08,2021-09-12,4,BM-11140,472,176,4,177.98
171,CA-2021-139892,2021-09-08,2021-09-12,4,BM-11140,1776,176,4,143.976
9450,CA-2021-140032,2021-09-08,2021-09-13,5,TS-21340,661,528,4,8.608
5290,CA-2021-146283,2021-09-08,2021-09-15,7,KT-16465,1064,153,4,17.904
5291,CA-2021-146283,2021-09-08,2021-09-15,7,KT-16465,133,153,4,966.7
5292,CA-2021-146283,2021-09-08,2021-09-15,7,KT-16465,1092,153,4,182.112
8707,CA-2021-146815,2021-09-08,2021-09-13,5,PP-18955,84,262,4,172.764
8708,CA-2021-146815,2021-09-08,2021-09-13,5,PP-18955,606,262,4,3.52
1279,CA-2021-163293,2021-09-08,2021-09-11,3,KC-16255,1570,373,2,32.97
1280,CA-2021-163293,2021-09-08,2021-09-11,3,KC-16255,1561,373,2,83.88
3450,CA-2021-168592,2021-09-08,2021-09-14,6,DP-13390,449,529,4,56.65
3451,CA-2021-168592,2021-09-08,2021-09-14,6,DP-13390,1387,529,4,14.97
3452,CA-2021-168592,2021-09-08,2021-09-14,6,DP-13390,932,529,4,4.02
837,US-2021-115987,2021-09-08,2021-09-13,5,LH-17020,759,180,3,51.184
3597,CA-2021-102869,2021-09-09,2021-09-14,5,LC-17140,1283,304,3,15.552
3598,CA-2021-102869,2021-09-09,2021-09-14,5,LC-17140,1601,304,3,64.704
3599,CA-2021-102869,2021-09-09,2021-09-14,5,LC-17140,282,304,3,17.472
3600,CA-2021-102869,2021-09-09,2021-09-14,5,LC-17140,1842,304,3,135.516
8381,CA-2021-103527,2021-09-09,2021-09-14,5,CC-12220,1042,10,3,10.896
2671,CA-2021-126403,2021-09-09,2021-09-12,3,RR-19525,1175,226,3,166.44
2672,CA-2021-126403,2021-09-09,2021-09-12,3,RR-19525,73,226,3,785.88
2673,CA-2021-126403,2021-09-09,2021-09-12,3,RR-19525,1038,226,3,26.2
2674,CA-2021-126403,2021-09-09,2021-09-12,3,RR-19525,1430,226,3,1325.85
898,CA-2021-144407,2021-09-09,2021-09-15,6,MS-17365,957,69,4,103.6
7647,US-2021-115196,2021-09-09,2021-09-13,4,DL-12925,1642,407,4,1299.99
8017,US-2021-131870,2021-09-09,2021-09-11,2,NF-18595,285,287,2,60.672
8018,US-2021-131870,2021-09-09,2021-09-11,2,NF-18595,570,287,2,30.816
7982,CA-2021-113383,2021-09-10,2021-09-13,3,SF-20065,468,239,2,81.92
7983,CA-2021-113383,2021-09-10,2021-09-13,3,SF-20065,178,239,2,254.9
7525,CA-2021-125731,2021-09-10,2021-09-16,6,CL-12565,888,591,4,21.728
7526,CA-2021-125731,2021-09-10,2021-09-16,6,CL-12565,90,591,4,1487.04
5854,US-2021-138835,2021-09-10,2021-09-14,4,DA-13450,829,447,4,9.64
6312,CA-2021-112837,2021-09-11,2021-09-16,5,LW-17125,185,510,4,127.95
428,CA-2021-101476,2021-09-12,2021-09-13,1,SD-20485,1661,261,2,69.99
3285,CA-2021-103702,2021-09-12,2021-09-17,5,AF-10885,804,282,4,63.924
9426,CA-2021-116246,2021-09-12,2021-09-17,5,LW-17215,91,265,3,3785.292
705,CA-2021-138527,2021-09-12,2021-09-17,5,BN-11470,1294,398,4,10.368
706,CA-2021-138527,2021-09-12,2021-09-17,5,BN-11470,431,398,4,166.84
707,CA-2021-138527,2021-09-12,2021-09-17,5,BN-11470,1604,398,4,15.216
5449,US-2021-119081,2021-09-12,2021-09-19,7,TA-21385,1463,61,4,357.93
5450,US-2021-119081,2021-09-12,2021-09-19,7,TA-21385,1603,61,4,57.4
5451,US-2021-119081,2021-09-12,2021-09-19,7,TA-21385,738,61,4,331.96
5452,US-2021-119081,2021-09-12,2021-09-19,7,TA-21385,297,61,4,40.56
3161,US-2021-150924,2021-09-12,2021-09-16,4,PT-19090,847,155,3,5.18
5278,CA-2021-113859,2021-09-13,2021-09-17,4,BC-11125,132,167,4,340.116
6910,CA-2021-126277,2021-09-13,2021-09-18,5,LH-16900,667,278,3,2.502
926,CA-2021-132962,2021-09-13,2021-09-16,3,JM-15535,1253,305,2,15.552
927,CA-2021-132962,2021-09-13,2021-09-16,3,JM-15535,1496,305,2,252.0
3699,CA-2021-140039,2021-09-13,2021-09-17,4,ON-18715,1340,459,4,79.4
8651,CA-2021-142769,2021-09-13,2021-09-13,0,RP-19390,937,623,1,5.7
8652,CA-2021-142769,2021-09-13,2021-09-13,0,RP-19390,153,623,1,14.19
8653,CA-2021-142769,2021-09-13,2021-09-13,0,RP-19390,1462,623,1,7.3
8654,CA-2021-142769,2021-09-13,2021-09-13,0,RP-19390,1545,623,1,199.98
8655,CA-2021-142769,2021-09-13,2021-09-13,0,RP-19390,1579,623,1,144.96
8656,CA-2021-142769,2021-09-13,2021-09-13,0,RP-19390,1627,623,1,118.0
8657,CA-2021-142769,2021-09-13,2021-09-13,0,RP-19390,1207,623,1,48.94
8658,CA-2021-142769,2021-09-13,2021-09-13,0,RP-19390,449,623,1,22.66
2479,CA-2021-145212,2021-09-13,2021-09-19,6,DC-12850,572,263,4,5.46
231,US-2021-156216,2021-09-13,2021-09-17,4,EA-14035,746,400,4,18.648
492,CA-2021-113362,2021-09-14,2021-09-19,5,AJ-10960,1357,268,4,449.15
493,CA-2021-113362,2021-09-14,2021-09-19,5,AJ-10960,874,268,4,11.07
562,CA-2021-145576,2021-09-14,2021-09-18,4,CA-12775,474,367,3,13.0
563,CA-2021-145576,2021-09-14,2021-09-18,4,CA-12775,149,367,3,13.128
3623,CA-2021-159184,2021-09-14,2021-09-19,5,JC-15775,294,373,4,142.4
3624,CA-2021-159184,2021-09-14,2021-09-19,5,JC-15775,695,373,4,7.16
5125,CA-2021-160766,2021-09-14,2021-09-14,0,DM-13015,372,262,1,464.292
5126,CA-2021-160766,2021-09-14,2021-09-14,0,DM-13015,898,262,1,68.46
5127,CA-2021-160766,2021-09-14,2021-09-14,0,DM-13015,1644,262,1,2799.96
5128,CA-2021-160766,2021-09-14,2021-09-14,0,DM-13015,454,262,1,601.3
5129,CA-2021-160766,2021-09-14,2021-09-14,0,DM-13015,1875,262,1,16.99
5130,CA-2021-160766,2021-09-14,2021-09-14,0,DM-13015,1880,262,1,287.97
5131,CA-2021-160766,2021-09-14,2021-09-14,0,DM-13015,1247,262,1,44.82
175,US-2021-100853,2021-09-14,2021-09-19,5,JB-15400,471,9,4,52.448
176,US-2021-100853,2021-09-14,2021-09-19,5,JB-15400,1000,9,4,20.16
8433,US-2021-127635,2021-09-14,2021-09-18,4,SC-20260,939,139,3,6.048
8434,US-2021-127635,2021-09-14,2021-09-18,4,SC-20260,1162,139,3,6.848
8435,US-2021-127635,2021-09-14,2021-09-18,4,SC-20260,300,139,3,9.96
8436,US-2021-127635,2021-09-14,2021-09-18,4,SC-20260,827,139,3,8.552
7469,CA-2021-138100,2021-09-15,2021-09-20,5,AA-10315,1053,263,4,14.94
7470,CA-2021-138100,2021-09-15,2021-09-20,5,AA-10315,282,263,4,14.56
6491,CA-2021-149594,2021-09-15,2021-09-19,4,MF-18250,296,302,4,103.936
6295,CA-2021-141152,2021-09-16,2021-09-19,3,RF-19345,702,264,2,33.552
3925,CA-2021-103940,2021-09-17,2021-09-21,4,BN-11515,1342,623,4,30.28
3926,CA-2021-103940,2021-09-17,2021-09-21,4,BN-11515,1345,623,4,57.93
3927,CA-2021-103940,2021-09-17,2021-09-21,4,BN-11515,236,623,4,35.34
3928,CA-2021-103940,2021-09-17,2021-09-21,4,BN-11515,757,623,4,137.24
4764,CA-2021-112851,2021-09-17,2021-09-21,4,NR-18550,909,470,4,182.94
7598,CA-2021-131947,2021-09-17,2021-09-22,5,JA-15970,562,597,4,5.248
7599,CA-2021-131947,2021-09-17,2021-09-22,5,JA-15970,511,597,4,38.256
7600,CA-2021-131947,2021-09-17,2021-09-22,5,JA-15970,1091,597,4,40.24
7601,CA-2021-131947,2021-09-17,2021-09-22,5,JA-15970,1690,597,4,29.925
7602,CA-2021-131947,2021-09-17,2021-09-22,5,JA-15970,1227,597,4,148.704
7603,CA-2021-131947,2021-09-17,2021-09-22,5,JA-15970,1623,597,4,55.92
3282,US-2021-117170,2021-09-17,2021-09-24,7,KT-16465,1539,411,4,47.984
3283,US-2021-117170,2021-09-17,2021-09-24,7,KT-16465,1187,411,4,4.624
879,US-2021-158638,2021-09-17,2021-09-21,4,AG-10765,664,302,4,5.892
4128,CA-2021-127299,2021-09-19,2021-09-24,5,JL-15835,1391,400,4,67.344
4129,CA-2021-127299,2021-09-19,2021-09-24,5,JL-15835,1663,400,4,2624.985
7378,CA-2021-132787,2021-09-19,2021-09-23,4,MC-18130,1334,625,4,92.52
9041,CA-2021-138177,2021-09-19,2021-09-24,5,ND-18460,361,451,4,73.915
323,CA-2021-156601,2021-09-19,2021-09-24,5,FA-14230,933,493,4,7.16
8575,CA-2021-159849,2021-09-19,2021-09-19,0,JK-15640,939,529,1,5.67
4251,CA-2021-168130,2021-09-19,2021-09-19,0,BS-11365,109,263,1,887.103
263,US-2021-106992,2021-09-19,2021-09-21,2,SB-20290,1675,153,3,3059.982
264,US-2021-106992,2021-09-19,2021-09-21,2,SB-20290,1701,153,3,2519.958
8867,CA-2021-120411,2021-09-20,2021-09-23,3,SB-20185,9,10,2,493.43
8868,CA-2021-120411,2021-09-20,2021-09-23,3,SB-20185,1851,10,2,11.12
9394,CA-2021-125997,2021-09-20,2021-09-23,3,MW-18220,1813,263,2,629.95
9395,CA-2021-125997,2021-09-20,2021-09-23,3,MW-18220,75,263,2,631.782
9396,CA-2021-125997,2021-09-20,2021-09-23,3,MW-18220,17,263,2,801.568
9397,CA-2021-125997,2021-09-20,2021-09-23,3,MW-18220,973,263,2,75.18
9398,CA-2021-125997,2021-09-20,2021-09-23,3,MW-18220,430,263,2,30.98
9399,CA-2021-125997,2021-09-20,2021-09-23,3,MW-18220,1828,263,2,1349.91
8956,CA-2021-126480,2021-09-20,2021-09-24,4,HG-14965,1162,525,4,8.56
4241,CA-2021-133704,2021-09-20,2021-09-26,6,MA-17995,477,494,4,43.92
4242,CA-2021-133704,2021-09-20,2021-09-26,6,MA-17995,788,494,4,20.232
2218,CA-2021-151953,2021-09-20,2021-09-25,5,DB-13555,606,343,4,2.816
794,CA-2021-156433,2021-09-20,2021-09-26,6,ES-14020,988,529,4,9.96
795,CA-2021-156433,2021-09-20,2021-09-26,6,ES-14020,1128,529,4,21.72
5237,CA-2021-166744,2021-09-20,2021-09-24,4,DN-13690,154,213,4,164.22
5238,CA-2021-166744,2021-09-20,2021-09-24,4,DN-13690,31,213,4,362.94
5239,CA-2021-166744,2021-09-20,2021-09-24,4,DN-13690,1522,213,4,59.98
126,US-2021-134614,2021-09-20,2021-09-25,5,PF-19165,335,3,4,617.7
7103,CA-2021-117478,2021-09-21,2021-09-24,3,LH-16750,671,304,2,6.57
9050,CA-2021-124513,2021-09-21,2021-09-25,4,SL-20155,514,263,4,66.03
2791,CA-2021-125514,2021-09-21,2021-09-22,1,BM-11650,435,112,2,25.96
2792,CA-2021-125514,2021-09-21,2021-09-22,1,BM-11650,392,112,2,36.27
2793,CA-2021-125514,2021-09-21,2021-09-22,1,BM-11650,1298,112,2,6.48
3162,CA-2021-153969,2021-09-21,2021-09-25,4,HF-14995,900,528,4,15.56
3163,CA-2021-153969,2021-09-21,2021-09-25,4,HF-14995,862,528,4,78.35
3164,CA-2021-153969,2021-09-21,2021-09-25,4,HF-14995,591,528,4,59.52
3165,CA-2021-153969,2021-09-21,2021-09-25,4,HF-14995,1238,528,4,38.52
3166,CA-2021-153969,2021-09-21,2021-09-25,4,HF-14995,1840,528,4,239.984
3167,CA-2021-153969,2021-09-21,2021-09-25,4,HF-14995,1127,528,4,19.35
4235,CA-2021-168823,2021-09-21,2021-09-24,3,MA-17560,1123,305,2,11.352
4236,CA-2021-168823,2021-09-21,2021-09-24,3,MA-17560,1026,305,2,20.808
392,US-2021-135972,2021-09-21,2021-09-23,2,JG-15115,1810,613,3,246.384
393,US-2021-135972,2021-09-21,2021-09-23,2,JG-15115,1633,613,3,1799.97
5305,US-2021-166310,2021-09-21,2021-09-23,2,JS-15940,180,148,2,8.544
5725,CA-2021-103191,2021-09-22,2021-09-27,5,VG-21805,1401,10,4,331.536
964,CA-2021-127488,2021-09-22,2021-09-24,2,MS-17365,1014,332,3,4.608
9656,CA-2021-156160,2021-09-22,2021-09-29,7,AS-10090,158,265,4,97.44
9657,CA-2021-156160,2021-09-22,2021-09-29,7,AS-10090,713,265,4,3.984
9658,CA-2021-156160,2021-09-22,2021-09-29,7,AS-10090,492,265,4,13.04
9659,CA-2021-156160,2021-09-22,2021-09-29,7,AS-10090,127,265,4,579.528
8233,CA-2021-158225,2021-09-22,2021-09-28,6,SE-20110,1366,532,4,169.45
8234,CA-2021-158225,2021-09-22,2021-09-28,6,SE-20110,1431,532,4,40.68
7483,CA-2021-113964,2021-09-23,2021-09-30,7,JP-16135,676,263,4,18.464
4097,CA-2021-116904,2021-09-23,2021-09-28,5,SC-20095,1290,93,4,32.4
4098,CA-2021-116904,2021-09-23,2021-09-28,5,SC-20095,1327,93,4,404.9
4099,CA-2021-116904,2021-09-23,2021-09-28,5,SC-20095,783,93,4,9449.95
4100,CA-2021-116904,2021-09-23,2021-09-28,5,SC-20095,747,93,4,12.94
5641,CA-2021-147900,2021-09-23,2021-09-28,5,JK-15640,1061,286,4,28.8
6945,CA-2021-148369,2021-09-23,2021-09-27,4,TH-21115,853,206,4,11.12
3608,CA-2021-163559,2021-09-23,2021-09-28,5,ST-20530,674,265,3,139.44
9291,CA-2021-163650,2021-09-23,2021-09-25,2,TT-21220,604,205,2,9.84
9292,CA-2021-163650,2021-09-23,2021-09-25,2,TT-21220,781,205,2,34.5
3352,US-2021-134733,2021-09-23,2021-09-28,5,BM-11650,37,526,4,435.999
3353,US-2021-134733,2021-09-23,2021-09-28,5,BM-11650,1893,526,4,83.984
366,CA-2021-123344,2021-09-24,2021-09-29,5,JD-16060,1368,528,4,211.96
7050,CA-2021-141355,2021-09-25,2021-09-30,5,BF-11005,538,552,4,14.576
2825,US-2021-112914,2021-09-25,2021-09-30,5,MT-18070,1220,154,4,33.792
2826,US-2021-112914,2021-09-25,2021-09-30,5,MT-18070,33,154,4,300.5328
2827,US-2021-112914,2021-09-25,2021-09-30,5,MT-18070,701,154,4,2.724
2828,US-2021-112914,2021-09-25,2021-09-30,5,MT-18070,891,154,4,3.264
9621,CA-2021-115133,2021-09-26,2021-09-30,4,DA-13450,457,287,4,16.704
9622,CA-2021-115133,2021-09-26,2021-09-30,4,DA-13450,1563,287,4,3.152
9623,CA-2021-115133,2021-09-26,2021-09-30,4,DA-13450,1079,287,4,32.896
2906,CA-2021-127586,2021-09-26,2021-09-30,4,CS-12400,1337,625,4,310.12
5469,CA-2021-132451,2021-09-26,2021-09-27,1,KF-16285,101,527,2,585.552
5470,CA-2021-132451,2021-09-26,2021-09-27,1,KF-16285,1290,527,2,19.44
8050,CA-2021-144974,2021-09-26,2021-09-30,4,CM-12715,682,304,4,5.97
8051,CA-2021-144974,2021-09-26,2021-09-30,4,CM-12715,162,304,4,21.184
8052,CA-2021-144974,2021-09-26,2021-09-30,4,CM-12715,394,304,4,41.376
2543,CA-2021-164385,2021-09-26,2021-10-01,5,NB-18580,406,303,3,143.952
1360,US-2021-151925,2021-09-26,2021-10-01,5,KT-16465,113,499,3,145.568
2107,US-2021-152723,2021-09-26,2021-09-26,0,HG-14965,651,165,1,0.876
314,CA-2021-120887,2021-09-27,2021-10-03,6,TS-21205,190,241,4,87.54
3313,US-2021-133130,2021-09-27,2021-10-01,4,TH-21100,52,526,4,603.92
3314,US-2021-133130,2021-09-27,2021-10-01,4,TH-21100,1181,526,4,81.98
1325,CA-2021-107153,2021-09-28,2021-10-03,5,GZ-14545,1334,224,4,46.26
9042,CA-2021-114335,2021-09-28,2021-10-03,5,XP-21865,184,341,4,337.088
1731,CA-2021-125136,2021-09-28,2021-10-03,5,KD-16495,1126,403,4,96.256
1732,CA-2021-125136,2021-09-28,2021-10-03,5,KD-16495,1215,403,4,10.688
9730,CA-2021-111962,2021-09-29,2021-10-04,5,EB-14170,765,625,4,10.048
9731,CA-2021-111962,2021-09-29,2021-10-04,5,EB-14170,1364,625,4,807.75
4052,CA-2021-122931,2021-09-29,2021-10-03,4,SM-20950,606,303,4,4.224
4053,CA-2021-122931,2021-09-29,2021-10-03,4,SM-20950,362,303,4,409.272
4054,CA-2021-122931,2021-09-29,2021-10-03,4,SM-20950,1019,303,4,55.44
4055,CA-2021-122931,2021-09-29,2021-10-03,4,SM-20950,1100,303,4,20.928
4056,CA-2021-122931,2021-09-29,2021-10-03,4,SM-20950,1437,303,4,1801.632
4057,CA-2021-122931,2021-09-29,2021-10-03,4,SM-20950,363,303,4,67.176
5796,CA-2021-124856,2021-09-29,2021-10-03,4,LD-17005,1337,263,3,1395.54
5797,CA-2021-124856,2021-09-29,2021-10-03,4,LD-17005,295,263,3,117.36
5798,CA-2021-124856,2021-09-29,2021-10-03,4,LD-17005,967,263,3,18.9
5799,CA-2021-124856,2021-09-29,2021-10-03,4,LD-17005,1124,263,3,77.52
5626,CA-2021-126683,2021-09-29,2021-10-01,2,PP-18955,270,625,3,6.16
5627,CA-2021-126683,2021-09-29,2021-10-01,2,PP-18955,337,625,3,2348.82
1142,CA-2021-146969,2021-09-29,2021-10-03,4,AP-10915,273,498,4,204.6
1143,CA-2021-146969,2021-09-29,2021-10-03,4,AP-10915,953,498,4,8.72
1144,CA-2021-146969,2021-09-29,2021-10-03,4,AP-10915,1297,498,4,6.48
1145,CA-2021-146969,2021-09-29,2021-10-03,4,AP-10915,1694,498,4,686.32
1146,CA-2021-146969,2021-09-29,2021-10-03,4,AP-10915,1355,498,4,62.18
1791,CA-2021-102008,2021-09-30,2021-10-04,4,RA-19915,1116,263,4,48.94
3048,CA-2021-137351,2021-09-30,2021-10-04,4,DB-13615,721,624,4,43.176
2335,CA-2021-140886,2021-09-30,2021-10-04,4,KW-16570,447,424,4,69.216
7398,CA-2021-141649,2021-09-30,2021-09-30,0,DM-12955,424,282,1,795.408
3284,CA-2021-159478,2021-09-30,2021-10-06,6,MH-17785,279,265,4,15.24
2106,US-2021-167633,2021-09-30,2021-10-05,5,BW-11200,1290,333,4,15.552
8706,US-2021-132745,2021-10-01,2021-10-05,4,NF-18475,951,581,4,4.71
3223,CA-2021-108189,2021-10-02,2021-10-05,3,ES-14080,1034,459,2,9.408
3224,CA-2021-108189,2021-10-02,2021-10-05,3,ES-14080,941,459,2,4.672
3225,CA-2021-108189,2021-10-02,2021-10-05,3,ES-14080,1739,459,2,318.4
3226,CA-2021-108189,2021-10-02,2021-10-05,3,ES-14080,883,459,2,12.768
3227,CA-2021-108189,2021-10-02,2021-10-05,3,ES-14080,1480,459,2,15.36
3228,CA-2021-108189,2021-10-02,2021-10-05,3,ES-14080,1849,459,2,230.376
3229,CA-2021-108189,2021-10-02,2021-10-05,3,ES-14080,1517,459,2,7.16
5600,CA-2021-108903,2021-10-03,2021-10-03,0,DO-13435,550,278,1,55.984
5601,CA-2021-108903,2021-10-03,2021-10-03,0,DO-13435,875,278,1,14.48
5602,CA-2021-108903,2021-10-03,2021-10-03,0,DO-13435,1525,278,1,142.488
8218,CA-2021-120775,2021-10-03,2021-10-07,4,RD-19930,931,141,4,4.344
8219,CA-2021-120775,2021-10-03,2021-10-07,4,RD-19930,171,141,4,31.776
8220,CA-2021-120775,2021-10-03,2021-10-07,4,RD-19930,1025,141,4,4.928
8221,CA-2021-120775,2021-10-03,2021-10-07,4,RD-19930,688,141,4,1.788
8222,CA-2021-120775,2021-10-03,2021-10-07,4,RD-19930,951,141,4,15.072
1351,CA-2021-153976,2021-10-03,2021-10-08,5,BP-11290,71,15,3,258.279
2275,CA-2021-157882,2021-10-03,2021-10-08,5,AR-10405,340,497,3,143.432
2276,CA-2021-157882,2021-10-03,2021-10-08,5,AR-10405,63,497,3,122.352
4877,US-2021-155817,2021-10-03,2021-10-09,6,SL-20155,1319,402,4,61.568
4878,US-2021-155817,2021-10-03,2021-10-09,6,SL-20155,532,402,4,6.192
4948,CA-2021-102085,2021-10-04,2021-10-09,5,JD-16015,1010,625,4,29.24
2724,CA-2021-153479,2021-10-04,2021-10-08,4,DF-13135,1003,545,4,14.45
2725,CA-2021-153479,2021-10-04,2021-10-08,4,DF-13135,762,545,4,95.648
6440,CA-2021-166891,2021-10-04,2021-10-06,2,CC-12220,123,264,2,589.41
6805,CA-2021-152233,2021-10-05,2021-10-06,1,KH-16510,1593,513,2,99.98
6020,CA-2021-152422,2021-10-05,2021-10-10,5,BD-11635,409,278,3,91.92
8830,CA-2021-109680,2021-10-06,2021-10-09,3,VP-21760,1360,40,2,386.34
6356,CA-2021-110611,2021-10-06,2021-10-13,7,JD-16015,1434,302,4,83.92
5418,CA-2021-132542,2021-10-06,2021-10-08,2,AM-10360,774,112,3,15.36
482,CA-2021-134677,2021-10-06,2021-10-10,4,XP-21865,1508,525,4,9.09
724,CA-2021-117429,2021-10-07,2021-10-13,6,MR-17545,296,304,4,129.92
3827,CA-2021-132801,2021-10-07,2021-10-12,5,JG-15805,1358,141,4,107.44
8853,CA-2021-119977,2021-10-08,2021-10-13,5,DN-13690,1236,263,3,123.92
7677,CA-2021-142951,2021-10-08,2021-10-08,0,JG-15115,1562,400,1,23.472
7153,CA-2021-137911,2021-10-09,2021-10-15,6,BP-11095,1060,409,4,88.768
9459,CA-2021-138240,2021-10-09,2021-10-14,5,SJ-20500,521,530,4,144.6
9460,CA-2021-138240,2021-10-09,2021-10-14,5,SJ-20500,1890,530,4,15.992
7546,CA-2021-103492,2021-10-10,2021-10-15,5,CM-12715,1801,157,4,719.952
7547,CA-2021-103492,2021-10-10,2021-10-15,5,CM-12715,1740,157,4,755.944
7548,CA-2021-103492,2021-10-10,2021-10-15,5,CM-12715,750,157,4,11.98
7549,CA-2021-103492,2021-10-10,2021-10-15,5,CM-12715,693,157,4,0.898
4533,CA-2021-140403,2021-10-10,2021-10-10,0,TN-21040,63,500,1,122.352
4534,CA-2021-140403,2021-10-10,2021-10-10,0,TN-21040,865,500,1,15.28
6679,CA-2021-150329,2021-10-10,2021-10-14,4,SD-20485,324,456,4,46.872
8873,US-2021-105137,2021-10-10,2021-10-10,0,RB-19435,1670,278,1,101.994
8874,US-2021-105137,2021-10-10,2021-10-10,0,RB-19435,804,278,1,18.264
9275,US-2021-134054,2021-10-10,2021-10-10,0,FC-14335,539,583,1,255.85
5928,CA-2021-114314,2021-10-11,2021-10-15,4,DB-13555,1021,323,4,7.31
5929,CA-2021-114314,2021-10-11,2021-10-15,4,DB-13555,223,323,4,8.92
4001,CA-2021-116834,2021-10-11,2021-10-16,5,Dp-13240,167,625,4,63.47
4002,CA-2021-116834,2021-10-11,2021-10-16,5,Dp-13240,1625,625,4,345.0
6215,CA-2021-128538,2021-10-11,2021-10-15,4,AS-10240,865,517,4,7.64
4168,CA-2021-157924,2021-10-11,2021-10-13,2,HA-14920,1374,511,2,31.92
4169,CA-2021-157924,2021-10-11,2021-10-13,2,HA-14920,65,511,2,433.568
3266,US-2021-126571,2021-10-11,2021-10-15,4,JF-15565,1354,302,4,281.904
3267,US-2021-126571,2021-10-11,2021-10-15,4,JF-15565,868,302,4,201.432
82,CA-2021-139451,2021-10-12,2021-10-16,4,DN-13690,619,530,4,14.9
83,CA-2021-139451,2021-10-12,2021-10-16,4,DN-13690,1413,530,4,21.39
9440,US-2021-154655,2021-10-12,2021-10-17,5,BP-11050,1451,9,4,22.24
6322,CA-2021-123316,2021-10-13,2021-10-17,4,SP-20545,815,260,4,7.752
9111,CA-2021-132010,2021-10-13,2021-10-15,2,MA-17995,887,443,2,36.4
9112,CA-2021-132010,2021-10-13,2021-10-15,2,MA-17995,1603,443,2,22.96
9113,CA-2021-132010,2021-10-13,2021-10-15,2,MA-17995,1416,443,2,315.2
9114,CA-2021-132010,2021-10-13,2021-10-15,2,MA-17995,852,443,2,15.18
810,CA-2021-151995,2021-10-13,2021-10-15,2,ZC-21910,569,614,2,11.52
811,CA-2021-151995,2021-10-13,2021-10-15,2,ZC-21910,339,614,2,1298.55
812,CA-2021-151995,2021-10-13,2021-10-15,2,ZC-21910,410,614,2,213.92
813,CA-2021-151995,2021-10-13,2021-10-15,2,ZC-21910,1611,614,2,25.78
5592,CA-2021-164742,2021-10-13,2021-10-18,5,ML-17395,71,242,3,245.98
5593,CA-2021-164742,2021-10-13,2021-10-18,5,ML-17395,733,242,3,18.94
9634,CA-2021-151330,2021-10-14,2021-10-17,3,TC-21295,1627,221,2,177.0
9635,CA-2021-151330,2021-10-14,2021-10-17,3,TC-21295,1411,221,2,79.45
9636,CA-2021-151330,2021-10-14,2021-10-17,3,TC-21295,124,221,2,1628.82
5756,CA-2021-163748,2021-10-14,2021-10-18,4,HG-15025,463,146,4,3.16
5757,CA-2021-163748,2021-10-14,2021-10-18,4,HG-15025,1637,146,4,1999.96
4906,US-2021-146353,2021-10-14,2021-10-16,2,JE-15610,691,232,3,22.92
4907,US-2021-146353,2021-10-14,2021-10-16,2,JE-15610,1348,232,3,269.9
9064,US-2021-151015,2021-10-14,2021-10-20,6,BD-11500,1217,10,4,322.192
9065,US-2021-151015,2021-10-14,2021-10-20,6,BD-11500,807,10,4,2.946
9066,US-2021-151015,2021-10-14,2021-10-20,6,BD-11500,1165,10,4,19.136
2695,CA-2021-143182,2021-10-15,2021-10-20,5,DL-12865,238,340,4,15.384
4898,US-2021-122021,2021-10-15,2021-10-17,2,AC-10660,73,293,2,183.372
4899,US-2021-122021,2021-10-15,2021-10-17,2,AC-10660,1157,293,2,7.968
5886,US-2021-109456,2021-10-16,2021-10-17,1,LS-17245,694,529,1,14.352
5887,US-2021-109456,2021-10-16,2021-10-17,1,LS-17245,1549,529,1,179.97
9558,CA-2021-103086,2021-10-17,2021-10-19,2,EB-14170,250,156,3,5.312
6874,CA-2021-124394,2021-10-17,2021-10-22,5,TB-21520,766,130,3,10.78
6875,CA-2021-124394,2021-10-17,2021-10-22,5,TB-21520,1487,130,3,119.976
1976,CA-2021-110408,2021-10-18,2021-10-20,2,AS-10225,1367,320,3,275.97
1977,CA-2021-110408,2021-10-18,2021-10-20,2,AS-10225,1732,320,3,1394.95
1978,CA-2021-110408,2021-10-18,2021-10-20,2,AS-10225,89,320,3,545.88
5234,CA-2021-115084,2021-10-18,2021-10-22,4,LS-17200,130,330,4,605.34
5110,CA-2021-138450,2021-10-18,2021-10-22,4,EH-13765,912,303,4,52.512
5111,CA-2021-138450,2021-10-18,2021-10-22,4,EH-13765,1339,303,4,186.912
5112,CA-2021-138450,2021-10-18,2021-10-22,4,EH-13765,1030,303,4,10.048
7117,CA-2021-143168,2021-10-18,2021-10-23,5,IG-15085,1188,623,3,61.96
7118,CA-2021-143168,2021-10-18,2021-10-23,5,IG-15085,720,623,3,1.344
9462,CA-2021-100867,2021-10-19,2021-10-24,5,EH-14125,1856,491,4,321.552
1594,CA-2021-117317,2021-10-19,2021-10-19,0,JF-15490,1103,496,1,13.44
9338,CA-2021-155264,2021-10-19,2021-10-22,3,RP-19270,669,529,3,2.992
9339,CA-2021-155264,2021-10-19,2021-10-22,3,RP-19270,681,529,3,20.064
9340,CA-2021-155264,2021-10-19,2021-10-22,3,RP-19270,1179,529,3,146.73
9341,CA-2021-155264,2021-10-19,2021-10-22,3,RP-19270,968,529,3,18.75
9342,CA-2021-155264,2021-10-19,2021-10-22,3,RP-19270,1823,529,3,117.576
6554,CA-2021-137092,2021-10-20,2021-10-22,2,LS-16975,1545,10,3,319.968
6555,CA-2021-137092,2021-10-20,2021-10-22,2,LS-16975,1312,10,3,505.32
6556,CA-2021-137092,2021-10-20,2021-10-22,2,LS-16975,1137,10,3,3.808
6557,CA-2021-137092,2021-10-20,2021-10-22,2,LS-16975,817,10,3,8.682
6558,CA-2021-137092,2021-10-20,2021-10-22,2,LS-16975,959,10,3,24.424
47,CA-2021-146703,2021-10-20,2021-10-25,5,PO-18865,1368,86,3,211.96
6537,CA-2021-169684,2021-10-20,2021-10-23,3,FH-14365,376,430,2,328.59
6538,CA-2021-169684,2021-10-20,2021-10-23,3,FH-14365,1331,430,2,98.352
7572,CA-2021-100916,2021-10-21,2021-10-26,5,FH-14275,1339,442,4,194.7
7573,CA-2021-100916,2021-10-21,2021-10-26,5,FH-14275,361,442,4,591.32
7574,CA-2021-100916,2021-10-21,2021-10-26,5,FH-14275,624,442,4,2.84
1889,CA-2021-142587,2021-10-21,2021-10-22,1,TB-21520,440,282,2,121.792
1890,CA-2021-142587,2021-10-21,2021-10-22,1,TB-21520,368,282,2,409.59
6299,CA-2021-169852,2021-10-21,2021-10-26,5,SF-20965,802,525,4,36.36
147,CA-2021-110072,2021-10-22,2021-10-28,6,MG-17680,295,292,4,93.888
7665,CA-2021-151967,2021-10-22,2021-10-26,4,NB-18580,311,387,4,129.92
2530,CA-2021-108707,2021-10-24,2021-10-29,5,DB-12910,1283,339,4,10.368
3745,CA-2021-113047,2021-10-24,2021-10-24,0,AP-10915,918,419,1,11.85
3008,CA-2021-130729,2021-10-24,2021-10-29,5,AA-10375,696,514,4,34.272
7709,CA-2021-139542,2021-10-25,2021-10-29,4,EH-14185,1568,302,4,40.776
7710,CA-2021-139542,2021-10-25,2021-10-29,4,EH-14185,770,302,4,13.698
6129,US-2021-158400,2021-10-25,2021-10-28,3,AH-10030,771,528,2,49.408
4305,CA-2021-162278,2021-10-26,2021-10-30,4,AH-10585,310,624,3,63.92
4306,CA-2021-162278,2021-10-26,2021-10-30,4,AH-10585,1880,624,3,383.96
9418,CA-2021-148285,2021-10-27,2021-11-01,5,RD-19810,1269,403,4,10.368
9419,CA-2021-148285,2021-10-27,2021-11-01,5,RD-19810,1053,403,4,11.952
3843,CA-2021-101931,2021-10-28,2021-10-31,3,TS-21370,693,499,2,7.184
3844,CA-2021-101931,2021-10-28,2021-10-31,3,TS-21370,1476,499,2,6.28
3845,CA-2021-101931,2021-10-28,2021-10-31,3,TS-21370,1474,499,2,480.74
3846,CA-2021-101931,2021-10-28,2021-10-31,3,TS-21370,31,499,2,616.998
3847,CA-2021-101931,2021-10-28,2021-10-31,3,TS-21370,1344,499,2,141.4
7371,CA-2021-107769,2021-10-28,2021-11-01,4,BT-11395,1760,59,4,257.98
488,CA-2021-154627,2021-10-29,2021-10-31,2,SA-20830,1727,8,2,2735.952
9546,CA-2021-166590,2021-10-29,2021-11-02,4,NC-18625,1556,37,4,1.98
9547,CA-2021-166590,2021-10-29,2021-11-02,4,NC-18625,1092,37,4,75.88
2060,CA-2021-106439,2021-10-31,2021-11-04,4,GG-14650,946,499,4,11.34
2061,CA-2021-106439,2021-10-31,2021-11-04,4,GG-14650,1377,499,4,80.3
2062,CA-2021-106439,2021-10-31,2021-11-04,4,GG-14650,684,499,4,15.968
2063,CA-2021-106439,2021-10-31,2021-11-04,4,GG-14650,1218,499,4,64.74
2064,CA-2021-106439,2021-10-31,2021-11-04,4,GG-14650,732,499,4,19.296
2065,CA-2021-106439,2021-10-31,2021-11-04,4,GG-14650,1436,499,4,405.64
2066,CA-2021-106439,2021-10-31,2021-11-04,4,GG-14650,116,499,4,146.352
2067,CA-2021-106439,2021-10-31,2021-11-04,4,GG-14650,1566,499,4,251.91
2068,CA-2021-106439,2021-10-31,2021-11-04,4,GG-14650,575,499,4,12.39
6640,CA-2021-108609,2021-10-31,2021-11-02,2,AJ-10780,366,288,3,1421.664
4204,CA-2021-145387,2021-10-31,2021-11-02,2,AM-10705,552,308,3,49.25
4205,CA-2021-145387,2021-10-31,2021-11-02,2,AM-10705,1085,308,3,10.16
4206,CA-2021-145387,2021-10-31,2021-11-02,2,AM-10705,216,308,3,14.76
4207,CA-2021-145387,2021-10-31,2021-11-02,2,AM-10705,763,308,3,34.08
4208,CA-2021-145387,2021-10-31,2021-11-02,2,AM-10705,228,308,3,17.67
4209,CA-2021-145387,2021-10-31,2021-11-02,2,AM-10705,110,308,3,1604.9
4210,CA-2021-145387,2021-10-31,2021-11-02,2,AM-10705,354,308,3,385.686
8304,US-2021-120313,2021-10-31,2021-11-02,2,NL-18310,1804,529,3,73.584
4772,US-2021-167262,2021-10-31,2021-11-03,3,AC-10450,1836,449,3,742.336
4066,CA-2021-102673,2021-11-01,2021-11-05,4,KH-16630,947,400,4,7.52
4067,CA-2021-102673,2021-11-01,2021-11-05,4,KH-16630,570,400,4,10.272
4068,CA-2021-102673,2021-11-01,2021-11-05,4,KH-16630,1004,400,4,47.808
4069,CA-2021-102673,2021-11-01,2021-11-05,4,KH-16630,1742,400,4,978.84
4159,CA-2021-126907,2021-11-01,2021-11-08,7,SM-20950,1100,8,4,15.696
806,CA-2021-134313,2021-11-01,2021-11-07,6,RA-19915,554,556,4,43.176
807,CA-2021-134313,2021-11-01,2021-11-07,6,RA-19915,1753,556,4,1983.968
8389,CA-2021-139423,2021-11-01,2021-11-05,4,DG-13300,440,246,4,76.12
2832,CA-2021-148915,2021-11-01,2021-11-05,4,ND-18370,1329,594,4,443.92
2833,CA-2021-148915,2021-11-01,2021-11-05,4,ND-18370,1838,594,4,155.976
4828,CA-2021-152562,2021-11-01,2021-11-08,7,JO-15145,1380,386,4,69.52
4829,CA-2021-152562,2021-11-01,2021-11-08,7,JO-15145,607,386,4,5.64
5896,CA-2021-168305,2021-11-01,2021-11-08,7,PL-18925,962,499,4,44.4
5897,CA-2021-168305,2021-11-01,2021-11-08,7,PL-18925,1059,499,4,21.4
7559,US-2021-137155,2021-11-01,2021-11-05,4,DL-12925,472,259,4,533.94
7560,US-2021-137155,2021-11-01,2021-11-05,4,DL-12925,1198,259,4,167.94
7561,US-2021-137155,2021-11-01,2021-11-05,4,DL-12925,278,259,4,31.68
4524,CA-2021-107454,2021-11-02,2021-11-06,4,RD-19720,988,264,4,34.86
4525,CA-2021-107454,2021-11-02,2021-11-06,4,RD-19720,318,264,4,89.34
7507,CA-2021-115889,2021-11-02,2021-11-06,4,SH-20395,1712,530,4,46.384
7508,CA-2021-115889,2021-11-02,2021-11-06,4,SH-20395,1316,530,4,362.92
7277,CA-2021-120670,2021-11-02,2021-11-06,4,JK-16120,1598,339,4,799.92
6502,CA-2021-129147,2021-11-02,2021-11-06,4,LC-17050,1840,290,4,539.964
6503,CA-2021-129147,2021-11-02,2021-11-06,4,LC-17050,1774,290,4,50.232
6504,CA-2021-129147,2021-11-02,2021-11-06,4,LC-17050,652,290,4,19.242
7577,CA-2021-134726,2021-11-02,2021-11-07,5,SW-20755,1561,625,3,41.94
7578,CA-2021-134726,2021-11-02,2021-11-07,5,SW-20755,1868,625,3,52.792
6228,CA-2021-148782,2021-11-02,2021-11-07,5,PO-18850,1792,158,4,88.776
8979,CA-2021-119529,2021-11-03,2021-11-05,2,DM-13345,677,246,3,5.76
4759,CA-2021-121573,2021-11-03,2021-11-07,4,SG-20605,1827,262,4,783.96
4760,CA-2021-121573,2021-11-03,2021-11-07,4,SG-20605,826,262,4,48.896
4761,CA-2021-121573,2021-11-03,2021-11-07,4,SG-20605,664,262,4,7.856
3991,CA-2021-137589,2021-11-03,2021-11-08,5,MS-17770,1463,301,4,286.344
6266,CA-2021-146731,2021-11-03,2021-11-08,5,AT-10735,1039,434,4,3.488
6267,CA-2021-146731,2021-11-03,2021-11-08,5,AT-10735,1143,434,4,143.856
9229,CA-2021-153619,2021-11-03,2021-11-03,0,TC-21535,618,499,1,6.72
5706,CA-2021-155593,2021-11-03,2021-11-08,5,RP-19390,1452,197,4,11.64
6430,CA-2021-165764,2021-11-03,2021-11-07,4,SH-20395,1315,409,4,25.984
6431,CA-2021-165764,2021-11-03,2021-11-07,4,SH-20395,369,409,4,945.036
6432,CA-2021-165764,2021-11-03,2021-11-07,4,SH-20395,701,409,4,14.301
6433,CA-2021-165764,2021-11-03,2021-11-07,4,SH-20395,306,409,4,410.352
9078,US-2021-124625,2021-11-03,2021-11-07,4,SP-20650,1484,112,4,89.97
2721,CA-2021-121286,2021-11-04,2021-11-08,4,ON-18715,935,398,3,8.376
2722,CA-2021-121286,2021-11-04,2021-11-08,4,ON-18715,391,398,3,58.24
4309,CA-2021-125829,2021-11-04,2021-11-11,7,WB-21850,1843,498,4,666.344
4310,CA-2021-125829,2021-11-04,2021-11-11,7,WB-21850,342,498,4,573.728
4311,CA-2021-125829,2021-11-04,2021-11-11,7,WB-21850,710,498,4,21.936
4312,CA-2021-125829,2021-11-04,2021-11-11,7,WB-21850,1272,498,4,19.44
4313,CA-2021-125829,2021-11-04,2021-11-11,7,WB-21850,1669,498,4,447.968
4996,CA-2021-132227,2021-11-04,2021-11-10,6,SZ-20035,656,263,4,52.064
2743,CA-2021-149244,2021-11-04,2021-11-08,4,MS-17530,236,526,4,35.34
318,CA-2021-164973,2021-11-04,2021-11-09,5,NM-18445,52,264,4,135.882
319,CA-2021-164973,2021-11-04,2021-11-09,5,NM-18445,1649,264,4,3991.98
320,CA-2021-164973,2021-11-04,2021-11-09,5,NM-18445,1829,264,4,275.94
321,CA-2021-164973,2021-11-04,2021-11-09,5,NM-18445,1590,264,4,360.0
322,CA-2021-164973,2021-11-04,2021-11-09,5,NM-18445,1440,264,4,43.57
5654,US-2021-134187,2021-11-04,2021-11-11,7,TH-21235,595,493,4,2.94
6684,CA-2021-109134,2021-11-05,2021-11-10,5,DE-13255,289,495,4,20.04
9711,CA-2021-114251,2021-11-05,2021-11-10,5,MD-17350,306,305,4,273.568
9712,CA-2021-114251,2021-11-05,2021-11-10,5,MD-17350,851,305,4,13.194
9713,CA-2021-114251,2021-11-05,2021-11-10,5,MD-17350,1432,305,4,1080.096
9714,CA-2021-114251,2021-11-05,2021-11-10,5,MD-17350,1611,305,4,51.56
9715,CA-2021-114251,2021-11-05,2021-11-10,5,MD-17350,1573,305,4,58.416
8683,CA-2021-133634,2021-11-05,2021-11-10,5,SR-20740,1560,437,4,47.79
9787,US-2021-114377,2021-11-05,2021-11-05,0,BG-11035,82,440,1,149.9
4831,CA-2021-120278,2021-11-07,2021-11-12,5,MS-17365,405,193,4,245.88
4832,CA-2021-120278,2021-11-07,2021-11-12,5,MS-17365,1389,193,4,36.63
4833,CA-2021-120278,2021-11-07,2021-11-12,5,MS-17365,1442,193,4,22.58
4834,CA-2021-120278,2021-11-07,2021-11-12,5,MS-17365,649,193,4,12.39
4729,CA-2021-123323,2021-11-07,2021-11-12,5,LH-16900,851,529,4,123.144
3186,CA-2021-123498,2021-11-07,2021-11-09,2,TC-20980,817,154,2,26.046
3187,CA-2021-123498,2021-11-07,2021-11-09,2,TC-20980,905,154,2,74.352
6981,CA-2021-146990,2021-11-07,2021-11-08,1,BP-11095,929,264,2,5.92
6982,CA-2021-146990,2021-11-07,2021-11-08,1,BP-11095,1091,264,2,30.18
4781,CA-2021-159310,2021-11-07,2021-11-12,5,SC-20725,102,155,4,683.144
4782,CA-2021-159310,2021-11-07,2021-11-12,5,SC-20725,704,155,4,1.476
4783,CA-2021-159310,2021-11-07,2021-11-12,5,SC-20725,1459,155,4,40.712
5766,US-2021-126340,2021-11-08,2021-11-14,6,EB-13870,1878,515,4,333.576
8138,CA-2021-103219,2021-11-09,2021-11-13,4,BF-11215,195,265,4,56.52
472,CA-2021-144666,2021-11-09,2021-11-11,2,JP-15520,1399,529,3,340.92
473,CA-2021-144666,2021-11-09,2021-11-11,2,JP-15520,50,529,3,222.666
474,CA-2021-144666,2021-11-09,2021-11-11,2,JP-15520,1861,529,3,703.968
475,CA-2021-144666,2021-11-09,2021-11-11,2,JP-15520,1334,529,3,92.52
476,CA-2021-144666,2021-11-09,2021-11-11,2,JP-15520,1086,529,3,62.65
477,CA-2021-144666,2021-11-09,2021-11-11,2,JP-15520,1174,529,3,94.85
5165,CA-2021-121006,2021-11-10,2021-11-16,6,SC-20020,489,76,4,3.9
5166,CA-2021-121006,2021-11-10,2021-11-16,6,SC-20020,1258,76,4,12.84
5167,CA-2021-121006,2021-11-10,2021-11-16,6,SC-20020,1308,76,4,15.84
5168,CA-2021-121006,2021-11-10,2021-11-16,6,SC-20020,104,76,4,563.94
5169,CA-2021-121006,2021-11-10,2021-11-16,6,SC-20020,1314,76,4,62.94
5170,CA-2021-121006,2021-11-10,2021-11-16,6,SC-20020,1371,76,4,535.41
3203,CA-2021-158372,2021-11-10,2021-11-16,6,RD-19900,1778,526,4,601.536
3204,CA-2021-158372,2021-11-10,2021-11-16,6,RD-19900,1570,526,4,10.99
3205,CA-2021-158372,2021-11-10,2021-11-16,6,RD-19900,272,526,4,39.88
3206,CA-2021-158372,2021-11-10,2021-11-16,6,RD-19900,1095,526,4,62.24
3207,CA-2021-158372,2021-11-10,2021-11-16,6,RD-19900,215,526,4,53.2
3208,CA-2021-158372,2021-11-10,2021-11-16,6,RD-19900,1015,526,4,39.84
5779,CA-2021-105270,2021-11-11,2021-11-18,7,AP-10915,486,495,4,30.48
5780,CA-2021-105270,2021-11-11,2021-11-18,7,AP-10915,109,495,4,112.648
17,CA-2021-105893,2021-11-11,2021-11-18,7,PK-19075,1423,188,4,665.88
9614,CA-2021-128524,2021-11-11,2021-11-13,2,MZ-17515,409,625,2,22.98
9615,CA-2021-128524,2021-11-11,2021-11-13,2,MZ-17515,1486,625,2,102.13
9616,CA-2021-128524,2021-11-11,2021-11-13,2,MZ-17515,730,625,2,2033.584
5962,CA-2021-140732,2021-11-11,2021-11-13,2,MA-17560,1799,494,3,575.928
5963,CA-2021-140732,2021-11-11,2021-11-13,2,MA-17560,419,494,3,7.78
5964,CA-2021-140732,2021-11-11,2021-11-13,2,MA-17560,1246,494,3,123.92
5955,CA-2021-155796,2021-11-11,2021-11-15,4,TS-21430,251,306,3,23.968
5956,CA-2021-155796,2021-11-11,2021-11-15,4,TS-21430,2,306,3,521.96
982,CA-2021-163419,2021-11-11,2021-11-14,3,TZ-21580,496,562,3,3.392
983,CA-2021-163419,2021-11-11,2021-11-14,3,TZ-21580,1862,562,3,559.984
984,CA-2021-163419,2021-11-11,2021-11-14,3,TZ-21580,53,562,3,603.92
3325,CA-2021-165309,2021-11-11,2021-11-15,4,KD-16270,742,156,4,896.99
3326,CA-2021-165309,2021-11-11,2021-11-15,4,KD-16270,831,156,4,1.234
3327,CA-2021-165309,2021-11-11,2021-11-15,4,KD-16270,520,156,4,67.56
3328,CA-2021-165309,2021-11-11,2021-11-15,4,KD-16270,1128,156,4,21.72
3329,CA-2021-165309,2021-11-11,2021-11-15,4,KD-16270,1153,156,4,262.336
3330,CA-2021-165309,2021-11-11,2021-11-15,4,KD-16270,1766,156,4,148.48
3331,CA-2021-165309,2021-11-11,2021-11-15,4,KD-16270,1752,156,4,241.176
9748,US-2021-140914,2021-11-11,2021-11-15,4,BH-11710,177,10,4,10.984
9749,US-2021-140914,2021-11-11,2021-11-15,4,BH-11710,58,10,4,797.944
1863,CA-2021-151078,2021-11-12,2021-11-12,0,RF-19840,1385,176,1,49.632
2413,CA-2021-151295,2021-11-12,2021-11-16,4,JA-15970,1241,498,4,11.96
2414,CA-2021-151295,2021-11-12,2021-11-16,4,JA-15970,336,498,4,629.064
3966,CA-2021-164910,2021-11-12,2021-11-17,5,DM-13345,603,396,3,7.872
5551,US-2021-159618,2021-11-12,2021-11-16,4,DB-12970,488,153,4,2.672
5552,US-2021-159618,2021-11-12,2021-11-16,4,DB-12970,1443,153,4,16.656
5553,US-2021-159618,2021-11-12,2021-11-16,4,DB-12970,1499,153,4,79.512
5554,US-2021-159618,2021-11-12,2021-11-16,4,DB-12970,1289,153,4,36.288
5555,US-2021-159618,2021-11-12,2021-11-16,4,DB-12970,5,153,4,67.9932
2210,CA-2021-125556,2021-11-14,2021-11-16,2,ML-17410,1843,197,3,832.93
2211,CA-2021-125556,2021-11-14,2021-11-16,2,ML-17410,651,197,3,43.8
3261,CA-2021-151554,2021-11-14,2021-11-15,1,CM-11815,1295,168,2,20.736
8341,CA-2021-161634,2021-11-14,2021-11-20,6,CC-12220,1182,439,4,32.4
2301,CA-2021-162362,2021-11-14,2021-11-18,4,JL-15505,824,76,4,12.72
2302,CA-2021-162362,2021-11-14,2021-11-18,4,JL-15505,677,76,4,11.52
4281,CA-2021-166989,2021-11-14,2021-11-18,4,RM-19675,1037,263,4,11.36
4282,CA-2021-166989,2021-11-14,2021-11-18,4,RM-19675,136,263,4,69.264
2009,CA-2021-116407,2021-11-15,2021-11-21,6,JF-15190,559,429,4,4.224
2010,CA-2021-116407,2021-11-15,2021-11-21,6,JF-15190,384,429,4,333.056
2011,CA-2021-116407,2021-11-15,2021-11-21,6,JF-15190,1095,429,4,24.896
5018,CA-2021-127558,2021-11-15,2021-11-18,3,SS-20410,193,495,2,10.11
5019,CA-2021-127558,2021-11-15,2021-11-18,3,SS-20410,1552,495,2,772.47
5020,CA-2021-127558,2021-11-15,2021-11-18,3,SS-20410,1445,495,2,20.46
8946,CA-2021-128622,2021-11-15,2021-11-17,2,SC-20260,1462,529,3,10.95
2517,CA-2021-128888,2021-11-15,2021-11-22,7,PB-19105,869,156,4,604.656
8709,CA-2021-119144,2021-11-16,2021-11-18,2,JD-16150,1814,495,2,79.968
8710,CA-2021-119144,2021-11-16,2021-11-18,2,JD-16150,6,495,2,305.9745
8711,CA-2021-119144,2021-11-16,2021-11-18,2,JD-16150,1415,495,2,344.91
3781,CA-2021-149643,2021-11-16,2021-11-20,4,RH-19510,1783,60,4,273.96
4983,CA-2021-160066,2021-11-16,2021-11-22,6,AH-10075,1018,484,4,5.22
5304,US-2021-139500,2021-11-16,2021-11-20,4,AB-10165,135,12,4,37.296
4445,US-2021-147704,2021-11-16,2021-11-21,5,SR-20740,862,36,4,78.35
4446,US-2021-147704,2021-11-16,2021-11-21,5,SR-20740,1220,36,4,31.68
4447,US-2021-147704,2021-11-16,2021-11-21,5,SR-20740,836,36,4,29.12
4448,US-2021-147704,2021-11-16,2021-11-21,5,SR-20740,1366,36,4,169.45
9461,CA-2021-101833,2021-11-17,2021-11-22,5,FG-14260,1094,264,3,34.44
3071,CA-2021-119375,2021-11-17,2021-11-22,5,YC-21895,1412,206,4,2934.33
3072,CA-2021-119375,2021-11-17,2021-11-22,5,YC-21895,208,206,4,124.41
3073,CA-2021-119375,2021-11-17,2021-11-22,5,YC-21895,534,206,4,57.75
6535,CA-2021-128209,2021-11-17,2021-11-22,5,GT-14710,742,254,4,2152.776
6536,CA-2021-128209,2021-11-17,2021-11-22,5,GT-14710,17,254,4,4007.84
6023,CA-2021-130869,2021-11-17,2021-11-21,4,CB-12025,895,135,4,7.08
3262,CA-2021-140662,2021-11-17,2021-11-19,2,TS-21205,1487,528,2,99.98
3263,CA-2021-140662,2021-11-17,2021-11-19,2,TS-21205,1206,528,2,733.95
3264,CA-2021-140662,2021-11-17,2021-11-19,2,TS-21205,388,528,2,241.44
2093,CA-2021-145926,2021-11-17,2021-11-21,4,MP-17470,84,94,4,479.9
3602,CA-2021-159835,2021-11-17,2021-11-24,7,RB-19330,1095,305,4,12.448
3603,CA-2021-159835,2021-11-17,2021-11-24,7,RB-19330,104,305,4,657.93
5396,CA-2021-104829,2021-11-18,2021-11-21,3,JG-15805,1030,606,3,21.98
4131,CA-2021-115336,2021-11-18,2021-11-25,7,AB-10600,776,9,4,14.48
9637,CA-2021-124702,2021-11-18,2021-11-25,7,MH-17785,263,624,4,137.54
9638,CA-2021-124702,2021-11-18,2021-11-25,7,MH-17785,376,624,4,730.2
4908,CA-2021-133809,2021-11-18,2021-11-23,5,MS-17530,810,282,3,11.808
4909,CA-2021-133809,2021-11-18,2021-11-23,5,MS-17530,1818,282,3,9.588
8844,CA-2021-141173,2021-11-18,2021-11-20,2,JC-16105,1352,93,3,67.15
9285,CA-2021-161032,2021-11-18,2021-11-23,5,MK-17905,126,184,4,392.94
7299,CA-2021-163468,2021-11-18,2021-11-21,3,JK-15730,328,13,2,292.1
7300,CA-2021-163468,2021-11-18,2021-11-21,3,JK-15730,180,13,2,8.544
7301,CA-2021-163468,2021-11-18,2021-11-21,3,JK-15730,19,13,2,424.116
7302,CA-2021-163468,2021-11-18,2021-11-21,3,JK-15730,854,13,2,2.892
7303,CA-2021-163468,2021-11-18,2021-11-21,3,JK-15730,1361,13,2,381.72
2438,CA-2021-164210,2021-11-18,2021-11-20,2,PW-19240,338,562,3,145.98
2439,CA-2021-164210,2021-11-18,2021-11-20,2,PW-19240,1064,562,3,35.808
3300,US-2021-159926,2021-11-18,2021-11-22,4,CS-11950,728,304,4,50.997
3301,US-2021-159926,2021-11-18,2021-11-22,4,CS-11950,1405,304,4,76.792
3302,US-2021-159926,2021-11-18,2021-11-22,4,CS-11950,1801,304,4,539.964
3303,US-2021-159926,2021-11-18,2021-11-22,4,CS-11950,210,304,4,60.312
3304,US-2021-159926,2021-11-18,2021-11-22,4,CS-11950,800,304,4,1.944
7868,CA-2021-100972,2021-11-19,2021-11-24,5,DB-13360,1147,607,3,166.44
9736,CA-2021-128062,2021-11-19,2021-11-22,3,AD-10180,1028,303,3,5.88
2493,CA-2021-144624,2021-11-19,2021-11-23,4,JM-15865,1725,257,4,4548.81
9648,CA-2021-150518,2021-11-19,2021-11-24,5,MW-18220,1395,88,4,221.16
9649,CA-2021-150518,2021-11-19,2021-11-24,5,MW-18220,1778,88,4,281.97
183,CA-2021-158274,2021-11-19,2021-11-24,5,RM-19675,1716,391,3,503.96
184,CA-2021-158274,2021-11-19,2021-11-24,5,RM-19675,1807,391,3,149.95
185,CA-2021-158274,2021-11-19,2021-11-24,5,RM-19675,1495,391,3,29.0
5392,US-2021-123183,2021-11-19,2021-11-25,6,GR-14560,968,207,4,22.5
5393,US-2021-123183,2021-11-19,2021-11-25,6,GR-14560,988,207,4,9.96
5394,US-2021-123183,2021-11-19,2021-11-25,6,GR-14560,804,207,4,213.08
5395,US-2021-123183,2021-11-19,2021-11-25,6,GR-14560,49,207,4,1025.88
8973,US-2021-149034,2021-11-19,2021-11-21,2,RD-19900,1525,302,2,47.496
7551,CA-2021-140396,2021-11-20,2021-11-25,5,KH-16330,889,264,4,34.74
7552,CA-2021-140396,2021-11-20,2021-11-25,5,KH-16330,1878,264,4,833.94
7553,CA-2021-140396,2021-11-20,2021-11-25,5,KH-16330,648,264,4,12.96
7554,CA-2021-140396,2021-11-20,2021-11-25,5,KH-16330,1272,264,4,25.92
3399,CA-2021-102274,2021-11-21,2021-11-26,5,DH-13075,1792,386,4,36.99
3400,CA-2021-102274,2021-11-21,2021-11-26,5,DH-13075,1080,386,4,629.1
3401,CA-2021-102274,2021-11-21,2021-11-26,5,DH-13075,1414,386,4,193.95
3402,CA-2021-102274,2021-11-21,2021-11-26,5,DH-13075,572,386,4,5.46
4499,CA-2021-103401,2021-11-21,2021-11-26,5,GR-14560,1284,529,4,12.96
7740,CA-2021-154781,2021-11-21,2021-11-26,5,SC-20680,1118,529,4,6.58
7741,CA-2021-154781,2021-11-21,2021-11-26,5,SC-20680,1509,529,4,94.99
5343,US-2021-168501,2021-11-21,2021-11-27,6,JK-15325,891,142,4,1.632
5344,US-2021-168501,2021-11-21,2021-11-27,6,JK-15325,1856,142,4,267.96
3394,CA-2021-105340,2021-11-22,2021-11-25,3,EH-14185,846,168,2,6.928
6806,CA-2021-125682,2021-11-22,2021-11-25,3,RB-19645,1070,370,2,9.96
2575,CA-2021-129091,2021-11-22,2021-11-27,5,RA-19885,876,371,4,16.23
2576,CA-2021-129091,2021-11-22,2021-11-27,5,RA-19885,759,371,4,319.9
2577,CA-2021-129091,2021-11-22,2021-11-27,5,RA-19885,901,371,4,11.36
2578,CA-2021-129091,2021-11-22,2021-11-27,5,RA-19885,446,371,4,675.12
3971,CA-2021-135090,2021-11-22,2021-11-26,4,SP-20920,1155,497,4,53.82
3895,US-2021-112200,2021-11-22,2021-11-28,6,TC-21475,684,4,4,9.98
2084,CA-2021-110352,2021-11-23,2021-11-29,6,ED-13885,957,153,4,23.68
3708,CA-2021-120544,2021-11-23,2021-11-27,4,SS-20140,301,165,4,6.368
3709,CA-2021-120544,2021-11-23,2021-11-27,4,SS-20140,420,165,4,34.176
3710,CA-2021-120544,2021-11-23,2021-11-27,4,SS-20140,1559,165,4,5.544
9628,CA-2021-139283,2021-11-23,2021-11-27,4,BT-11440,830,69,4,14.67
4809,CA-2021-149055,2021-11-23,2021-11-28,5,PB-19210,892,303,4,62.808
7101,CA-2021-159625,2021-11-23,2021-11-28,5,SM-20005,902,457,4,23.472
7266,US-2021-143721,2021-11-23,2021-11-26,3,DK-12835,131,156,3,155.372
1571,US-2021-157385,2021-11-23,2021-11-25,2,SC-20095,118,494,2,603.92
1572,US-2021-157385,2021-11-23,2021-11-25,2,SC-20095,887,494,2,21.84
1573,US-2021-157385,2021-11-23,2021-11-25,2,SC-20095,1484,494,2,29.99
1574,US-2021-157385,2021-11-23,2021-11-25,2,SC-20095,137,494,2,381.44
6315,CA-2021-100762,2021-11-24,2021-11-29,5,NG-18355,551,73,4,151.92
6316,CA-2021-100762,2021-11-24,2021-11-29,5,NG-18355,1017,73,4,196.62
6317,CA-2021-100762,2021-11-24,2021-11-29,5,NG-18355,1144,73,4,144.12
6318,CA-2021-100762,2021-11-24,2021-11-29,5,NG-18355,1035,73,4,15.96
2367,CA-2021-102295,2021-11-24,2021-11-26,2,EH-13990,74,521,3,120.712
3834,CA-2021-105984,2021-11-24,2021-11-24,0,MY-18295,1862,278,1,1049.97
3835,CA-2021-105984,2021-11-24,2021-11-24,0,MY-18295,68,278,1,611.058
389,CA-2021-115973,2021-11-24,2021-11-26,2,NG-18430,531,276,2,2.624
7143,CA-2021-122217,2021-11-24,2021-11-29,5,HP-14815,240,447,4,111.15
1185,CA-2021-127131,2021-11-24,2021-11-30,6,HR-14830,800,623,4,12.096
1186,CA-2021-127131,2021-11-24,2021-11-30,6,HR-14830,1326,623,4,485.88
1187,CA-2021-127131,2021-11-24,2021-11-30,6,HR-14830,1294,623,4,25.92
1188,CA-2021-127131,2021-11-24,2021-11-30,6,HR-14830,1392,623,4,197.58
5016,CA-2021-153850,2021-11-24,2021-11-29,5,TH-21100,196,295,4,35.168
5017,CA-2021-153850,2021-11-24,2021-11-29,5,TH-21100,1863,295,4,1502.376
1011,CA-2021-158540,2021-11-24,2021-11-26,2,VG-21790,207,526,2,151.72
4058,CA-2021-163034,2021-11-24,2021-11-28,4,DK-12985,1364,8,4,646.2
2152,CA-2021-167360,2021-11-24,2021-11-29,5,RB-19435,1576,106,3,111.79
4727,CA-2021-119151,2021-11-25,2021-11-29,4,MP-18175,1438,262,3,1117.92
4728,CA-2021-119151,2021-11-25,2021-11-29,4,MP-18175,43,262,3,275.952
3990,CA-2021-122588,2021-11-25,2021-11-27,2,AR-10540,162,311,3,52.96
2608,CA-2021-127446,2021-11-25,2021-11-30,5,MC-17590,1515,127,4,24.672
2609,CA-2021-127446,2021-11-25,2021-11-30,5,MC-17590,1012,127,4,2.52
2610,CA-2021-127446,2021-11-25,2021-11-30,5,MC-17590,345,127,4,1218.735
2611,CA-2021-127446,2021-11-25,2021-11-30,5,MC-17590,1011,127,4,5.904
2612,CA-2021-127446,2021-11-25,2021-11-30,5,MC-17590,1097,127,4,15.696
2613,CA-2021-127446,2021-11-25,2021-11-30,5,MC-17590,279,127,4,6.096
1984,CA-2021-164721,2021-11-25,2021-11-27,2,LW-16825,410,466,3,320.88
1985,CA-2021-164721,2021-11-25,2021-11-27,2,LW-16825,301,466,3,23.88
1986,CA-2021-164721,2021-11-25,2021-11-27,2,LW-16825,1132,466,3,26.76
6362,US-2021-107993,2021-11-25,2021-11-30,5,SE-20110,538,597,4,51.016
7621,US-2021-144078,2021-11-25,2021-11-29,4,RB-19435,1793,494,4,539.92
7622,US-2021-144078,2021-11-25,2021-11-29,4,RB-19435,105,494,4,725.344
7623,US-2021-144078,2021-11-25,2021-11-29,4,RB-19435,642,494,4,7.44
5816,CA-2021-124730,2021-11-26,2021-11-26,0,LS-17245,1755,271,1,279.96
5817,CA-2021-124730,2021-11-26,2021-11-26,0,LS-17245,659,271,1,12.912
5818,CA-2021-124730,2021-11-26,2021-11-26,0,LS-17245,809,271,1,17.088
5819,CA-2021-124730,2021-11-26,2021-11-26,0,LS-17245,1013,271,1,93.15
5820,CA-2021-124730,2021-11-26,2021-11-26,0,LS-17245,1014,271,1,11.52
8599,CA-2021-141110,2021-11-26,2021-12-01,5,LS-17200,841,482,4,4.32
8600,CA-2021-141110,2021-11-26,2021-12-01,5,LS-17200,1237,482,4,14.94
8601,CA-2021-141110,2021-11-26,2021-12-01,5,LS-17200,437,482,4,40.54
8602,CA-2021-141110,2021-11-26,2021-12-01,5,LS-17200,820,482,4,7.312
1636,CA-2021-168984,2021-11-26,2021-12-02,6,NW-18400,1269,598,4,15.552
1637,CA-2021-168984,2021-11-26,2021-12-02,6,NW-18400,1382,598,4,669.08
1638,CA-2021-168984,2021-11-26,2021-12-02,6,NW-18400,1783,598,4,438.336
79,US-2021-147606,2021-11-26,2021-12-01,5,JE-15745,211,155,3,19.3
5229,US-2021-147648,2021-11-26,2021-12-01,5,LS-16975,1153,528,4,81.98
1486,CA-2021-119032,2021-11-27,2021-12-03,6,MS-17770,947,265,4,3.76
9428,CA-2021-167486,2021-11-27,2021-12-01,4,JO-15145,224,254,4,199.9
5193,CA-2021-101560,2021-11-28,2021-12-01,3,CS-12250,205,415,3,397.6
5194,CA-2021-101560,2021-11-28,2021-12-01,3,CS-12250,1197,415,3,85.96
5195,CA-2021-101560,2021-11-28,2021-12-01,3,CS-12250,531,415,3,13.12
5196,CA-2021-101560,2021-11-28,2021-12-01,3,CS-12250,770,415,3,45.66
5493,CA-2021-105249,2021-11-28,2021-11-28,0,DH-13675,1478,530,1,7.36
5494,CA-2021-105249,2021-11-28,2021-11-28,0,DH-13675,977,530,1,41.4
5495,CA-2021-105249,2021-11-28,2021-11-28,0,DH-13675,42,530,1,411.332
3952,CA-2021-121167,2021-11-28,2021-11-30,2,MO-17500,766,255,3,17.248
8573,CA-2021-121629,2021-11-28,2021-12-02,4,BT-11680,1695,154,4,998.85
5549,CA-2021-159800,2021-11-28,2021-12-01,3,SG-20470,391,528,2,43.68
5550,CA-2021-159800,2021-11-28,2021-12-01,3,SG-20470,1583,528,2,139.93
2198,CA-2021-163013,2021-11-28,2021-12-04,6,BF-11080,582,320,4,14.67
9677,US-2021-120175,2021-11-28,2021-12-03,5,MC-17635,882,49,4,64.02
1490,CA-2021-136280,2021-11-29,2021-12-06,7,Co-12640,976,305,4,5.04
4416,CA-2021-153983,2021-11-29,2021-12-06,7,AH-10210,1883,530,4,575.92
4417,CA-2021-153983,2021-11-29,2021-12-06,7,AH-10210,950,530,4,30.4
7786,US-2021-111353,2021-11-29,2021-12-06,7,PB-19150,973,262,4,25.06
1643,US-2021-134712,2021-11-29,2021-12-04,5,BS-11380,948,32,4,12.624
4216,CA-2021-103590,2021-11-30,2021-12-04,4,JL-15505,886,260,4,62.28
9195,CA-2021-146843,2021-11-30,2021-12-06,6,PB-19150,1454,449,4,47.992
9196,CA-2021-146843,2021-11-30,2021-12-06,6,PB-19150,1569,449,4,102.24
7616,CA-2021-148425,2021-11-30,2021-12-04,4,RF-19345,704,354,4,6.642
1792,CA-2021-120474,2021-12-01,2021-12-03,2,RP-19390,128,188,2,2807.84
1793,CA-2021-120474,2021-12-01,2021-12-03,2,RP-19390,549,188,2,46.64
2076,CA-2021-131051,2021-12-01,2021-12-05,4,TR-21325,248,530,4,58.2
3199,CA-2021-131527,2021-12-01,2021-12-07,6,TB-21280,1738,409,4,95.968
8004,CA-2021-143210,2021-12-01,2021-12-03,2,AA-10645,1742,226,2,271.9
8005,CA-2021-143210,2021-12-01,2021-12-03,2,AA-10645,268,226,2,45.84
8006,CA-2021-143210,2021-12-01,2021-12-03,2,AA-10645,323,226,2,9.82
4492,CA-2021-150798,2021-12-01,2021-12-03,2,JK-15730,1639,278,3,659.988
4493,CA-2021-150798,2021-12-01,2021-12-03,2,JK-15730,279,278,3,8.128
4494,CA-2021-150798,2021-12-01,2021-12-03,2,JK-15730,1287,278,3,36.288
4495,CA-2021-150798,2021-12-01,2021-12-03,2,JK-15730,107,278,3,909.72
4905,US-2021-161613,2021-12-01,2021-12-03,2,MC-17605,97,155,3,674.058
6252,CA-2021-101147,2021-12-02,2021-12-04,2,MC-17575,479,9,2,2.394
9002,CA-2021-103807,2021-12-02,2021-12-09,7,EM-13825,1520,376,4,5.95
9003,CA-2021-103807,2021-12-02,2021-12-09,7,EM-13825,1085,376,4,15.24
708,CA-2021-112158,2021-12-02,2021-12-04,2,DP-13165,1522,265,2,119.96
709,CA-2021-112158,2021-12-02,2021-12-04,2,DP-13165,33,265,2,883.92
710,CA-2021-112158,2021-12-02,2021-12-04,2,DP-13165,671,265,2,46.72
4876,CA-2021-132864,2021-12-02,2021-12-07,5,KN-16390,1501,278,4,119.8
6600,CA-2021-154095,2021-12-02,2021-12-07,5,ON-18715,170,212,4,60.72
6601,CA-2021-154095,2021-12-02,2021-12-07,5,ON-18715,1207,212,4,146.82
6602,CA-2021-154095,2021-12-02,2021-12-07,5,ON-18715,82,212,4,239.84
6603,CA-2021-154095,2021-12-02,2021-12-07,5,ON-18715,999,212,4,15.66
2788,US-2021-117744,2021-12-02,2021-12-06,4,MD-17860,190,139,4,58.36
2789,US-2021-117744,2021-12-02,2021-12-06,4,MD-17860,595,139,4,16.464
2790,US-2021-117744,2021-12-02,2021-12-06,4,MD-17860,139,139,4,39.96
1983,CA-2021-122749,2021-12-03,2021-12-09,6,NG-18430,1780,119,4,479.96
2623,CA-2021-164861,2021-12-03,2021-12-06,3,MC-17635,1287,106,3,25.92
2716,CA-2021-127187,2021-12-04,2021-12-08,4,CP-12085,1838,264,4,129.98
68,CA-2021-106376,2021-12-05,2021-12-10,5,BS-11590,548,452,4,1113.024
69,CA-2021-106376,2021-12-05,2021-12-10,5,BS-11590,1893,452,4,167.968
5378,CA-2021-125542,2021-12-05,2021-12-07,2,NB-18655,873,303,2,348.488
5379,CA-2021-125542,2021-12-05,2021-12-07,2,NB-18655,1348,303,2,172.736
7569,CA-2021-133830,2021-12-05,2021-12-10,5,RL-19615,615,498,4,26.46
7570,CA-2021-133830,2021-12-05,2021-12-10,5,RL-19615,1197,498,4,49.12
7571,CA-2021-133830,2021-12-05,2021-12-10,5,RL-19615,919,498,4,15.0
921,CA-2021-138296,2021-12-05,2021-12-12,7,RC-19825,1393,436,4,24.56
7715,CA-2021-150203,2021-12-05,2021-12-07,2,JB-15925,431,496,2,250.26
5572,CA-2021-151162,2021-12-05,2021-12-09,4,EA-14035,1153,278,4,98.376
5573,CA-2021-151162,2021-12-05,2021-12-09,4,EA-14035,796,278,4,29.94
5574,CA-2021-151162,2021-12-05,2021-12-09,4,EA-14035,1048,278,4,17.472
5575,CA-2021-151162,2021-12-05,2021-12-09,4,EA-14035,1794,278,4,36.738
5576,CA-2021-151162,2021-12-05,2021-12-09,4,EA-14035,1822,278,4,179.94
181,CA-2021-166191,2021-12-05,2021-12-09,4,DK-13150,1425,12,3,24.816
182,CA-2021-166191,2021-12-05,2021-12-09,4,DK-13150,1505,12,3,408.744
7066,CA-2021-106726,2021-12-06,2021-12-08,2,RS-19765,1417,495,2,1261.33
2720,CA-2021-110030,2021-12-06,2021-12-08,2,LF-17185,139,156,3,23.976
7761,CA-2021-155390,2021-12-06,2021-12-11,5,BG-11035,1170,432,4,42.208
2984,US-2021-112872,2021-12-06,2021-12-11,5,RC-19960,1365,597,3,53.424
2985,US-2021-112872,2021-12-06,2021-12-11,5,RC-19960,354,597,3,275.49
5094,US-2021-140452,2021-12-06,2021-12-10,4,BK-11260,415,8,4,14.016
5095,US-2021-140452,2021-12-06,2021-12-10,4,BK-11260,373,8,4,214.95
5096,US-2021-140452,2021-12-06,2021-12-10,4,BK-11260,1871,8,4,35.04
5097,US-2021-140452,2021-12-06,2021-12-10,4,BK-11260,286,8,4,10.776
5098,US-2021-140452,2021-12-06,2021-12-10,4,BK-11260,781,8,4,4.6
5099,US-2021-140452,2021-12-06,2021-12-10,4,BK-11260,1396,8,4,35.168
8091,CA-2021-101392,2021-12-07,2021-12-13,6,AS-10630,1319,623,4,269.36
7237,CA-2021-138737,2021-12-07,2021-12-10,3,FP-14320,569,499,2,8.64
8945,CA-2021-154592,2021-12-07,2021-12-08,1,EH-14005,1066,528,2,164.88
5279,CA-2021-159681,2021-12-07,2021-12-13,6,PO-18850,1170,447,4,105.52
1794,CA-2021-104773,2021-12-08,2021-12-13,5,TB-21175,1330,154,4,60.416
3665,CA-2021-129364,2021-12-08,2021-12-13,5,TB-21250,988,596,4,27.888
3666,CA-2021-129364,2021-12-08,2021-12-13,5,TB-21250,660,596,4,6.456
3667,CA-2021-129364,2021-12-08,2021-12-13,5,TB-21250,1866,596,4,52.68
3668,CA-2021-129364,2021-12-08,2021-12-13,5,TB-21250,1443,596,4,13.88
3669,CA-2021-129364,2021-12-08,2021-12-13,5,TB-21250,1608,596,4,103.92
3670,CA-2021-129364,2021-12-08,2021-12-13,5,TB-21250,981,596,4,11.52
3671,CA-2021-129364,2021-12-08,2021-12-13,5,TB-21250,1307,596,4,10.368
3672,CA-2021-129364,2021-12-08,2021-12-13,5,TB-21250,1317,596,4,39.072
3715,CA-2021-135608,2021-12-08,2021-12-10,2,JK-15625,1230,619,3,45.68
3716,CA-2021-135608,2021-12-08,2021-12-10,2,JK-15625,52,619,3,603.92
9213,CA-2021-144071,2021-12-08,2021-12-15,7,DJ-13420,272,529,4,39.88
9214,CA-2021-144071,2021-12-08,2021-12-15,7,DJ-13420,171,529,4,79.44
4565,CA-2021-101175,2021-12-09,2021-12-14,5,DM-12955,1314,454,4,100.704
889,CA-2021-104976,2021-12-09,2021-12-16,7,CK-12760,1255,530,4,34.68
7443,CA-2021-109932,2021-12-09,2021-12-11,2,VP-21760,1215,132,2,10.688
7444,CA-2021-109932,2021-12-09,2021-12-11,2,VP-21760,1392,132,2,237.096
8123,CA-2021-138128,2021-12-09,2021-12-15,6,FP-14320,877,303,4,30.672
8124,CA-2021-138128,2021-12-09,2021-12-15,6,FP-14320,1634,303,4,1079.976
7852,CA-2021-169649,2021-12-09,2021-12-15,6,TS-21205,1045,10,4,8.448
7853,CA-2021-169649,2021-12-09,2021-12-15,6,TS-21205,482,10,4,20.388
873,CA-2021-148488,2021-12-10,2021-12-15,5,SM-20005,1037,262,4,11.36
874,CA-2021-148488,2021-12-10,2021-12-15,5,SM-20005,803,262,4,106.344
5999,US-2021-112991,2021-12-10,2021-12-14,4,SH-19975,120,568,4,338.352
6000,US-2021-112991,2021-12-10,2021-12-14,4,SH-19975,1195,568,4,25.92
6001,US-2021-112991,2021-12-10,2021-12-14,4,SH-19975,1310,568,4,91.36
5486,CA-2021-107573,2021-12-12,2021-12-17,5,PB-19150,898,350,4,23.472
4854,CA-2021-113320,2021-12-12,2021-12-15,3,LH-17155,220,507,3,12.54
4855,CA-2021-113320,2021-12-12,2021-12-15,3,LH-17155,1441,507,3,8.94
4856,CA-2021-113320,2021-12-12,2021-12-15,3,LH-17155,270,507,3,9.24
2149,CA-2021-141607,2021-12-12,2021-12-17,5,WB-21850,201,473,4,43.31
1246,CA-2021-168494,2021-12-12,2021-12-14,2,NP-18700,367,482,3,764.688
1247,CA-2021-168494,2021-12-12,2021-12-14,2,NP-18700,347,482,3,3610.848
1248,CA-2021-168494,2021-12-12,2021-12-14,2,NP-18700,5,482,3,254.9745
3142,US-2021-122959,2021-12-12,2021-12-12,0,CY-12745,737,176,1,210.392
2492,CA-2021-113579,2021-12-13,2021-12-15,2,KD-16345,1126,499,3,90.24
6002,CA-2021-124079,2021-12-13,2021-12-17,4,RF-19345,234,456,4,87.96
6003,CA-2021-124079,2021-12-13,2021-12-17,4,RF-19345,716,456,4,5.214
8640,CA-2021-129819,2021-12-13,2021-12-15,2,KC-16675,649,382,3,12.39
3592,CA-2021-154186,2021-12-13,2021-12-15,2,RA-19285,1462,155,3,2.92
4226,US-2021-102631,2021-12-13,2021-12-17,4,EB-13840,260,9,4,94.428
5106,CA-2021-116568,2021-12-14,2021-12-20,6,BM-11785,112,338,4,186.304
9512,CA-2021-130575,2021-12-14,2021-12-16,2,CS-11845,771,9,2,9.264
6627,CA-2021-145541,2021-12-14,2021-12-21,7,TB-21400,1663,264,4,6999.96
1973,CA-2021-148950,2021-12-14,2021-12-19,5,JD-16015,687,8,4,5.104
1974,CA-2021-148950,2021-12-14,2021-12-19,5,JD-16015,927,8,4,2.896
1975,CA-2021-148950,2021-12-14,2021-12-19,5,JD-16015,1486,8,4,35.016
5703,US-2021-123519,2021-12-14,2021-12-21,7,SS-20875,602,289,4,2.624
5704,US-2021-123519,2021-12-14,2021-12-21,7,SS-20875,370,289,4,136.53
5705,US-2021-123519,2021-12-14,2021-12-21,7,SS-20875,1595,289,4,263.96
1575,CA-2021-101602,2021-12-15,2021-12-18,3,MC-18100,1705,145,2,40.68
1576,CA-2021-101602,2021-12-15,2021-12-18,3,MC-18100,114,145,2,763.28
5584,CA-2021-116673,2021-12-15,2021-12-19,4,JO-15280,298,526,3,6.16
7007,CA-2021-119466,2021-12-15,2021-12-21,6,SP-20860,180,9,4,8.544
7484,CA-2021-129938,2021-12-15,2021-12-17,2,EB-13705,89,304,3,445.802
9020,CA-2021-100706,2021-12-16,2021-12-18,2,LE-16810,1487,445,3,99.98
9021,CA-2021-100706,2021-12-16,2021-12-18,2,LE-16810,323,445,3,29.46
4713,CA-2021-108273,2021-12-16,2021-12-21,5,EJ-13720,1298,157,4,36.288
4714,CA-2021-108273,2021-12-16,2021-12-21,5,EJ-13720,308,157,4,56.568
2606,CA-2021-112718,2021-12-16,2021-12-21,5,KN-16450,675,343,4,1.167
6918,CA-2021-124247,2021-12-16,2021-12-21,5,SH-20635,128,521,4,1403.92
3129,CA-2021-136399,2021-12-16,2021-12-17,1,CC-12100,241,499,2,44.46
3130,CA-2021-136399,2021-12-16,2021-12-17,1,CC-12100,52,499,2,241.568
3131,CA-2021-136399,2021-12-16,2021-12-17,1,CC-12100,1493,499,2,395.0
3132,CA-2021-136399,2021-12-16,2021-12-17,1,CC-12100,1763,499,2,627.168
4886,CA-2021-151379,2021-12-16,2021-12-20,4,SC-20695,1192,69,4,114.2
3769,CA-2021-153913,2021-12-16,2021-12-20,4,KB-16585,109,340,3,1013.832
3770,CA-2021-153913,2021-12-16,2021-12-20,4,KB-16585,934,340,3,1.984
1495,CA-2021-123925,2021-12-17,2021-12-19,2,RF-19840,636,371,3,40.05
4420,CA-2021-139633,2021-12-17,2021-12-24,7,EC-14050,799,278,4,5.484
1432,CA-2021-120768,2021-12-19,2021-12-21,2,IM-15070,709,316,3,152.76
1433,CA-2021-120768,2021-12-19,2021-12-21,2,IM-15070,1459,316,3,7.27
1434,CA-2021-120768,2021-12-19,2021-12-21,2,IM-15070,94,316,3,1819.86
8793,CA-2021-162992,2021-12-19,2021-12-21,2,BP-11095,1007,495,2,14.62
8794,CA-2021-162992,2021-12-19,2021-12-21,2,BP-11095,923,495,2,22.55
8795,CA-2021-162992,2021-12-19,2021-12-21,2,BP-11095,1881,495,2,583.8
8796,CA-2021-162992,2021-12-19,2021-12-21,2,BP-11095,1751,495,2,211.168
9522,CA-2021-169446,2021-12-19,2021-12-25,6,SG-20605,1854,9,4,323.976
9523,CA-2021-169446,2021-12-19,2021-12-25,6,SG-20605,1303,9,4,15.552
9524,CA-2021-169446,2021-12-19,2021-12-25,6,SG-20605,1397,9,4,32.592
435,US-2021-150574,2021-12-19,2021-12-25,6,MK-18160,794,343,4,4.812
436,US-2021-150574,2021-12-19,2021-12-25,6,MK-18160,1485,343,4,247.8
4283,CA-2021-103100,2021-12-20,2021-12-23,3,AB-10105,975,40,2,3.69
4284,CA-2021-103100,2021-12-20,2021-12-23,3,AB-10105,785,40,2,1103.97
6107,CA-2021-120852,2021-12-20,2021-12-25,5,WB-21850,414,149,4,19.432
6108,CA-2021-120852,2021-12-20,2021-12-25,5,WB-21850,1524,149,4,65.44
3320,CA-2021-134551,2021-12-20,2021-12-25,5,TS-21505,459,425,4,43.512
3321,CA-2021-134551,2021-12-20,2021-12-25,5,TS-21505,133,425,4,662.88
3322,CA-2021-134551,2021-12-20,2021-12-25,5,TS-21505,1122,425,4,25.92
1155,CA-2021-136567,2021-12-20,2021-12-21,1,PS-19045,1400,441,2,122.48
1156,CA-2021-136567,2021-12-20,2021-12-21,1,PS-19045,353,441,2,2244.48
1157,CA-2021-136567,2021-12-20,2021-12-21,1,PS-19045,837,441,2,62.31
1158,CA-2021-136567,2021-12-20,2021-12-21,1,PS-19045,368,441,2,455.1
4690,CA-2021-138681,2021-12-20,2021-12-22,2,CT-11995,158,460,2,51.968
4691,CA-2021-138681,2021-12-20,2021-12-22,2,CT-11995,1522,460,2,71.976
4692,CA-2021-138681,2021-12-20,2021-12-22,2,CT-11995,79,460,2,242.352
4693,CA-2021-138681,2021-12-20,2021-12-22,2,CT-11995,1147,460,2,221.92
4694,CA-2021-138681,2021-12-20,2021-12-22,2,CT-11995,1220,460,2,8.448
3859,CA-2021-140816,2021-12-20,2021-12-20,0,TC-21295,1529,566,1,447.944
3643,CA-2021-156594,2021-12-20,2021-12-23,3,MC-17845,784,495,3,487.984
3644,CA-2021-156594,2021-12-20,2021-12-23,3,MC-17845,522,495,3,47.3
3645,CA-2021-156594,2021-12-20,2021-12-23,3,MC-17845,558,495,3,4.13
3646,CA-2021-156594,2021-12-20,2021-12-23,3,MC-17845,806,495,3,155.12
4419,CA-2021-160157,2021-12-20,2021-12-27,7,MH-17455,205,284,4,190.848
7339,CA-2021-163412,2021-12-20,2021-12-23,3,SM-20950,92,265,3,192.186
3150,US-2021-109036,2021-12-20,2021-12-25,5,KH-16510,977,623,4,31.05
9465,CA-2021-109127,2021-12-21,2021-12-25,4,JC-15775,981,206,4,17.28
6243,CA-2021-134621,2021-12-21,2021-12-28,7,DP-13390,787,425,4,18.24
5639,CA-2021-154893,2021-12-21,2021-12-27,6,GM-14440,133,525,4,1325.76
5640,CA-2021-154893,2021-12-21,2021-12-27,6,GM-14440,137,525,4,572.16
9724,CA-2021-101364,2021-12-22,2021-12-26,4,TW-21025,797,263,4,296.712
6146,CA-2021-133543,2021-12-22,2021-12-26,4,KM-16660,583,532,4,11.76
6915,CA-2021-142510,2021-12-22,2021-12-29,7,NP-18700,1338,9,4,132.16
6916,CA-2021-142510,2021-12-22,2021-12-29,7,NP-18700,813,9,4,17.904
6917,CA-2021-142510,2021-12-22,2021-12-29,7,NP-18700,1124,9,4,124.032
6529,CA-2021-146864,2021-12-22,2021-12-26,4,BT-11530,1336,264,4,216.4
3980,CA-2021-114517,2021-12-23,2021-12-27,4,TH-21235,365,264,4,53.316
3981,CA-2021-114517,2021-12-23,2021-12-27,4,TH-21235,411,264,4,56.52
7005,CA-2021-126333,2021-12-23,2021-12-28,5,ME-18010,1272,172,4,5.184
3213,CA-2021-142314,2021-12-23,2021-12-28,5,SF-20200,411,49,4,207.24
9380,CA-2021-154158,2021-12-23,2021-12-27,4,CC-12670,1051,367,3,45.528
9381,CA-2021-154158,2021-12-23,2021-12-27,4,CC-12670,132,367,3,64.784
9382,CA-2021-154158,2021-12-23,2021-12-27,4,CC-12670,1430,367,3,424.272
9383,CA-2021-154158,2021-12-23,2021-12-27,4,CC-12670,618,367,3,1.344
9384,CA-2021-154158,2021-12-23,2021-12-27,4,CC-12670,1314,367,3,83.92
403,CA-2021-113166,2021-12-24,2021-12-26,2,LF-17185,1241,351,2,9.568
8949,CA-2021-132913,2021-12-24,2021-12-26,2,AS-10090,404,526,2,13.97
669,CA-2021-156314,2021-12-24,2021-12-26,2,RP-19390,283,277,2,30.36
4504,US-2021-138247,2021-12-24,2021-12-29,5,BF-11170,1870,498,4,173.656
4505,US-2021-138247,2021-12-24,2021-12-29,5,BF-11170,398,498,4,361.96
4506,US-2021-138247,2021-12-24,2021-12-29,5,BF-11170,1612,498,4,62.85
4507,US-2021-138247,2021-12-24,2021-12-29,5,BF-11170,1750,498,4,818.376
4508,US-2021-138247,2021-12-24,2021-12-29,5,BF-11170,1431,498,4,20.34
4509,US-2021-138247,2021-12-24,2021-12-29,5,BF-11170,325,498,4,23.99
1267,US-2021-167738,2021-12-24,2021-12-29,5,JC-16105,1375,498,4,142.86
1268,US-2021-167738,2021-12-24,2021-12-29,5,JC-16105,87,498,4,292.272
8690,CA-2021-101427,2021-12-26,2021-12-30,4,AY-10555,545,304,4,8.016
3293,CA-2021-106264,2021-12-26,2021-12-30,4,CK-12595,1456,525,4,11.91
3294,CA-2021-106264,2021-12-26,2021-12-30,4,CK-12595,226,525,4,3.48
294,CA-2021-111451,2021-12-26,2021-12-28,2,KL-16555,261,554,2,300.416
295,CA-2021-111451,2021-12-26,2021-12-28,2,KL-16555,62,554,2,230.352
296,CA-2021-111451,2021-12-26,2021-12-28,2,KL-16555,206,554,2,218.352
297,CA-2021-111451,2021-12-26,2021-12-28,2,KL-16555,786,554,2,78.6
298,CA-2021-111451,2021-12-26,2021-12-28,2,KL-16555,956,554,2,27.552
4816,CA-2021-139598,2021-12-26,2021-12-31,5,MG-17695,1134,303,4,18.264
4817,CA-2021-139598,2021-12-26,2021-12-31,5,MG-17695,443,303,4,34.656
4818,CA-2021-139598,2021-12-26,2021-12-31,5,MG-17695,482,303,4,81.552
4819,CA-2021-139598,2021-12-26,2021-12-31,5,MG-17695,1410,303,4,227.136
7344,CA-2021-168473,2021-12-26,2022-01-01,6,TB-21520,1350,262,4,191.88
622,US-2021-111171,2021-12-26,2021-12-31,5,CA-12265,716,8,4,8.69
125,US-2021-152030,2021-12-26,2021-12-28,2,AD-10180,60,154,3,600.558
1177,CA-2021-120243,2021-12-27,2021-12-30,3,AT-10435,1026,494,3,11.56
9232,CA-2021-148383,2021-12-27,2021-12-31,4,RP-19390,737,456,4,946.764
8338,CA-2021-153087,2021-12-27,2022-01-03,7,TC-20980,1251,315,4,23.92
8339,CA-2021-153087,2021-12-27,2022-01-03,7,TC-20980,1490,315,4,498.0
2967,CA-2021-162866,2021-12-27,2021-12-31,4,Co-12640,176,32,4,32.952
2968,CA-2021-162866,2021-12-27,2021-12-31,4,Co-12640,1418,32,4,30.016
6132,CA-2021-163447,2021-12-27,2021-12-31,4,TB-21190,81,263,4,767.214
8372,CA-2021-165393,2021-12-27,2021-12-30,3,NC-18415,767,146,2,4.984
7776,CA-2021-166961,2021-12-27,2021-12-31,4,CD-12790,477,504,4,10.98
7777,CA-2021-166961,2021-12-27,2021-12-31,4,CD-12790,949,504,4,7.86
7778,CA-2021-166961,2021-12-27,2021-12-31,4,CD-12790,1320,504,4,51.45
7779,CA-2021-166961,2021-12-27,2021-12-31,4,CD-12790,771,504,4,37.056
4553,US-2021-106334,2021-12-27,2022-01-02,6,JF-15490,51,530,4,230.28
4554,US-2021-106334,2021-12-27,2022-01-02,6,JF-15490,1190,530,4,12.84
8671,US-2021-159611,2021-12-27,2022-01-01,5,KB-16315,192,277,3,182.352
8672,US-2021-159611,2021-12-27,2022-01-01,5,KB-16315,1404,277,3,118.16
6296,CA-2021-141313,2021-12-28,2022-01-01,4,AJ-10780,465,219,4,1737.18
6297,CA-2021-141313,2021-12-28,2022-01-01,4,AJ-10780,1362,219,4,704.25
6298,CA-2021-141313,2021-12-28,2022-01-01,4,AJ-10780,1167,219,4,141.76
317,CA-2021-164259,2021-12-28,2021-12-30,2,SP-20860,525,305,2,99.136
7693,CA-2021-102330,2021-12-29,2022-01-03,5,AI-10855,957,466,4,88.8
7694,CA-2021-102330,2021-12-29,2022-01-03,5,AI-10855,1772,466,4,319.968
757,CA-2021-106803,2021-12-29,2022-01-02,4,DC-13285,1393,89,4,24.56
758,CA-2021-106803,2021-12-29,2022-01-02,4,DC-13285,1501,89,4,119.8
4038,CA-2021-110786,2021-12-29,2022-01-02,4,AJ-10795,300,529,4,24.9
4039,CA-2021-110786,2021-12-29,2022-01-02,4,AJ-10795,1249,529,4,21.12
4040,CA-2021-110786,2021-12-29,2022-01-02,4,AJ-10795,1658,529,4,767.952
4041,CA-2021-110786,2021-12-29,2022-01-02,4,AJ-10795,685,529,4,14.352
4042,CA-2021-110786,2021-12-29,2022-01-02,4,AJ-10795,1799,529,4,191.976
4043,CA-2021-110786,2021-12-29,2022-01-02,4,AJ-10795,964,529,4,274.77
4044,CA-2021-110786,2021-12-29,2022-01-02,4,AJ-10795,235,529,4,70.56
7204,CA-2021-118276,2021-12-29,2022-01-02,4,MG-17890,281,31,4,8.736
5678,CA-2021-126802,2021-12-29,2022-01-05,7,ZC-21910,311,8,4,38.976
4320,CA-2021-152345,2021-12-29,2022-01-03,5,ST-20530,1796,583,3,23.976
4321,CA-2021-152345,2021-12-29,2022-01-03,5,ST-20530,1351,583,3,33.29
9442,CA-2021-165477,2021-12-29,2021-12-31,2,RE-19405,392,285,3,48.36
3305,CA-2021-104738,2021-12-30,2022-01-01,2,SP-20620,876,160,3,12.984
3306,CA-2021-104738,2021-12-30,2022-01-01,2,SP-20620,1832,160,3,217.584
3307,CA-2021-104738,2021-12-30,2022-01-01,2,SP-20620,1707,160,3,328.776
3308,CA-2021-104738,2021-12-30,2022-01-01,2,SP-20620,658,160,3,2.286
3309,CA-2021-104738,2021-12-30,2022-01-01,2,SP-20620,1522,160,3,47.984
306,CA-2021-130960,2021-12-30,2022-01-04,5,KB-16600,603,84,4,9.84
8265,CA-2021-131800,2021-12-30,2022-01-04,5,AJ-10960,470,265,4,122.94
8266,CA-2021-131800,2021-12-30,2022-01-04,5,AJ-10960,711,265,4,35.448
6060,CA-2021-138072,2021-12-30,2022-01-03,4,GA-14725,1565,302,4,27.968
8969,CA-2021-166730,2021-12-30,2022-01-01,2,DD-13570,1433,432,2,39.128
7359,US-2021-115189,2021-12-30,2022-01-03,4,AR-10345,1755,305,3,251.964
7360,US-2021-115189,2021-12-30,2022-01-03,4,AR-10345,364,305,3,523.764
3724,US-2021-169789,2021-12-30,2022-01-04,5,MF-17665,785,456,4,551.985
2006,CA-2021-111150,2021-12-31,2022-01-04,4,RW-19630,496,100,4,29.68
2007,CA-2021-111150,2021-12-31,2022-01-04,4,RW-19630,1602,100,4,47.53
4559,CA-2021-127383,2021-12-31,2022-01-05,5,CM-11815,905,145,4,49.568
7678,CA-2021-133592,2021-12-31,2022-01-07,7,KM-16375,1179,309,4,195.64
7679,CA-2021-133592,2021-12-31,2022-01-07,7,KM-16375,1237,309,4,14.94
7680,CA-2021-133592,2021-12-31,2022-01-07,7,KM-16375,1597,309,4,1687.8
7681,CA-2021-133592,2021-12-31,2022-01-07,7,KM-16375,49,309,4,341.96
7682,CA-2021-133592,2021-12-31,2022-01-07,7,KM-16375,69,309,4,605.88
1546,CA-2021-150245,2021-12-31,2022-01-04,4,PC-18745,3,272,3,1573.488
8804,CA-2021-157644,2021-12-31,2022-01-01,1,AH-10030,1621,265,2,34.77
8805,CA-2021-157644,2021-12-31,2022-01-01,1,AH-10030,1000,265,2,18.9
8603,US-2021-133949,2021-12-31,2021-12-31,0,JL-15175,1825,581,1,475.944
2342,US-2021-143231,2021-12-31,2022-01-03,3,GM-14455,285,222,2,63.2
2343,US-2021-143231,2021-12-31,2022-01-03,3,GM-14455,1506,222,2,113.97
2487,CA-2022-104514,2022-01-02,2022-01-04,2,CB-12535,1402,206,3,85.52
2488,CA-2022-104514,2022-01-02,2022-01-04,2,CB-12535,562,206,3,9.84
2489,CA-2022-104514,2022-01-02,2022-01-04,2,CB-12535,1225,206,3,20.04
213,CA-2022-146262,2022-01-02,2022-01-09,7,VW-21775,995,290,4,23.68
214,CA-2022-146262,2022-01-02,2022-01-09,7,VW-21775,23,290,4,452.45
215,CA-2022-146262,2022-01-02,2022-01-09,7,VW-21775,1874,290,4,62.982
216,CA-2022-146262,2022-01-02,2022-01-09,7,VW-21775,1651,290,4,1188.0
217,CA-2022-146262,2022-01-02,2022-01-09,7,VW-21775,1615,290,4,89.584
3901,CA-2022-121097,2022-01-03,2022-01-08,5,SF-20965,1282,129,4,10.368
5054,CA-2022-141243,2022-01-03,2022-01-08,5,AH-10465,1490,141,3,398.4
5055,CA-2022-141243,2022-01-03,2022-01-08,5,AH-10465,566,141,3,7.056
5056,CA-2022-141243,2022-01-03,2022-01-08,5,AH-10465,33,141,3,1352.3976
5647,CA-2022-104241,2022-01-04,2022-01-09,5,AG-10495,176,436,4,192.22
5349,CA-2022-149811,2022-01-04,2022-01-10,6,CS-12250,766,99,4,32.34
5350,CA-2022-149811,2022-01-04,2022-01-10,6,CS-12250,1035,99,4,39.9
7720,CA-2022-108588,2022-01-05,2022-01-10,5,BG-11695,591,262,4,59.52
7721,CA-2022-108588,2022-01-05,2022-01-10,5,BG-11695,863,262,4,17.48
7722,CA-2022-108588,2022-01-05,2022-01-10,5,BG-11695,855,262,4,13.168
4228,CA-2022-154970,2022-01-05,2022-01-10,5,SR-20740,64,623,4,61.584
8375,CA-2022-158701,2022-01-05,2022-01-10,5,JL-15175,391,529,4,87.36
8376,CA-2022-158701,2022-01-05,2022-01-10,5,JL-15175,726,529,4,56.16
7717,CA-2022-149636,2022-01-06,2022-01-12,6,SP-20620,1074,554,4,29.6
7718,CA-2022-149636,2022-01-06,2022-01-12,6,SP-20620,815,554,4,1.938
7091,CA-2022-119480,2022-01-09,2022-01-13,4,CC-12685,1054,382,4,106.32
7092,CA-2022-119480,2022-01-09,2022-01-13,4,CC-12685,400,382,4,163.44
7093,CA-2022-119480,2022-01-09,2022-01-13,4,CC-12685,515,382,4,42.76
7094,CA-2022-119480,2022-01-09,2022-01-13,4,CC-12685,1102,382,4,51.55
1670,US-2022-157154,2022-01-10,2022-01-15,5,MM-17920,349,263,4,1018.104
9797,CA-2022-128608,2022-01-12,2022-01-17,5,CS-12490,498,295,4,10.368
9798,CA-2022-128608,2022-01-12,2022-01-17,5,CS-12490,1763,295,4,235.188
9799,CA-2022-128608,2022-01-12,2022-01-17,5,CS-12490,1720,295,4,26.376
9800,CA-2022-128608,2022-01-12,2022-01-17,5,CS-12490,1605,295,4,10.384
5211,CA-2022-156755,2022-01-12,2022-01-18,6,YS-21880,1337,206,4,465.18
4857,CA-2022-137526,2022-01-13,2022-01-17,4,PB-19150,706,494,4,70.008
4858,CA-2022-137526,2022-01-13,2022-01-17,4,PB-19150,248,494,4,77.6
4859,CA-2022-137526,2022-01-13,2022-01-17,4,PB-19150,186,494,4,464.85
8535,CA-2022-169677,2022-01-13,2022-01-15,2,KS-16300,998,371,3,9.82
6067,CA-2022-151547,2022-01-17,2022-01-23,6,AH-10465,1451,421,4,88.96
5327,CA-2022-152681,2022-01-17,2022-01-22,5,SC-20260,488,224,4,6.68
468,US-2022-101399,2022-01-17,2022-01-24,7,JS-15940,206,26,4,254.744
6625,CA-2022-141250,2022-01-19,2022-01-23,4,PM-18940,341,178,4,102.438
6626,CA-2022-141250,2022-01-19,2022-01-23,4,PM-18940,92,178,4,199.304
2037,CA-2022-119214,2022-01-23,2022-01-27,4,CW-11905,1136,574,4,29.04
2038,CA-2022-119214,2022-01-23,2022-01-27,4,CW-11905,991,574,4,14.62
7834,CA-2022-128958,2022-01-24,2022-01-28,4,CR-12820,531,368,4,13.12
8909,CA-2022-109603,2022-01-26,2022-02-01,6,EM-13825,1260,504,4,182.72
9413,CA-2022-164777,2022-01-27,2022-01-29,2,SC-20305,91,497,2,2803.92
2537,CA-2022-168746,2022-01-27,2022-01-29,2,SV-20365,94,277,3,181.986
2538,CA-2022-168746,2022-01-27,2022-01-29,2,SV-20365,1845,277,3,431.976
2539,CA-2022-168746,2022-01-27,2022-01-29,2,SV-20365,1811,277,3,155.37
9640,CA-2022-116638,2022-01-28,2022-01-31,3,JH-15985,355,401,3,4297.644
2709,CA-2022-121797,2022-01-30,2022-02-06,7,CC-12145,158,499,4,227.36
2710,CA-2022-121797,2022-01-30,2022-02-06,7,CC-12145,1645,499,4,1919.976
1713,CA-2022-145401,2022-01-30,2022-02-04,5,JP-15520,1089,155,4,14.304
93,CA-2022-149587,2022-01-31,2022-02-05,5,KB-16315,1268,93,3,12.96
94,CA-2022-149587,2022-01-31,2022-02-05,5,KB-16315,293,93,3,53.34
95,CA-2022-149587,2022-01-31,2022-02-05,5,KB-16315,792,93,3,32.96
7764,CA-2022-103093,2022-02-03,2022-02-07,4,FO-14305,904,371,4,74.52
7826,CA-2022-127327,2022-02-03,2022-02-07,4,PW-19030,69,269,4,90.882
7062,CA-2022-132633,2022-02-03,2022-02-05,2,KH-16630,852,605,3,12.144
808,CA-2022-140921,2022-02-03,2022-02-05,2,AA-10375,157,112,2,28.4
809,CA-2022-140921,2022-02-03,2022-02-05,2,AA-10375,1512,112,2,149.97
1909,CA-2022-157959,2022-02-03,2022-02-04,1,RW-19540,255,495,2,136.92
9084,CA-2022-104038,2022-02-06,2022-02-08,2,LO-17170,1433,446,2,146.73
9085,CA-2022-104038,2022-02-06,2022-02-08,2,LO-17170,1183,446,2,29.9
1555,CA-2022-111507,2022-02-06,2022-02-13,7,VW-21775,559,610,4,5.28
8126,CA-2022-137064,2022-02-06,2022-02-13,7,TS-21655,830,155,4,2.934
8127,CA-2022-137064,2022-02-06,2022-02-13,7,TS-21655,1580,155,4,18.528
8128,CA-2022-137064,2022-02-06,2022-02-13,7,TS-21655,1438,155,4,670.752
4941,CA-2022-156482,2022-02-06,2022-02-13,7,IL-15100,120,207,4,1268.82
4942,CA-2022-156482,2022-02-06,2022-02-13,7,IL-15100,22,207,4,283.92
4943,CA-2022-156482,2022-02-06,2022-02-13,7,IL-15100,624,207,4,5.68
6390,CA-2022-147529,2022-02-07,2022-02-11,4,DK-12835,873,445,4,311.15
6391,CA-2022-147529,2022-02-07,2022-02-11,4,DK-12835,1223,445,4,12.96
763,CA-2022-114923,2022-02-08,2022-02-13,5,LH-17020,1776,278,4,107.982
7612,US-2022-130491,2022-02-08,2022-02-11,3,BH-11710,1131,59,2,9.54
7613,US-2022-130491,2022-02-08,2022-02-11,3,BH-11710,921,59,2,5.81
7614,US-2022-130491,2022-02-08,2022-02-11,3,BH-11710,627,59,2,5.76
212,CA-2022-101007,2022-02-09,2022-02-13,4,MS-17980,1575,142,3,20.8
1843,CA-2022-135391,2022-02-09,2022-02-11,2,FA-14230,1020,176,3,40.096
1844,CA-2022-135391,2022-02-09,2022-02-11,2,FA-14230,178,176,3,40.784
3273,CA-2022-146038,2022-02-09,2022-02-16,7,SJ-20215,63,499,4,203.92
7095,US-2022-153374,2022-02-09,2022-02-13,4,JF-15565,1543,12,3,479.952
7298,CA-2022-101126,2022-02-10,2022-02-14,4,NB-18655,1345,305,3,77.24
7685,CA-2022-116876,2022-02-14,2022-02-21,7,TT-21070,707,268,4,26.424
7686,CA-2022-116876,2022-02-14,2022-02-21,7,TT-21070,1863,268,4,625.99
4322,US-2022-147662,2022-02-14,2022-02-19,5,KB-16315,767,274,4,14.952
4323,US-2022-147662,2022-02-14,2022-02-19,5,KB-16315,1767,274,4,323.982
4324,US-2022-147662,2022-02-14,2022-02-19,5,KB-16315,658,274,4,2.286
4325,US-2022-147662,2022-02-14,2022-02-19,5,KB-16315,564,274,4,14.352
4326,US-2022-147662,2022-02-14,2022-02-19,5,KB-16315,1484,274,4,71.976
2248,CA-2022-116092,2022-02-15,2022-02-18,3,JM-16195,1225,494,3,13.36
2249,CA-2022-116092,2022-02-15,2022-02-18,3,JM-16195,653,494,3,41.72
2250,CA-2022-116092,2022-02-15,2022-02-18,3,JM-16195,677,494,3,11.52
2251,CA-2022-116092,2022-02-15,2022-02-18,3,JM-16195,469,494,3,541.44
2252,CA-2022-116092,2022-02-15,2022-02-18,3,JM-16195,1293,494,3,19.44
1788,CA-2022-154326,2022-02-15,2022-02-19,4,RP-19855,1775,186,4,134.97
1789,CA-2022-154326,2022-02-15,2022-02-19,4,RP-19855,1862,186,4,699.98
1790,CA-2022-154326,2022-02-15,2022-02-19,4,RP-19855,1566,186,4,139.95
8135,CA-2022-121776,2022-02-16,2022-02-21,5,RD-19585,1140,495,4,36.84
8136,CA-2022-121776,2022-02-16,2022-02-21,5,RD-19585,973,495,4,87.71
6744,CA-2022-156923,2022-02-16,2022-02-20,4,SP-20860,1183,233,4,35.88
4739,CA-2022-105725,2022-02-18,2022-02-24,6,GT-14755,959,493,4,61.06
4740,CA-2022-105725,2022-02-18,2022-02-24,6,GT-14755,365,493,4,35.544
4217,CA-2022-111234,2022-02-18,2022-02-22,4,AB-10600,1025,494,4,9.24
3463,CA-2022-152611,2022-02-20,2022-02-23,3,KA-16525,626,249,3,286.79
2642,CA-2022-169740,2022-02-20,2022-02-25,5,LM-17065,1483,324,4,29.99
2735,CA-2022-129770,2022-02-21,2022-02-23,2,JE-15715,1052,587,3,49.12
7281,CA-2022-162782,2022-02-21,2022-02-27,6,PW-19240,730,213,4,2541.98
3972,CA-2022-132374,2022-02-22,2022-02-24,2,PS-19045,591,83,3,79.36
8774,CA-2022-132276,2022-02-23,2022-02-28,5,LC-16960,461,264,4,26.88
8775,CA-2022-132276,2022-02-23,2022-02-28,5,LC-16960,701,264,4,10.896
5769,CA-2022-154900,2022-02-25,2022-03-01,4,SS-20875,1009,225,4,3.15
5770,CA-2022-154900,2022-02-25,2022-03-01,4,SS-20875,1033,225,4,22.72
4540,CA-2022-104129,2022-02-27,2022-03-02,3,ES-14080,1887,309,4,105.98
4541,CA-2022-104129,2022-02-27,2022-03-02,3,ES-14080,332,309,4,493.92
3792,CA-2022-111325,2022-02-27,2022-02-28,1,BT-11395,807,298,2,4.419
3793,CA-2022-111325,2022-02-27,2022-02-28,1,BT-11395,545,298,2,16.032
7463,CA-2022-138485,2022-02-27,2022-03-01,2,NP-18670,1586,624,3,538.92
229,US-2022-145436,2022-02-28,2022-03-04,4,VD-21670,79,425,4,161.568
230,US-2022-145436,2022-02-28,2022-03-04,4,VD-21670,81,425,4,389.696
8502,CA-2022-102316,2022-03-01,2022-03-03,2,DH-13075,1876,498,3,15.984
8503,CA-2022-102316,2022-03-01,2022-03-03,2,DH-13075,64,498,3,184.752
9445,CA-2022-104052,2022-03-01,2022-03-02,1,TP-21565,1781,138,2,95.84
8704,CA-2022-133494,2022-03-01,2022-03-05,4,RP-19390,462,302,4,3.552
8781,CA-2022-133585,2022-03-01,2022-03-04,3,CM-12715,610,155,2,55.328
8782,CA-2022-133585,2022-03-01,2022-03-04,3,CM-12715,4,155,2,1227.9984
3454,CA-2022-153325,2022-03-01,2022-03-02,1,ST-20530,857,373,3,58.72
1128,CA-2022-105970,2022-03-02,2022-03-07,5,PA-19060,486,49,4,10.16
1129,CA-2022-105970,2022-03-02,2022-03-07,5,PA-19060,872,49,4,101.88
118,CA-2022-110457,2022-03-02,2022-03-06,4,DK-13090,369,623,4,787.53
5087,CA-2022-109001,2022-03-05,2022-03-09,4,KN-16390,1858,302,4,466.158
5088,CA-2022-109001,2022-03-05,2022-03-09,4,KN-16390,1611,302,4,10.312
5089,CA-2022-109001,2022-03-05,2022-03-09,4,KN-16390,700,302,4,2.556
1881,CA-2022-109512,2022-03-05,2022-03-05,0,LF-17185,902,263,1,29.34
1882,CA-2022-109512,2022-03-05,2022-03-05,0,LF-17185,87,263,1,383.607
1883,CA-2022-109512,2022-03-05,2022-03-05,0,LF-17185,1362,263,1,563.4
5329,CA-2022-120320,2022-03-05,2022-03-09,4,MV-18190,1748,153,4,31.92
5255,CA-2022-125185,2022-03-05,2022-03-07,2,AH-10195,138,299,3,99.372
5256,CA-2022-125185,2022-03-05,2022-03-07,2,AH-10195,141,299,3,33.568
8250,CA-2022-140221,2022-03-05,2022-03-09,4,MS-17365,801,10,3,11.212
8251,CA-2022-140221,2022-03-05,2022-03-09,4,MS-17365,228,10,3,4.712
8252,CA-2022-140221,2022-03-05,2022-03-09,4,MS-17365,398,10,3,180.98
8253,CA-2022-140221,2022-03-05,2022-03-09,4,MS-17365,1330,10,3,60.416
6446,CA-2022-151785,2022-03-05,2022-03-10,5,JJ-15445,929,9,4,7.104
2284,CA-2022-153108,2022-03-05,2022-03-09,4,SF-20200,1774,46,4,23.92
2285,CA-2022-153108,2022-03-05,2022-03-09,4,SF-20200,478,46,4,60.69
2273,CA-2022-142944,2022-03-06,2022-03-11,5,JL-15850,188,530,4,435.26
2274,CA-2022-142944,2022-03-06,2022-03-11,5,JL-15850,1632,530,4,1119.984
6343,CA-2022-146255,2022-03-07,2022-03-10,3,EM-14140,1587,206,2,119.85
6344,CA-2022-146255,2022-03-07,2022-03-10,3,EM-14140,770,206,2,30.44
6345,CA-2022-146255,2022-03-07,2022-03-10,3,EM-14140,846,206,2,69.28
6346,CA-2022-146255,2022-03-07,2022-03-10,3,EM-14140,1791,206,2,587.97
3995,CA-2022-105627,2022-03-08,2022-03-12,4,DK-12895,37,186,4,512.94
3996,CA-2022-105627,2022-03-08,2022-03-12,4,DK-12895,106,186,4,860.93
3997,CA-2022-105627,2022-03-08,2022-03-12,4,DK-12895,1810,186,4,769.95
3998,CA-2022-105627,2022-03-08,2022-03-12,4,DK-12895,518,186,4,14.98
3999,CA-2022-105627,2022-03-08,2022-03-12,4,DK-12895,188,186,4,373.08
5174,CA-2022-107741,2022-03-08,2022-03-10,2,FC-14335,537,565,2,3.408
7782,CA-2022-132136,2022-03-08,2022-03-12,4,FO-14305,696,9,4,8.568
4167,CA-2022-160213,2022-03-08,2022-03-13,5,AR-10825,1266,259,4,19.44
7370,CA-2022-110345,2022-03-09,2022-03-11,2,TG-21310,1005,411,3,4.608
4767,CA-2022-123155,2022-03-09,2022-03-12,3,NS-18640,1558,176,2,113.52
4768,CA-2022-123155,2022-03-09,2022-03-12,3,NS-18640,1822,176,2,359.88
988,CA-2022-146829,2022-03-10,2022-03-10,0,TS-21340,667,154,1,1.112
6610,US-2022-118906,2022-03-10,2022-03-10,0,KB-16585,1387,212,1,89.82
3658,CA-2022-128083,2022-03-12,2022-03-17,5,EB-13750,875,359,4,8.688
3659,CA-2022-128083,2022-03-12,2022-03-17,5,EB-13750,211,359,4,30.88
3660,CA-2022-128083,2022-03-12,2022-03-17,5,EB-13750,147,359,4,6.408
7878,CA-2022-148705,2022-03-12,2022-03-18,6,EB-14170,1009,400,4,5.04
2026,CA-2022-114237,2022-03-13,2022-03-15,2,MC-17275,39,623,2,141.96
6290,US-2022-139675,2022-03-13,2022-03-18,5,NF-18595,60,469,3,915.136
6291,US-2022-139675,2022-03-13,2022-03-18,5,NF-18595,179,469,3,327.76
4163,CA-2022-163587,2022-03-14,2022-03-18,4,EP-13915,963,233,4,16.52
4164,CA-2022-163587,2022-03-14,2022-03-18,4,EP-13915,741,233,4,671.94
9212,CA-2022-167479,2022-03-14,2022-03-19,5,AI-10855,1297,520,4,19.44
4936,CA-2022-155124,2022-03-15,2022-03-21,6,KS-16300,1873,601,4,16.776
1559,CA-2022-112116,2022-03-16,2022-03-18,2,JE-15475,372,623,3,171.96
6923,CA-2022-134257,2022-03-16,2022-03-19,3,MS-17710,1017,314,3,491.55
6924,CA-2022-134257,2022-03-16,2022-03-19,3,MS-17710,874,314,3,7.38
4795,CA-2022-144722,2022-03-16,2022-03-23,7,MF-18250,256,497,4,43.13
507,CA-2022-145352,2022-03-16,2022-03-22,6,CM-12385,623,370,4,2.74
508,CA-2022-145352,2022-03-16,2022-03-22,6,CM-12385,596,370,4,8.34
509,CA-2022-145352,2022-03-16,2022-03-22,6,CM-12385,1384,370,4,46.74
510,CA-2022-145352,2022-03-16,2022-03-22,6,CM-12385,730,370,4,6354.95
4954,CA-2022-153906,2022-03-16,2022-03-20,4,MS-17980,1837,262,4,85.9
7728,US-2022-150231,2022-03-16,2022-03-20,4,JK-15640,494,262,3,17.52
2564,CA-2022-110632,2022-03-17,2022-03-22,5,HR-14830,1516,262,3,15.02
2565,CA-2022-110632,2022-03-17,2022-03-22,5,HR-14830,1428,262,3,33.82
1644,CA-2022-111829,2022-03-19,2022-03-20,1,FH-14365,1335,625,2,1247.64
1645,CA-2022-111829,2022-03-19,2022-03-20,1,FH-14365,1634,625,2,3149.93
1646,CA-2022-111829,2022-03-19,2022-03-20,1,FH-14365,1080,625,2,209.7
2017,CA-2022-113110,2022-03-19,2022-03-23,4,BK-11260,745,523,4,17.568
2018,CA-2022-113110,2022-03-19,2022-03-23,4,BK-11260,1021,523,4,14.62
2019,CA-2022-113110,2022-03-19,2022-03-23,4,BK-11260,1448,523,4,33.36
2020,CA-2022-113110,2022-03-19,2022-03-23,4,BK-11260,1130,523,4,40.14
1566,CA-2022-132101,2022-03-19,2022-03-25,6,JO-15550,1884,624,4,453.576
3576,CA-2022-143532,2022-03-19,2022-03-24,5,DC-12850,1036,353,4,14.496
5588,CA-2022-149993,2022-03-19,2022-03-20,1,GA-14725,953,492,2,10.9
4535,CA-2022-163104,2022-03-19,2022-03-26,7,MC-18130,1241,494,4,11.96
816,CA-2022-106565,2022-03-20,2022-03-23,3,BW-11110,1277,189,2,51.84
4958,CA-2022-127607,2022-03-20,2022-03-26,6,JK-15730,765,134,4,2.512
4959,CA-2022-127607,2022-03-20,2022-03-26,6,JK-15730,949,134,4,18.864
8780,CA-2022-165813,2022-03-20,2022-03-22,2,BM-11785,1389,596,3,29.304
6487,CA-2022-120621,2022-03-21,2022-03-26,5,JW-16075,454,409,4,962.08
6488,CA-2022-120621,2022-03-21,2022-03-26,5,JW-16075,748,409,4,12.843
6489,CA-2022-120621,2022-03-21,2022-03-26,5,JW-16075,1142,409,4,295.456
8556,CA-2022-117884,2022-03-22,2022-03-22,0,DC-13285,1532,359,1,447.944
8557,CA-2022-117884,2022-03-22,2022-03-22,0,DC-13285,1373,359,1,150.408
7654,CA-2022-121552,2022-03-22,2022-03-27,5,FW-14395,565,318,4,19.56
520,CA-2022-157812,2022-03-22,2022-03-26,4,DB-13210,1622,154,4,18.392
521,CA-2022-157812,2022-03-22,2022-03-26,4,DB-13210,1327,154,4,129.568
522,CA-2022-157812,2022-03-22,2022-03-26,4,DB-13210,858,154,4,14.112
5803,CA-2022-163440,2022-03-22,2022-03-24,2,RD-19900,1876,542,2,15.984
5811,US-2022-163279,2022-03-22,2022-03-26,4,JD-16150,1058,526,4,105.52
5812,US-2022-163279,2022-03-22,2022-03-26,4,JD-16150,307,526,4,91.96
5813,US-2022-163279,2022-03-22,2022-03-26,4,JD-16150,1753,526,4,1487.976
4556,CA-2022-130218,2022-03-23,2022-03-26,3,SG-20470,948,416,2,31.56
4557,CA-2022-130218,2022-03-23,2022-03-26,3,SG-20470,1346,416,2,27.92
7967,CA-2022-138219,2022-03-23,2022-03-30,7,BP-11095,1084,499,4,33.36
8880,US-2022-107944,2022-03-23,2022-03-25,2,AM-10360,1109,495,2,192.72
8881,US-2022-107944,2022-03-23,2022-03-25,2,AM-10360,1531,495,2,239.97
1061,US-2022-125374,2022-03-23,2022-03-29,6,JD-16060,64,156,4,107.772
1595,CA-2022-118423,2022-03-24,2022-03-27,3,DP-13390,49,27,2,359.058
7439,CA-2022-145457,2022-03-24,2022-03-27,3,CP-12085,214,612,3,46.9
2558,US-2022-112508,2022-03-24,2022-03-30,6,BP-11185,425,335,4,6.992
1531,CA-2022-103793,2022-03-26,2022-03-31,5,BV-11245,1256,349,4,74.352
5104,CA-2022-167374,2022-03-26,2022-03-30,4,GM-14500,1096,304,3,40.032
5105,CA-2022-167374,2022-03-26,2022-03-30,4,GM-14500,1623,304,3,16.776
5839,CA-2022-132948,2022-03-27,2022-04-03,7,MV-17485,1398,625,4,83.7
693,CA-2022-131534,2022-03-28,2022-04-02,5,AB-10165,1498,497,4,166.24
694,CA-2022-131534,2022-03-28,2022-04-02,5,AB-10165,1244,497,4,33.4
6259,CA-2022-133536,2022-03-28,2022-03-30,2,JH-15820,896,262,3,22.92
2199,CA-2022-135363,2022-03-28,2022-04-02,5,CK-12205,1268,302,4,15.552
2200,CA-2022-135363,2022-03-28,2022-04-02,5,CK-12205,1100,302,4,5.232
6776,CA-2022-105361,2022-03-29,2022-04-04,6,CM-12115,1040,264,4,17.64
4130,CA-2022-121272,2022-03-29,2022-04-04,6,DO-13435,390,623,4,73.28
5755,CA-2022-150749,2022-03-29,2022-04-03,5,AS-10240,584,445,3,5.56
991,CA-2022-153549,2022-03-29,2022-03-31,2,SL-20155,96,343,3,1166.92
4731,US-2022-103996,2022-03-29,2022-03-31,2,RB-19435,1139,527,3,212.64
4732,US-2022-103996,2022-03-29,2022-03-31,2,RB-19435,1118,527,3,9.87
4733,US-2022-103996,2022-03-29,2022-03-31,2,RB-19435,1571,527,3,53.25
4734,US-2022-103996,2022-03-29,2022-03-31,2,RB-19435,250,527,3,19.92
7002,CA-2022-104871,2022-03-30,2022-04-03,4,DR-12940,123,21,4,366.744
6434,CA-2022-121405,2022-03-30,2022-04-04,5,FC-14335,1034,8,4,23.52
6435,CA-2022-121405,2022-03-30,2022-04-04,5,FC-14335,1709,8,4,180.96
6808,CA-2022-128125,2022-03-31,2022-04-05,5,EB-13705,1125,156,4,98.376
6809,CA-2022-128125,2022-03-31,2022-04-05,5,EB-13705,143,156,4,22.38
5529,CA-2022-137106,2022-03-31,2022-04-04,4,SC-20260,1848,343,4,79.96
4046,CA-2022-136378,2022-04-02,2022-04-07,5,CS-11845,670,155,4,9.156
2769,US-2022-122140,2022-04-02,2022-04-07,5,MO-17950,388,142,4,32.192
2770,US-2022-122140,2022-04-02,2022-04-07,5,MO-17950,1517,142,4,50.12
2771,US-2022-122140,2022-04-02,2022-04-07,5,MO-17950,1482,142,4,47.976
7711,US-2022-142811,2022-04-02,2022-04-07,5,JL-15850,1866,454,4,87.8
5781,US-2022-159513,2022-04-02,2022-04-09,7,JD-15790,1699,499,4,71.976
1054,CA-2022-110667,2022-04-04,2022-04-08,4,NF-18595,533,262,4,11.16
1055,CA-2022-110667,2022-04-04,2022-04-08,4,NF-18595,202,262,4,108.4
1056,CA-2022-110667,2022-04-04,2022-04-08,4,NF-18595,757,262,4,82.344
1057,CA-2022-110667,2022-04-04,2022-04-08,4,NF-18595,700,262,4,9.088
1147,CA-2022-112452,2022-04-04,2022-04-04,0,NC-18340,464,74,1,644.076
1148,CA-2022-112452,2022-04-04,2022-04-04,0,NC-18340,941,74,1,5.84
1149,CA-2022-112452,2022-04-04,2022-04-04,0,NC-18340,655,74,1,12.76
1150,CA-2022-112452,2022-04-04,2022-04-04,0,NC-18340,1871,74,1,10.95
1151,CA-2022-112452,2022-04-04,2022-04-04,0,NC-18340,1628,74,1,599.98
9004,CA-2022-102855,2022-04-05,2022-04-06,1,JF-15415,1610,626,1,239.94
9005,CA-2022-102855,2022-04-05,2022-04-06,1,JF-15415,542,626,1,23.84
6066,CA-2022-119942,2022-04-05,2022-04-07,2,TT-21070,988,302,2,23.904
7646,CA-2022-161452,2022-04-05,2022-04-11,6,CA-11965,90,497,4,892.224
3904,CA-2022-167010,2022-04-05,2022-04-10,5,VT-21700,415,305,4,98.112
3905,CA-2022-167010,2022-04-05,2022-04-10,5,VT-21700,1354,305,4,563.808
3906,CA-2022-167010,2022-04-05,2022-04-10,5,VT-21700,717,305,4,10.428
3907,CA-2022-167010,2022-04-05,2022-04-10,5,VT-21700,306,305,4,547.136
3908,CA-2022-167010,2022-04-05,2022-04-10,5,VT-21700,1757,305,4,14.85
3909,CA-2022-167010,2022-04-05,2022-04-10,5,VT-21700,1874,305,4,41.988
3910,CA-2022-167010,2022-04-05,2022-04-10,5,VT-21700,163,305,4,7.584
3911,CA-2022-167010,2022-04-05,2022-04-10,5,VT-21700,9,305,4,352.45
119,US-2022-136476,2022-04-05,2022-04-10,5,GG-14650,737,422,4,157.794
3470,CA-2022-100888,2022-04-06,2022-04-10,4,MH-17455,1143,409,4,47.952
2525,CA-2022-124541,2022-04-06,2022-04-10,4,TT-21220,561,154,4,42.048
2526,CA-2022-124541,2022-04-06,2022-04-10,4,TT-21220,1560,154,4,25.488
2527,CA-2022-124541,2022-04-06,2022-04-10,4,TT-21220,781,154,4,6.9
2528,CA-2022-124541,2022-04-06,2022-04-10,4,TT-21220,732,154,4,9.648
2529,CA-2022-124541,2022-04-06,2022-04-10,4,TT-21220,1214,154,4,7.968
5876,CA-2022-130554,2022-04-07,2022-04-09,2,FM-14290,582,304,2,11.736
4821,CA-2022-140025,2022-04-07,2022-04-11,4,PF-19120,465,176,4,463.248
4822,CA-2022-140025,2022-04-07,2022-04-11,4,PF-19120,1599,176,4,383.952
9037,CA-2022-166492,2022-04-07,2022-04-10,3,RP-19390,1182,265,2,25.92
9038,CA-2022-166492,2022-04-07,2022-04-10,3,RP-19390,1442,265,2,22.58
8467,CA-2022-101000,2022-04-09,2022-04-14,5,IG-15085,455,202,4,370.14
8466,CA-2022-116512,2022-04-09,2022-04-14,5,MC-18100,1383,264,4,17.94
704,CA-2022-142027,2022-04-09,2022-04-14,5,JK-15370,375,493,4,369.912
6061,CA-2022-134201,2022-04-10,2022-04-16,6,EH-14125,1420,268,4,142.04
6062,CA-2022-134201,2022-04-10,2022-04-16,6,EH-14125,546,268,4,14.67
3521,CA-2022-168767,2022-04-10,2022-04-15,5,DM-12955,794,521,4,12.832
922,CA-2022-111164,2022-04-11,2022-04-15,4,SE-20110,1558,262,4,85.14
923,CA-2022-111164,2022-04-11,2022-04-15,4,SE-20110,1815,262,4,21.99
924,CA-2022-111164,2022-04-11,2022-04-15,4,SE-20110,467,262,4,406.6
7334,CA-2022-125563,2022-04-11,2022-04-17,6,PR-18880,246,367,4,67.36
7335,CA-2022-125563,2022-04-11,2022-04-17,6,PR-18880,243,367,4,54.528
7461,US-2022-136987,2022-04-11,2022-04-14,3,AR-10540,1631,494,3,639.968
7462,US-2022-136987,2022-04-11,2022-04-14,3,AR-10540,1058,494,3,52.76
4170,CA-2022-100216,2022-04-13,2022-04-14,1,HJ-14875,1283,454,2,31.104
4171,CA-2022-100216,2022-04-13,2022-04-14,1,HJ-14875,1240,454,2,54.816
7835,CA-2022-106257,2022-04-13,2022-04-17,4,EB-14110,371,498,3,241.568
7836,CA-2022-106257,2022-04-13,2022-04-17,4,EB-14110,1841,498,3,479.92
5539,CA-2022-120551,2022-04-13,2022-04-20,7,SS-20590,727,111,4,17.43
2069,CA-2022-133452,2022-04-13,2022-04-19,6,ZC-21910,1593,513,4,199.96
2070,CA-2022-133452,2022-04-13,2022-04-19,6,ZC-21910,366,513,4,710.832
8400,CA-2022-133837,2022-04-13,2022-04-18,5,TH-21100,1381,453,4,10.744
2094,CA-2022-149678,2022-04-13,2022-04-15,2,AW-10840,1473,586,3,12.88
5179,US-2022-120502,2022-04-13,2022-04-19,6,BT-11395,247,497,4,37.68
5180,US-2022-120502,2022-04-13,2022-04-19,6,BT-11395,1717,497,4,258.576
5181,US-2022-120502,2022-04-13,2022-04-19,6,BT-11395,387,497,4,75.84
8929,US-2022-168704,2022-04-13,2022-04-17,4,FP-14320,356,157,4,609.98
8930,US-2022-168704,2022-04-13,2022-04-17,4,FP-14320,371,157,4,211.372
8931,US-2022-168704,2022-04-13,2022-04-17,4,FP-14320,1726,157,4,239.976
9600,CA-2022-116841,2022-04-14,2022-04-18,4,TP-21130,395,597,4,35.208
5250,CA-2022-106215,2022-04-16,2022-04-21,5,BN-11470,942,305,4,12.576
7457,CA-2022-137974,2022-04-16,2022-04-18,2,LL-16840,1786,448,2,569.64
7458,CA-2022-137974,2022-04-16,2022-04-18,2,LL-16840,710,448,2,9.14
7459,CA-2022-137974,2022-04-16,2022-04-18,2,LL-16840,306,448,2,1196.86
7460,CA-2022-137974,2022-04-16,2022-04-18,2,LL-16840,25,448,2,523.26
7583,CA-2022-142734,2022-04-16,2022-04-21,5,DM-13345,119,264,4,127.764
6201,CA-2022-146675,2022-04-16,2022-04-20,4,SB-20185,1634,15,4,1439.968
6202,CA-2022-146675,2022-04-16,2022-04-20,4,SB-20185,1536,15,4,43.56
1062,CA-2022-161263,2022-04-16,2022-04-21,5,TS-21160,411,295,4,45.216
1063,CA-2022-161263,2022-04-16,2022-04-21,5,TS-21160,954,295,4,10.416
1064,CA-2022-161263,2022-04-16,2022-04-21,5,TS-21160,531,295,4,7.872
1065,CA-2022-161263,2022-04-16,2022-04-21,5,TS-21160,1831,295,4,118.782
1066,CA-2022-161263,2022-04-16,2022-04-21,5,TS-21160,927,295,4,1.448
1067,CA-2022-161263,2022-04-16,2022-04-21,5,TS-21160,775,295,4,55.47
5443,CA-2022-148712,2022-04-17,2022-04-23,6,JM-15535,1490,265,4,99.6
5444,CA-2022-148712,2022-04-17,2022-04-23,6,JM-15535,722,265,4,62.296
5445,CA-2022-148712,2022-04-17,2022-04-23,6,JM-15535,502,265,4,10.71
2753,CA-2022-155306,2022-04-17,2022-04-21,4,GA-14515,617,530,4,5.56
2754,CA-2022-155306,2022-04-17,2022-04-21,4,GA-14515,1596,530,4,323.37
2755,CA-2022-155306,2022-04-17,2022-04-21,4,GA-14515,1833,530,4,783.96
2756,CA-2022-155306,2022-04-17,2022-04-21,4,GA-14515,465,530,4,1447.65
2757,CA-2022-155306,2022-04-17,2022-04-21,4,GA-14515,1165,530,4,11.96
2512,CA-2022-102722,2022-04-18,2022-04-19,1,KW-16570,1571,391,2,106.5
50,CA-2022-115742,2022-04-18,2022-04-22,4,DP-13000,708,45,4,38.22
51,CA-2022-115742,2022-04-18,2022-04-22,4,DP-13000,973,45,4,75.18
52,CA-2022-115742,2022-04-18,2022-04-22,4,DP-13000,270,45,4,6.16
53,CA-2022-115742,2022-04-18,2022-04-22,4,DP-13000,77,45,4,89.99
4720,CA-2022-142601,2022-04-18,2022-04-20,2,DE-13255,1439,494,3,947.17
4721,CA-2022-142601,2022-04-18,2022-04-20,2,DE-13255,1160,494,3,61.96
6140,US-2022-113593,2022-04-18,2022-04-20,2,NC-18415,1319,538,2,115.44
4197,US-2022-134271,2022-04-18,2022-04-23,5,RF-19735,974,264,3,21.93
9297,US-2022-163433,2022-04-18,2022-04-22,4,MP-17965,1618,164,3,41.424
9298,US-2022-163433,2022-04-18,2022-04-22,4,MP-17965,1769,164,3,244.768
9299,US-2022-163433,2022-04-18,2022-04-22,4,MP-17965,525,164,3,74.352
9300,US-2022-163433,2022-04-18,2022-04-22,4,MP-17965,766,164,3,4.312
9301,US-2022-163433,2022-04-18,2022-04-22,4,MP-17965,70,164,3,56.686
9302,US-2022-163433,2022-04-18,2022-04-22,4,MP-17965,1794,164,3,97.968
9303,US-2022-163433,2022-04-18,2022-04-22,4,MP-17965,600,164,3,7.872
9304,US-2022-163433,2022-04-18,2022-04-22,4,MP-17965,1263,164,3,15.552
9305,US-2022-163433,2022-04-18,2022-04-22,4,MP-17965,751,164,3,1.476
6035,US-2022-155369,2022-04-19,2022-04-25,6,PG-18820,438,134,4,19.568
6036,US-2022-155369,2022-04-19,2022-04-25,6,PG-18820,729,134,4,310.392
8301,CA-2022-109169,2022-04-20,2022-04-24,4,OT-18730,910,70,4,180.96
6168,CA-2022-142433,2022-04-20,2022-04-25,5,ES-14020,1178,153,4,117.456
2291,CA-2022-149342,2022-04-20,2022-04-25,5,TS-21160,1849,371,4,287.97
2292,CA-2022-149342,2022-04-20,2022-04-25,5,TS-21160,252,371,4,595.38
2293,CA-2022-149342,2022-04-20,2022-04-25,5,TS-21160,1269,371,4,12.96
6612,CA-2022-107678,2022-04-21,2022-04-28,7,JK-16090,62,383,4,191.96
6613,CA-2022-107678,2022-04-21,2022-04-28,7,JK-16090,845,383,4,21.3
6614,CA-2022-107678,2022-04-21,2022-04-28,7,JK-16090,1778,383,4,469.95
6615,CA-2022-107678,2022-04-21,2022-04-28,7,JK-16090,304,383,4,209.88
6293,CA-2022-151253,2022-04-22,2022-04-26,4,AZ-10750,1792,495,4,88.776
6294,CA-2022-151253,2022-04-22,2022-04-26,4,AZ-10750,515,495,4,64.14
4766,CA-2022-118227,2022-04-24,2022-04-28,4,DB-13270,501,262,4,25.99
3141,CA-2022-112557,2022-04-25,2022-04-28,3,JL-15850,450,265,2,206.43
6956,CA-2022-115420,2022-04-25,2022-05-02,7,LS-16945,882,494,4,21.34
6948,CA-2022-130365,2022-04-25,2022-04-29,4,ZC-21910,1401,2,4,221.024
6949,CA-2022-130365,2022-04-25,2022-04-29,4,ZC-21910,54,2,4,128.058
886,CA-2022-143602,2022-04-25,2022-04-28,3,JS-15595,727,498,3,13.944
6051,CA-2022-153878,2022-04-25,2022-04-30,5,TS-21655,574,189,4,57.75
6052,CA-2022-153878,2022-04-25,2022-04-30,5,TS-21655,400,189,4,272.4
8207,CA-2022-122266,2022-04-26,2022-04-30,4,SA-20830,345,336,4,191.5155
8208,CA-2022-122266,2022-04-26,2022-04-30,4,SA-20830,531,336,4,2.624
7829,CA-2022-137302,2022-04-26,2022-05-01,5,BW-11110,135,527,4,63.936
7830,CA-2022-137302,2022-04-26,2022-05-01,5,BW-11110,597,527,4,59.52
7831,CA-2022-137302,2022-04-26,2022-05-01,5,BW-11110,1855,527,4,311.976
7832,CA-2022-137302,2022-04-26,2022-05-01,5,BW-11110,755,527,4,50.352
2899,US-2022-114839,2022-04-26,2022-04-30,4,PW-19240,96,153,4,408.422
73,US-2022-134026,2022-04-26,2022-05-02,6,JE-15745,94,432,4,831.936
74,US-2022-134026,2022-04-26,2022-05-02,6,JE-15745,314,432,4,97.04
75,US-2022-134026,2022-04-26,2022-05-02,6,JE-15745,1406,432,4,72.784
1021,CA-2022-124450,2022-04-27,2022-05-03,6,GT-14710,637,208,4,22.74
1022,CA-2022-124450,2022-04-27,2022-05-03,6,GT-14710,56,208,4,1267.53
1023,CA-2022-124450,2022-04-27,2022-05-03,6,GT-14710,1654,208,4,1379.92
3418,CA-2022-151841,2022-04-27,2022-05-02,5,TC-21475,401,552,4,43.56
3419,CA-2022-151841,2022-04-27,2022-05-02,5,TC-21475,1462,552,4,5.84
7683,CA-2022-120782,2022-04-28,2022-05-01,3,SD-20485,473,76,2,186.732
7684,CA-2022-120782,2022-04-28,2022-05-01,3,SD-20485,730,76,2,3812.97
379,CA-2022-130792,2022-04-28,2022-05-05,7,RA-19915,447,156,4,8.652
380,CA-2022-130792,2022-04-28,2022-05-05,7,RA-19915,1322,156,4,23.832
381,CA-2022-130792,2022-04-28,2022-05-05,7,RA-19915,770,156,4,12.176
5861,CA-2022-157434,2022-04-29,2022-05-04,5,JK-15640,1214,302,3,7.968
6592,CA-2022-103716,2022-04-30,2022-05-06,6,KB-16585,574,529,4,34.65
6593,CA-2022-103716,2022-04-30,2022-05-06,6,KB-16585,1757,529,4,19.8
3045,CA-2022-135174,2022-04-30,2022-05-02,2,BP-11230,1750,296,3,1022.97
8347,US-2022-115238,2022-04-30,2022-05-04,4,JW-15220,196,224,4,31.4
8348,US-2022-115238,2022-04-30,2022-05-04,4,JW-15220,173,224,4,9.48
8349,US-2022-115238,2022-04-30,2022-05-04,4,JW-15220,1889,224,4,209.5
8350,US-2022-115238,2022-04-30,2022-05-04,4,JW-15220,222,224,4,24.3
8351,US-2022-115238,2022-04-30,2022-05-04,4,JW-15220,1122,224,4,6.48
67,US-2022-164175,2022-04-30,2022-05-05,5,PS-18970,87,8,4,213.115
6348,CA-2022-104486,2022-05-01,2022-05-06,5,PO-18850,770,528,4,12.176
6349,CA-2022-104486,2022-05-01,2022-05-06,5,PO-18850,1347,528,4,37.32
6350,CA-2022-104486,2022-05-01,2022-05-06,5,PO-18850,1444,528,4,35.06
1450,CA-2022-145821,2022-05-01,2022-05-07,6,JB-15400,1817,495,4,88.752
3992,CA-2022-161998,2022-05-01,2022-05-05,4,DB-13120,162,367,4,63.552
3993,CA-2022-161998,2022-05-01,2022-05-05,4,DB-13120,1465,367,4,41.376
3994,CA-2022-161998,2022-05-01,2022-05-05,4,DB-13120,611,367,4,172.704
4114,CA-2022-116687,2022-05-02,2022-05-07,5,NC-18625,992,156,4,8.856
4115,CA-2022-116687,2022-05-02,2022-05-07,5,NC-18625,1868,156,4,158.376
3778,CA-2022-107937,2022-05-03,2022-05-08,5,JB-16045,291,470,4,665.88
4657,CA-2022-112130,2022-05-03,2022-05-07,4,SV-20785,633,304,4,59.904
4658,CA-2022-112130,2022-05-03,2022-05-07,4,SV-20785,448,304,4,23.696
4659,CA-2022-112130,2022-05-03,2022-05-07,4,SV-20785,1157,304,4,7.968
4660,CA-2022-112130,2022-05-03,2022-05-07,4,SV-20785,418,304,4,18.2
4661,CA-2022-112130,2022-05-03,2022-05-07,4,SV-20785,1603,304,4,27.552
4662,CA-2022-112130,2022-05-03,2022-05-07,4,SV-20785,76,304,4,844.116
4663,CA-2022-112130,2022-05-03,2022-05-07,4,SV-20785,1350,304,4,76.752
7217,CA-2022-150770,2022-05-03,2022-05-06,3,LC-16870,566,528,2,8.82
7218,CA-2022-150770,2022-05-03,2022-05-06,3,LC-16870,791,528,2,62.496
7219,CA-2022-150770,2022-05-03,2022-05-06,3,LC-16870,1548,528,2,339.96
7220,CA-2022-150770,2022-05-03,2022-05-06,3,LC-16870,749,528,2,49.568
9551,CA-2022-160864,2022-05-03,2022-05-06,3,NF-18595,676,532,2,13.848
5727,CA-2022-110548,2022-05-04,2022-05-08,4,AH-10690,1872,156,4,946.344
3403,CA-2022-129700,2022-05-04,2022-05-05,1,LA-16780,301,33,2,22.288
305,CA-2022-144253,2022-05-04,2022-05-09,5,AS-10225,230,264,3,26.8
6595,CA-2022-146290,2022-05-04,2022-05-11,7,SV-20815,554,40,4,125.93
2975,CA-2022-137512,2022-05-07,2022-05-12,5,AG-10675,358,125,4,244.006
2976,CA-2022-137512,2022-05-07,2022-05-12,5,AG-10675,1247,125,4,15.936
5889,CA-2022-147879,2022-05-07,2022-05-12,5,CC-12220,1164,385,4,45.68
1979,CA-2022-109939,2022-05-08,2022-05-12,4,AA-10375,571,596,4,5.248
1152,CA-2022-113971,2022-05-08,2022-05-14,6,CB-12535,226,279,4,8.352
5062,CA-2022-136798,2022-05-08,2022-05-12,4,DL-12925,851,93,4,43.98
5063,CA-2022-136798,2022-05-08,2022-05-12,4,DL-12925,1879,93,4,377.97
5064,CA-2022-136798,2022-05-08,2022-05-12,4,DL-12925,187,93,4,123.96
5528,CA-2022-142055,2022-05-08,2022-05-10,2,AB-10255,1174,262,2,37.94
5708,US-2022-160857,2022-05-08,2022-05-15,7,NW-18400,162,264,4,79.44
5709,US-2022-160857,2022-05-08,2022-05-15,7,NW-18400,1463,264,4,357.93
5710,US-2022-160857,2022-05-08,2022-05-15,7,NW-18400,138,264,4,127.764
5711,US-2022-160857,2022-05-08,2022-05-15,7,NW-18400,1640,264,4,2799.944
5712,US-2022-160857,2022-05-08,2022-05-15,7,NW-18400,1276,264,4,19.44
9786,CA-2022-155635,2022-05-09,2022-05-13,4,ME-17725,656,383,4,48.81
8247,CA-2022-129217,2022-05-10,2022-05-10,0,DP-13390,481,2,1,70.97
8248,CA-2022-129217,2022-05-10,2022-05-10,0,DP-13390,523,2,1,36.784
8465,CA-2022-144043,2022-05-10,2022-05-15,5,AB-10165,1486,562,4,46.688
9541,CA-2022-135727,2022-05-11,2022-05-16,5,PS-18970,55,456,3,191.968
5212,CA-2022-130876,2022-05-12,2022-05-16,4,AZ-10750,1389,264,3,36.63
8662,CA-2022-131856,2022-05-12,2022-05-17,5,JG-15160,177,154,4,21.968
8663,CA-2022-131856,2022-05-12,2022-05-17,5,JG-15160,1760,154,4,619.152
8664,CA-2022-131856,2022-05-12,2022-05-17,5,JG-15160,1230,154,4,127.904
2804,CA-2022-159380,2022-05-12,2022-05-16,4,CS-12505,1228,530,4,12.84
2805,CA-2022-159380,2022-05-12,2022-05-16,4,CS-12505,1219,530,4,25.68
6261,CA-2022-162607,2022-05-12,2022-05-18,6,RO-19780,812,625,4,14.592
4716,US-2022-122910,2022-05-12,2022-05-16,4,LT-16765,1879,562,4,201.584
7160,CA-2022-145835,2022-05-13,2022-05-18,5,BF-11170,1878,9,3,222.384
7161,CA-2022-145835,2022-05-13,2022-05-18,5,BF-11170,919,9,3,16.0
7404,CA-2022-100146,2022-05-14,2022-05-19,5,CB-12535,6,468,4,509.9575
7405,CA-2022-100146,2022-05-14,2022-05-19,5,CB-12535,179,468,4,122.91
7406,CA-2022-100146,2022-05-14,2022-05-19,5,CB-12535,116,468,4,97.568
7407,CA-2022-100146,2022-05-14,2022-05-19,5,CB-12535,78,468,4,722.352
695,CA-2022-119291,2022-05-14,2022-05-17,3,JO-15550,525,300,2,198.272
696,CA-2022-119291,2022-05-14,2022-05-17,3,JO-15550,979,300,2,47.36
697,CA-2022-119291,2022-05-14,2022-05-17,3,JO-15550,880,300,2,200.984
698,CA-2022-119291,2022-05-14,2022-05-17,3,JO-15550,959,300,2,97.696
699,CA-2022-119291,2022-05-14,2022-05-17,3,JO-15550,505,300,2,2.696
700,CA-2022-119291,2022-05-14,2022-05-17,3,JO-15550,749,300,2,18.588
701,CA-2022-119291,2022-05-14,2022-05-17,3,JO-15550,839,300,2,4.896
6688,CA-2022-165162,2022-05-14,2022-05-21,7,HG-15025,1438,496,4,1117.92
8589,CA-2022-138492,2022-05-15,2022-05-22,7,FC-14335,1356,304,4,51.968
5644,CA-2022-166604,2022-05-15,2022-05-20,5,AH-10690,911,375,3,17.94
1468,CA-2022-100769,2022-05-16,2022-05-16,0,TH-21550,1599,343,1,255.968
4289,US-2022-117184,2022-05-17,2022-05-21,4,ON-18715,769,156,4,33.28
4290,US-2022-117184,2022-05-17,2022-05-21,4,ON-18715,1114,156,4,14.088
9051,CA-2022-165554,2022-05-18,2022-05-22,4,AJ-10780,1128,494,4,10.86
6702,CA-2022-153535,2022-05-20,2022-05-24,4,SG-20470,178,414,4,163.136
6703,CA-2022-153535,2022-05-20,2022-05-24,4,SG-20470,809,414,4,6.408
6920,CA-2022-102806,2022-05-21,2022-05-28,7,HG-14965,850,305,4,24.588
5337,CA-2022-169278,2022-05-21,2022-05-25,4,ME-18010,788,624,4,26.976
5248,US-2022-168914,2022-05-21,2022-05-27,6,JE-15745,435,16,4,20.768
8102,CA-2022-149846,2022-05-22,2022-05-26,4,SB-20185,963,498,4,8.26
8103,CA-2022-149846,2022-05-22,2022-05-26,4,SB-20185,1703,498,4,2973.32
8104,CA-2022-149846,2022-05-22,2022-05-26,4,SB-20185,1387,498,4,104.79
8105,CA-2022-149846,2022-05-22,2022-05-26,4,SB-20185,1717,498,4,775.728
5093,CA-2022-119102,2022-05-23,2022-05-27,4,KH-16690,1320,311,4,51.45
7625,CA-2022-136805,2022-05-23,2022-05-27,4,NM-18445,441,70,3,850.5
7626,CA-2022-136805,2022-05-23,2022-05-27,4,NM-18445,324,70,3,75.33
786,CA-2022-154921,2022-05-23,2022-05-28,5,EA-14035,873,415,4,186.69
3297,US-2022-110569,2022-05-23,2022-05-30,7,EB-13870,710,456,4,19.194
3298,US-2022-110569,2022-05-23,2022-05-30,7,EB-13870,440,456,4,121.792
6899,US-2022-165512,2022-05-24,2022-05-26,2,VS-21820,71,20,3,602.651
6900,US-2022-165512,2022-05-24,2022-05-26,2,VS-21820,687,20,3,7.656
4966,CA-2022-109708,2022-05-25,2022-05-28,3,CY-12745,1881,425,3,467.04
9108,CA-2022-132941,2022-05-25,2022-05-28,3,MM-18280,1468,151,2,22.368
9109,CA-2022-132941,2022-05-25,2022-05-28,3,MM-18280,1245,151,2,32.368
9110,CA-2022-132941,2022-05-25,2022-05-28,3,MM-18280,1528,151,2,207.984
1296,CA-2022-138898,2022-05-25,2022-05-29,4,JH-16180,467,565,4,845.728
1937,CA-2022-141768,2022-05-25,2022-05-27,2,NP-18685,323,528,3,14.73
4571,US-2022-152128,2022-05-25,2022-05-27,2,NM-18445,625,63,3,21.24
4572,US-2022-152128,2022-05-25,2022-05-27,2,NM-18445,740,63,3,127.96
9576,CA-2022-143147,2022-05-26,2022-05-28,2,PS-18760,118,176,3,105.686
9577,CA-2022-143147,2022-05-26,2022-05-28,2,PS-18760,1695,176,3,399.54
9578,CA-2022-143147,2022-05-26,2022-05-28,2,PS-18760,82,176,3,104.93
7295,CA-2022-148964,2022-05-26,2022-05-31,5,RD-19900,170,610,4,20.24
4603,US-2022-113327,2022-05-26,2022-05-29,3,BF-11170,1260,409,3,18.272
4604,US-2022-113327,2022-05-26,2022-05-29,3,BF-11170,1201,409,3,153.728
4605,US-2022-113327,2022-05-26,2022-05-29,3,BF-11170,896,409,3,12.224
4606,US-2022-113327,2022-05-26,2022-05-29,3,BF-11170,1522,409,3,167.944
157,CA-2022-118948,2022-05-28,2022-06-03,6,NK-18490,560,624,4,6.63
1344,CA-2022-131758,2022-05-28,2022-06-01,4,KB-16315,511,255,4,47.82
1345,CA-2022-131758,2022-05-28,2022-06-01,4,KB-16315,983,255,4,13.05
4607,CA-2022-135020,2022-05-28,2022-06-02,5,MS-17770,1829,268,4,45.99
4608,CA-2022-135020,2022-05-28,2022-06-02,5,MS-17770,1371,268,4,535.41
4609,CA-2022-135020,2022-05-28,2022-06-02,5,MS-17770,665,268,4,6.096
4610,CA-2022-135020,2022-05-28,2022-06-02,5,MS-17770,1292,268,4,45.36
8387,CA-2022-149601,2022-05-28,2022-06-03,6,TB-21625,1315,198,4,16.24
8388,CA-2022-149601,2022-05-28,2022-06-03,6,TB-21625,1385,198,4,77.55
9371,CA-2022-111339,2022-05-29,2022-05-31,2,VP-21760,316,278,2,41.568
9372,CA-2022-111339,2022-05-29,2022-05-31,2,VP-21760,118,278,2,317.058
9373,CA-2022-111339,2022-05-29,2022-05-31,2,VP-21760,932,278,2,8.04
944,CA-2022-120880,2022-05-29,2022-06-03,5,JL-15850,1154,624,4,32.4
945,CA-2022-120880,2022-05-29,2022-06-03,5,JL-15850,1417,624,4,540.57
946,CA-2022-120880,2022-05-29,2022-06-03,5,JL-15850,702,624,4,167.76
9446,CA-2022-168277,2022-05-29,2022-06-03,5,KB-16315,963,40,4,12.39
5514,CA-2022-103177,2022-05-30,2022-06-01,2,EN-13780,1852,262,2,239.97
5515,CA-2022-103177,2022-05-30,2022-06-01,2,EN-13780,427,262,2,160.32
5516,CA-2022-103177,2022-05-30,2022-06-01,2,EN-13780,1837,262,2,128.85
9553,CA-2022-163923,2022-05-30,2022-06-03,4,BD-11560,1506,445,4,151.96
9475,CA-2022-100818,2022-05-31,2022-06-05,5,JM-15265,992,10,3,5.904
9476,CA-2022-100818,2022-05-31,2022-06-05,5,JM-15265,1256,10,3,173.488
9477,CA-2022-100818,2022-05-31,2022-06-05,5,JM-15265,313,10,3,51.56
9478,CA-2022-100818,2022-05-31,2022-06-05,5,JM-15265,823,10,3,3.564
6885,CA-2022-120677,2022-05-31,2022-06-04,4,BD-11320,110,93,4,2567.84
154,CA-2022-124919,2022-05-31,2022-06-02,2,SP-20650,1096,532,2,58.38
155,CA-2022-124919,2022-05-31,2022-06-02,2,SP-20650,1142,532,2,105.52
156,CA-2022-124919,2022-05-31,2022-06-02,2,SP-20650,1427,532,2,80.88
913,CA-2022-133627,2022-05-31,2022-06-07,7,SC-20050,142,202,4,22.2
7379,CA-2022-136224,2022-05-31,2022-05-31,0,ML-18265,599,403,1,10.272
2559,CA-2022-147788,2022-05-31,2022-06-04,4,TM-21010,32,604,4,1406.86
2560,CA-2022-147788,2022-05-31,2022-06-04,4,TM-21010,1023,604,4,15.75
2561,CA-2022-147788,2022-05-31,2022-06-04,4,TM-21010,1364,604,4,323.1
9783,CA-2022-149748,2022-05-31,2022-06-02,2,EM-13825,1148,248,3,274.8
9784,CA-2022-149748,2022-05-31,2022-06-02,2,EM-13825,1355,248,3,62.18
9785,CA-2022-149748,2022-05-31,2022-06-02,2,EM-13825,219,248,3,8.28
7748,CA-2022-156153,2022-05-31,2022-06-02,2,CW-11905,928,259,3,7.56
9565,CA-2022-161242,2022-06-01,2022-06-08,7,CG-12040,1034,498,4,11.76
9094,US-2022-132836,2022-06-01,2022-06-05,4,AJ-10945,1840,69,4,299.98
9095,US-2022-132836,2022-06-01,2022-06-05,4,AJ-10945,718,69,4,403.68
9096,US-2022-132836,2022-06-01,2022-06-05,4,AJ-10945,1889,69,4,41.9
9097,US-2022-132836,2022-06-01,2022-06-05,4,AJ-10945,980,69,4,28.91
3969,US-2022-163685,2022-06-01,2022-06-05,4,KE-16420,695,176,4,5.728
3970,US-2022-163685,2022-06-01,2022-06-05,4,KE-16420,1191,176,4,42.24
7250,CA-2022-158491,2022-06-04,2022-06-09,5,BP-11155,1540,495,3,119.98
7251,CA-2022-158491,2022-06-04,2022-06-09,5,BP-11155,1555,495,3,989.97
1816,CA-2022-164833,2022-06-04,2022-06-04,0,LL-16840,992,624,1,7.38
1817,CA-2022-164833,2022-06-04,2022-06-04,0,LL-16840,504,624,1,9.26
3361,US-2022-142020,2022-06-04,2022-06-08,4,TC-21535,1134,264,3,30.44
3362,US-2022-142020,2022-06-04,2022-06-08,4,TC-21535,235,264,3,35.28
8829,CA-2022-115168,2022-06-05,2022-06-09,4,BB-11545,1249,105,4,10.56
6559,CA-2022-166947,2022-06-05,2022-06-10,5,EB-13750,104,254,4,1522.638
2412,CA-2022-142041,2022-06-07,2022-06-09,2,EM-13810,647,497,3,7.52
8537,CA-2022-157343,2022-06-07,2022-06-11,4,HD-14785,670,305,4,18.312
8538,CA-2022-157343,2022-06-07,2022-06-11,4,HD-14785,1271,305,4,25.92
8539,CA-2022-157343,2022-06-07,2022-06-11,4,HD-14785,488,305,4,8.016
9164,CA-2022-164007,2022-06-08,2022-06-12,4,MG-17695,1556,8,4,2.376
9165,CA-2022-164007,2022-06-08,2022-06-12,4,MG-17695,464,8,4,143.128
5835,CA-2022-101868,2022-06-09,2022-06-16,7,MJ-17740,779,350,4,64.2
5836,CA-2022-101868,2022-06-09,2022-06-16,7,MJ-17740,842,350,4,38.52
5837,CA-2022-101868,2022-06-09,2022-06-16,7,MJ-17740,1536,350,4,72.6
4579,CA-2022-110947,2022-06-09,2022-06-15,6,AG-10765,833,440,4,113.1
5671,CA-2022-141012,2022-06-09,2022-06-11,2,TG-21640,271,571,3,355.36
5672,CA-2022-141012,2022-06-09,2022-06-11,2,TG-21640,1759,571,3,140.376
4952,CA-2022-144190,2022-06-09,2022-06-13,4,NC-18415,1264,81,4,12.96
3119,CA-2022-121720,2022-06-11,2022-06-12,1,JE-15610,95,346,2,1123.92
3120,CA-2022-121720,2022-06-11,2022-06-12,1,JE-15610,1746,346,2,249.584
3121,CA-2022-121720,2022-06-11,2022-06-12,1,JE-15610,297,346,2,48.672
3122,CA-2022-121720,2022-06-11,2022-06-12,1,JE-15610,551,346,2,60.768
3123,CA-2022-121720,2022-06-11,2022-06-12,1,JE-15610,786,346,2,78.6
3124,CA-2022-121720,2022-06-11,2022-06-12,1,JE-15610,765,346,2,3.768
3125,CA-2022-121720,2022-06-11,2022-06-12,1,JE-15610,1429,346,2,1036.624
3126,CA-2022-121720,2022-06-11,2022-06-12,1,JE-15610,1354,346,2,563.808
3035,US-2022-123960,2022-06-11,2022-06-16,5,BD-11605,1517,391,4,53.7
3036,US-2022-123960,2022-06-11,2022-06-16,5,BD-11605,819,391,4,36.26
3037,US-2022-123960,2022-06-11,2022-06-16,5,BD-11605,520,391,4,56.3
3038,US-2022-123960,2022-06-11,2022-06-16,5,BD-11605,1296,391,4,32.4
3039,US-2022-123960,2022-06-11,2022-06-16,5,BD-11605,164,391,4,29.16
6914,CA-2022-104115,2022-06-12,2022-06-16,4,JH-15910,1874,368,4,55.984
3446,CA-2022-131779,2022-06-12,2022-06-17,5,LE-16810,1383,206,4,29.9
9072,CA-2022-136105,2022-06-12,2022-06-16,4,SZ-20035,1393,37,4,24.56
2980,CA-2022-139850,2022-06-12,2022-06-17,5,GB-14575,1266,303,4,20.736
2981,CA-2022-139850,2022-06-12,2022-06-17,5,GB-14575,181,303,4,43.296
8274,CA-2022-104059,2022-06-13,2022-06-15,2,FC-14245,570,294,3,3.424
3703,CA-2022-104941,2022-06-13,2022-06-19,6,DH-13075,558,315,4,24.78
3704,CA-2022-104941,2022-06-13,2022-06-19,6,DH-13075,687,315,4,19.14
3705,CA-2022-104941,2022-06-13,2022-06-19,6,DH-13075,1628,315,4,899.97
3706,CA-2022-104941,2022-06-13,2022-06-19,6,DH-13075,1276,315,4,32.4
1038,CA-2022-127418,2022-06-13,2022-06-14,1,JJ-15445,670,494,2,36.624
6089,CA-2022-137281,2022-06-13,2022-06-17,4,BF-10975,1274,375,4,6.48
4736,CA-2022-155054,2022-06-13,2022-06-19,6,PS-19045,649,210,4,8.26
4737,CA-2022-155054,2022-06-13,2022-06-19,6,PS-19045,813,210,4,29.84
4738,CA-2022-155054,2022-06-13,2022-06-19,6,PS-19045,1521,210,4,67.98
1327,CA-2022-120439,2022-06-14,2022-06-18,4,AD-10180,215,302,4,51.072
3881,CA-2022-129896,2022-06-15,2022-06-20,5,PF-19120,1155,452,4,9.568
3882,CA-2022-129896,2022-06-15,2022-06-20,5,PF-19120,1324,452,4,82.368
3883,CA-2022-129896,2022-06-15,2022-06-20,5,PF-19120,192,452,4,364.704
3884,CA-2022-129896,2022-06-15,2022-06-20,5,PF-19120,166,452,4,40.256
7597,CA-2022-164567,2022-06-15,2022-06-19,4,GK-14620,1778,494,4,225.576
5815,US-2022-106495,2022-06-15,2022-06-17,2,AC-10450,1486,367,2,11.672
3937,CA-2022-118955,2022-06-16,2022-06-20,4,LS-17230,897,149,4,28.752
3938,CA-2022-118955,2022-06-16,2022-06-20,4,LS-17230,1138,149,4,27.216
3939,CA-2022-118955,2022-06-16,2022-06-20,4,LS-17230,120,149,4,197.372
1024,CA-2022-167269,2022-06-16,2022-06-20,4,PB-19150,888,303,4,6.208
8750,US-2022-163825,2022-06-16,2022-06-19,3,LC-16885,730,262,2,3050.376
8751,US-2022-163825,2022-06-16,2022-06-19,3,LC-16885,1856,262,2,133.98
2039,CA-2022-122287,2022-06-18,2022-06-23,5,SN-20560,1185,455,4,11.952
2040,CA-2022-122287,2022-06-18,2022-06-23,5,SN-20560,800,455,4,4.536
2041,CA-2022-122287,2022-06-18,2022-06-23,5,SN-20560,670,455,4,9.156
2042,CA-2022-122287,2022-06-18,2022-06-23,5,SN-20560,247,455,4,75.36
7749,CA-2022-133242,2022-06-18,2022-06-24,6,KH-16510,297,437,4,60.84
7750,CA-2022-133242,2022-06-18,2022-06-24,6,KH-16510,1432,437,4,450.04
7751,CA-2022-133242,2022-06-18,2022-06-24,6,KH-16510,848,437,4,34.6
7752,CA-2022-133242,2022-06-18,2022-06-24,6,KH-16510,1746,437,4,467.97
7753,CA-2022-133242,2022-06-18,2022-06-24,6,KH-16510,795,437,4,33.02
6106,CA-2022-147011,2022-06-18,2022-06-22,4,HR-14830,537,350,4,13.632
4195,CA-2022-154200,2022-06-18,2022-06-22,4,BG-11740,501,527,4,51.98
6730,CA-2022-156734,2022-06-18,2022-06-20,2,BV-11245,701,435,2,6.129
6731,CA-2022-156734,2022-06-18,2022-06-20,2,BV-11245,76,435,2,643.136
6732,CA-2022-156734,2022-06-18,2022-06-20,2,BV-11245,1282,435,2,20.736
9432,CA-2022-111864,2022-06-19,2022-06-19,0,PP-18955,1022,303,1,5.904
4449,CA-2022-121965,2022-06-19,2022-06-23,4,LH-17155,194,496,4,12.56
4450,CA-2022-121965,2022-06-19,2022-06-23,4,LH-17155,1306,496,4,6.48
4451,CA-2022-121965,2022-06-19,2022-06-23,4,LH-17155,873,496,4,186.69
5086,CA-2022-144302,2022-06-19,2022-06-23,4,ME-17320,776,140,4,5.792
9391,CA-2022-163734,2022-06-19,2022-06-24,5,KM-16375,1394,155,4,228.92
2744,CA-2022-140144,2022-06-20,2022-06-25,5,SC-20770,262,530,3,257.64
2745,CA-2022-140144,2022-06-20,2022-06-25,5,SC-20770,1893,530,3,125.976
9483,CA-2022-158351,2022-06-20,2022-06-24,4,BC-11125,1600,303,3,319.984
8012,US-2022-136427,2022-06-20,2022-06-23,3,JM-16195,1771,552,2,125.944
5133,CA-2022-123330,2022-06-21,2022-06-27,6,EP-13915,1775,338,4,107.976
3520,CA-2022-124975,2022-06-22,2022-06-25,3,MG-17875,370,2,2,796.425
340,CA-2022-128167,2022-06-22,2022-06-26,4,KL-16645,934,600,3,4.96
8833,CA-2022-153423,2022-06-22,2022-06-27,5,SW-20455,744,268,4,1217.568
8077,CA-2022-106187,2022-06-23,2022-06-29,6,RF-19345,227,372,4,27.42
8078,CA-2022-106187,2022-06-23,2022-06-29,6,RF-19345,738,372,4,165.98
8079,CA-2022-106187,2022-06-23,2022-06-29,6,RF-19345,1489,372,4,75.0
1593,CA-2022-122826,2022-06-23,2022-06-25,2,RD-19480,1850,619,3,201.568
6704,CA-2022-139164,2022-06-23,2022-06-28,5,CS-12355,1832,493,4,217.584
6705,CA-2022-139164,2022-06-23,2022-06-28,5,CS-12355,927,493,4,5.43
6706,CA-2022-139164,2022-06-23,2022-06-28,5,CS-12355,1776,493,4,143.976
4315,CA-2022-115945,2022-06-25,2022-07-01,6,AB-10165,641,498,4,20.96
4316,CA-2022-115945,2022-06-25,2022-07-01,6,AB-10165,775,498,4,88.752
4317,CA-2022-115945,2022-06-25,2022-07-01,6,AB-10165,1436,498,4,304.23
8033,CA-2022-119690,2022-06-25,2022-06-28,3,MV-17485,1143,154,2,47.952
8034,CA-2022-119690,2022-06-25,2022-06-28,3,MV-17485,704,154,2,0.984
8035,CA-2022-119690,2022-06-25,2022-06-28,3,MV-17485,254,154,2,75.384
8036,CA-2022-119690,2022-06-25,2022-06-28,3,MV-17485,1014,154,2,4.608
1868,CA-2022-127110,2022-06-25,2022-07-01,6,CH-12070,1284,305,4,31.104
1869,CA-2022-127110,2022-06-25,2022-07-01,6,CH-12070,1433,305,4,78.256
4045,CA-2022-137750,2022-06-25,2022-06-30,5,JF-15565,179,529,4,204.85
789,CA-2022-115938,2022-06-26,2022-06-30,4,SA-20830,773,443,4,143.96
790,CA-2022-115938,2022-06-26,2022-06-30,4,SA-20830,1334,443,4,15.42
791,CA-2022-115938,2022-06-26,2022-06-30,4,SA-20830,660,443,4,43.04
792,CA-2022-115938,2022-06-26,2022-06-30,4,SA-20830,121,443,4,332.94
384,CA-2022-125395,2022-06-26,2022-06-29,3,LA-16780,1612,84,3,41.9
8276,CA-2022-143882,2022-06-26,2022-06-30,4,DB-13360,1119,286,4,43.056
7150,CA-2022-166583,2022-06-26,2022-06-30,4,VD-21670,1844,155,4,971.88
6976,CA-2022-112144,2022-06-28,2022-07-02,4,CY-12745,992,452,4,5.904
6977,CA-2022-112144,2022-06-28,2022-07-02,4,CY-12745,233,452,4,621.76
9092,CA-2022-162950,2022-06-28,2022-07-03,5,DW-13585,1268,296,3,15.552
9093,CA-2022-162950,2022-06-28,2022-07-03,5,DW-13585,47,296,3,482.94
2205,CA-2022-128860,2022-06-29,2022-07-05,6,SC-20725,210,301,4,20.104
9024,CA-2022-165799,2022-06-29,2022-07-02,3,SG-20470,126,264,2,117.882
9737,US-2022-100069,2022-06-29,2022-07-03,4,NF-18475,1740,112,4,269.98
4794,US-2022-141684,2022-06-29,2022-07-04,5,MM-18055,1041,263,4,24.96
4132,CA-2022-111703,2022-07-02,2022-07-09,7,KB-16315,1053,341,4,11.952
4133,CA-2022-111703,2022-07-02,2022-07-09,7,KB-16315,1223,341,4,15.552
2508,CA-2022-120397,2022-07-02,2022-07-02,0,RB-19435,405,155,1,32.784
8849,CA-2022-140718,2022-07-02,2022-07-04,2,FA-14230,1766,411,2,74.24
8850,CA-2022-140718,2022-07-02,2022-07-04,2,FA-14230,140,411,2,159.84
8851,CA-2022-140718,2022-07-02,2022-07-04,2,FA-14230,854,411,2,2.892
8852,CA-2022-140718,2022-07-02,2022-07-04,2,FA-14230,1114,411,2,9.392
5814,CA-2022-150196,2022-07-02,2022-07-03,1,SR-20740,1281,264,2,19.44
3489,CA-2022-157322,2022-07-02,2022-07-06,4,RH-19600,96,6,4,408.422
3490,CA-2022-157322,2022-07-02,2022-07-06,4,RH-19600,89,6,4,382.116
3491,CA-2022-157322,2022-07-02,2022-07-06,4,RH-19600,1320,6,4,68.6
3492,CA-2022-157322,2022-07-02,2022-07-06,4,RH-19600,1316,6,4,435.504
3493,CA-2022-157322,2022-07-02,2022-07-06,4,RH-19600,1032,6,4,11.168
587,CA-2022-128139,2022-07-03,2022-07-09,6,BD-11725,117,386,4,70.98
588,CA-2022-128139,2022-07-03,2022-07-09,6,BD-11725,1017,386,4,294.93
1051,US-2022-153500,2022-07-03,2022-07-05,2,DG-13300,203,303,2,168.464
1052,US-2022-153500,2022-07-03,2022-07-05,2,DG-13300,1072,303,2,6.72
1053,US-2022-153500,2022-07-03,2022-07-05,2,DG-13300,259,303,2,282.888
1287,CA-2022-124268,2022-07-04,2022-07-08,4,AD-10180,529,265,4,15.48
7919,CA-2022-152513,2022-07-04,2022-07-08,4,JP-16135,696,525,3,22.848
1253,CA-2022-154956,2022-07-04,2022-07-09,5,IM-15070,1798,189,4,1099.96
2635,CA-2022-116750,2022-07-05,2022-07-10,5,BF-10975,298,403,3,4.928
2636,CA-2022-116750,2022-07-05,2022-07-10,5,BF-10975,854,403,3,7.23
3003,CA-2022-130610,2022-07-05,2022-07-10,5,VP-21730,724,83,4,19.0
4405,CA-2022-164336,2022-07-05,2022-07-10,5,MW-18220,1495,304,4,34.8
4406,CA-2022-164336,2022-07-05,2022-07-10,5,MW-18220,1315,304,4,38.976
8298,US-2022-158911,2022-07-05,2022-07-11,6,RS-19765,298,400,4,4.928
8299,US-2022-158911,2022-07-05,2022-07-11,6,RS-19765,998,400,4,11.784
1017,CA-2022-108665,2022-07-06,2022-07-10,4,KM-16225,249,263,4,13.96
1018,CA-2022-108665,2022-07-06,2022-07-10,4,KM-16225,258,263,4,155.82
1019,CA-2022-108665,2022-07-06,2022-07-10,4,KM-16225,1814,263,4,124.95
1020,CA-2022-108665,2022-07-06,2022-07-10,4,KM-16225,1372,263,4,601.65
6838,CA-2022-116260,2022-07-06,2022-07-12,6,BF-10975,584,251,4,11.12
2416,CA-2022-146087,2022-07-06,2022-07-11,5,PP-18955,10,223,4,301.96
5164,CA-2022-161627,2022-07-06,2022-07-11,5,SJ-20215,119,511,4,170.352
4192,CA-2022-129392,2022-07-08,2022-07-08,0,DM-13015,1259,155,1,21.12
1782,CA-2022-111094,2022-07-09,2022-07-13,4,CB-12535,1118,222,4,6.58
1783,CA-2022-111094,2022-07-09,2022-07-13,4,CB-12535,850,222,4,122.94
4276,CA-2022-123456,2022-07-09,2022-07-13,4,KN-16450,393,142,4,48.632
3678,CA-2022-132626,2022-07-09,2022-07-14,5,BT-11680,918,212,4,15.8
3679,CA-2022-132626,2022-07-09,2022-07-14,5,BT-11680,1662,212,4,464.97
3680,CA-2022-132626,2022-07-09,2022-07-14,5,BT-11680,206,212,4,181.96
3681,CA-2022-132626,2022-07-09,2022-07-14,5,BT-11680,958,212,4,12.39
3682,CA-2022-132626,2022-07-09,2022-07-14,5,BT-11680,801,212,4,84.09
3683,CA-2022-132626,2022-07-09,2022-07-14,5,BT-11680,620,212,4,79.36
3684,CA-2022-132626,2022-07-09,2022-07-14,5,BT-11680,763,212,4,153.36
3685,CA-2022-132626,2022-07-09,2022-07-14,5,BT-11680,836,212,4,43.68
3686,CA-2022-132626,2022-07-09,2022-07-14,5,BT-11680,1391,212,4,98.21
3782,CA-2022-135314,2022-07-09,2022-07-14,5,MC-17575,1828,302,3,269.982
3455,CA-2022-153626,2022-07-09,2022-07-14,5,EB-13870,506,434,4,5.16
8089,CA-2022-107020,2022-07-10,2022-07-14,4,MV-18190,796,523,4,39.92
3198,CA-2022-149384,2022-07-10,2022-07-10,0,EH-13945,669,459,1,3.366
5039,CA-2022-136469,2022-07-11,2022-07-12,1,TS-21370,377,207,2,199.836
5040,CA-2022-136469,2022-07-11,2022-07-12,1,TS-21370,1882,207,2,716.0
5041,CA-2022-136469,2022-07-11,2022-07-12,1,TS-21370,828,207,2,221.06
2049,CA-2022-142237,2022-07-11,2022-07-13,2,CK-12595,264,303,2,289.8
2050,CA-2022-142237,2022-07-11,2022-07-13,2,CK-12595,667,303,2,2.502
2051,CA-2022-142237,2022-07-11,2022-07-13,2,CK-12595,648,303,2,6.48
2052,CA-2022-142237,2022-07-11,2022-07-13,2,CK-12595,116,303,2,341.488
2053,CA-2022-142237,2022-07-11,2022-07-13,2,CK-12595,584,303,2,11.12
2054,CA-2022-142237,2022-07-11,2022-07-13,2,CK-12595,278,303,2,25.344
2461,CA-2022-142419,2022-07-11,2022-07-13,2,SC-20380,1156,625,3,29.97
2462,CA-2022-142419,2022-07-11,2022-07-13,2,SC-20380,850,625,3,98.352
7796,CA-2022-112711,2022-07-12,2022-07-18,6,FM-14380,1880,126,4,307.168
4544,CA-2022-126557,2022-07-12,2022-07-17,5,RL-19615,81,8,3,383.607
4545,CA-2022-126557,2022-07-12,2022-07-17,5,RL-19615,1766,8,3,148.48
4546,CA-2022-126557,2022-07-12,2022-07-17,5,RL-19615,1880,8,3,537.544
4547,CA-2022-126557,2022-07-12,2022-07-17,5,RL-19615,829,8,3,1.928
4548,CA-2022-126557,2022-07-12,2022-07-17,5,RL-19615,569,8,3,6.912
4549,CA-2022-126557,2022-07-12,2022-07-17,5,RL-19615,248,8,3,7.76
4550,CA-2022-126557,2022-07-12,2022-07-17,5,RL-19615,1761,8,3,659.168
1701,CA-2022-114069,2022-07-13,2022-07-15,2,ND-18370,751,265,3,11.808
1702,CA-2022-114069,2022-07-13,2022-07-15,2,ND-18370,137,265,3,1931.04
1703,CA-2022-114069,2022-07-13,2022-07-15,2,ND-18370,1053,265,3,9.96
1758,US-2022-107349,2022-07-13,2022-07-15,2,SL-20155,846,156,2,41.568
1829,US-2022-140851,2022-07-13,2022-07-15,2,ND-18460,1195,373,3,38.88
7864,CA-2022-143364,2022-07-14,2022-07-19,5,TG-21310,1399,454,3,272.736
7865,CA-2022-143364,2022-07-14,2022-07-19,5,TG-21310,1159,454,3,18.496
7866,CA-2022-143364,2022-07-14,2022-07-19,5,TG-21310,133,454,3,441.92
7867,CA-2022-143364,2022-07-14,2022-07-19,5,TG-21310,20,454,3,127.764
2540,CA-2022-113404,2022-07-16,2022-07-16,0,EM-13810,95,530,1,1348.704
2541,CA-2022-113404,2022-07-16,2022-07-16,0,EM-13810,96,530,1,700.152
4600,CA-2022-146948,2022-07-16,2022-07-20,4,MG-17890,80,211,4,150.98
4601,CA-2022-146948,2022-07-16,2022-07-20,4,MG-17890,913,211,4,137.25
4602,CA-2022-146948,2022-07-16,2022-07-20,4,MG-17890,914,211,4,11.52
4048,US-2022-166520,2022-07-16,2022-07-19,3,KE-16420,1082,265,2,80.88
4049,US-2022-166520,2022-07-16,2022-07-19,3,KE-16420,1511,265,2,599.9
8551,CA-2022-121132,2022-07-17,2022-07-24,7,VB-21745,966,154,4,6.264
8552,CA-2022-121132,2022-07-17,2022-07-24,7,VB-21745,923,154,4,14.432
2778,CA-2022-138534,2022-07-17,2022-07-19,2,JM-15535,43,465,3,195.466
4000,US-2022-149629,2022-07-17,2022-07-20,3,MP-17965,16,362,3,231.92
5832,CA-2022-111206,2022-07-18,2022-07-22,4,RF-19735,1528,527,4,519.96
7340,CA-2022-159590,2022-07-18,2022-07-21,3,KC-16255,569,262,2,5.76
1451,US-2022-160150,2022-07-19,2022-07-20,1,TS-21085,840,456,2,2.025
1850,CA-2022-160472,2022-07-20,2022-07-25,5,RK-19300,1380,50,3,34.76
1851,CA-2022-160472,2022-07-20,2022-07-25,5,RK-19300,1498,50,3,831.2
1852,CA-2022-160472,2022-07-20,2022-07-25,5,RK-19300,1249,50,3,26.4
1853,CA-2022-160472,2022-07-20,2022-07-25,5,RK-19300,913,50,3,106.75
1854,CA-2022-160472,2022-07-20,2022-07-25,5,RK-19300,1117,50,3,97.82
1855,CA-2022-160472,2022-07-20,2022-07-25,5,RK-19300,1344,50,3,141.4
4383,US-2022-122784,2022-07-20,2022-07-27,7,RA-19915,677,19,4,2.88
4384,US-2022-122784,2022-07-20,2022-07-27,7,RA-19915,28,19,4,384.944
4385,US-2022-122784,2022-07-20,2022-07-27,7,RA-19915,1849,19,4,153.584
4386,US-2022-122784,2022-07-20,2022-07-27,7,RA-19915,2,19,4,913.43
3323,CA-2022-120810,2022-07-23,2022-07-27,4,TH-21550,409,262,4,68.94
3324,CA-2022-120810,2022-07-23,2022-07-27,4,TH-21550,262,262,4,128.82
4846,CA-2022-124044,2022-07-23,2022-07-26,3,MS-17830,651,268,3,10.512
6498,CA-2022-103135,2022-07-24,2022-07-28,4,SS-20515,217,383,4,20.94
6499,CA-2022-103135,2022-07-24,2022-07-28,4,SS-20515,756,383,4,135.09
6500,CA-2022-103135,2022-07-24,2022-07-28,4,SS-20515,1482,383,4,279.86
6501,CA-2022-103135,2022-07-24,2022-07-28,4,SS-20515,756,383,4,90.06
6944,CA-2022-139248,2022-07-25,2022-07-30,5,RD-19930,1803,496,4,623.96
2807,CA-2022-148635,2022-07-25,2022-07-27,2,MH-18025,938,625,3,9.42
2808,CA-2022-148635,2022-07-25,2022-07-27,2,MH-18025,1302,625,3,12.96
2809,CA-2022-148635,2022-07-25,2022-07-27,2,MH-18025,48,625,3,704.9
2810,CA-2022-148635,2022-07-25,2022-07-27,2,MH-18025,128,625,3,561.568
6824,CA-2022-154291,2022-07-25,2022-07-29,4,YS-21880,912,320,4,98.46
6825,CA-2022-154291,2022-07-25,2022-07-29,4,YS-21880,342,320,4,358.58
1070,US-2022-150161,2022-07-25,2022-07-29,4,RB-19795,755,305,4,25.176
8814,CA-2022-127754,2022-07-26,2022-07-31,5,CK-12760,121,453,4,266.352
4318,CA-2022-136735,2022-07-26,2022-08-02,7,HA-14920,868,529,4,167.86
7435,CA-2022-148180,2022-07-26,2022-07-31,5,BP-11095,665,510,4,9.144
7436,CA-2022-148180,2022-07-26,2022-07-31,5,BP-11095,829,510,4,23.136
7437,CA-2022-148180,2022-07-26,2022-07-31,5,BP-11095,585,510,4,99.2
947,US-2022-140200,2022-07-26,2022-07-28,2,CA-12775,336,454,2,393.165
6218,US-2022-129553,2022-07-27,2022-08-02,6,PG-18820,1796,383,4,29.97
2175,CA-2022-132507,2022-07-30,2022-08-03,4,CC-12610,1345,154,3,61.792
272,CA-2022-155334,2022-07-30,2022-07-31,1,HA-14920,1522,528,2,209.93
273,CA-2022-155334,2022-07-30,2022-07-31,1,HA-14920,290,528,2,5.28
274,CA-2022-155334,2022-07-30,2022-07-31,1,HA-14920,811,528,2,10.92
6550,US-2022-164966,2022-07-30,2022-08-01,2,GH-14410,83,91,2,155.88
8732,CA-2022-111017,2022-07-31,2022-08-06,6,SC-20695,1444,106,4,52.59
1002,CA-2022-124891,2022-07-31,2022-07-31,0,RH-19495,1595,264,1,2309.65
1003,CA-2022-124891,2022-07-31,2022-07-31,0,RH-19495,339,264,1,1090.782
1004,CA-2022-124891,2022-07-31,2022-07-31,0,RH-19495,1285,264,1,19.44
4581,CA-2022-164427,2022-07-31,2022-08-06,6,AR-10405,1587,393,4,239.7
1505,CA-2022-153388,2022-08-01,2022-08-07,6,PC-19000,618,494,4,6.72
1506,CA-2022-153388,2022-08-01,2022-08-07,6,PC-19000,360,494,4,1004.976
8180,CA-2022-112767,2022-08-02,2022-08-06,4,DK-12985,331,597,4,277.5
4967,CA-2022-122406,2022-08-02,2022-08-05,3,BE-11455,1837,309,3,128.85
4968,CA-2022-122406,2022-08-02,2022-08-05,3,BE-11455,1072,309,3,8.4
4969,CA-2022-122406,2022-08-02,2022-08-05,3,BE-11455,1533,309,3,199.98
4970,CA-2022-122406,2022-08-02,2022-08-05,3,BE-11455,131,309,3,110.98
4644,CA-2022-147501,2022-08-02,2022-08-06,4,Co-12640,789,624,4,6.368
4645,CA-2022-147501,2022-08-02,2022-08-06,4,Co-12640,1682,624,4,558.4
5855,CA-2022-112214,2022-08-05,2022-08-11,6,AH-10690,1383,142,4,33.488
5856,CA-2022-112214,2022-08-05,2022-08-11,6,AH-10690,1480,142,4,23.04
5857,CA-2022-112214,2022-08-05,2022-08-11,6,AH-10690,701,142,4,1.362
5858,CA-2022-112214,2022-08-05,2022-08-11,6,AH-10690,216,142,4,14.76
9542,CA-2022-135251,2022-08-06,2022-08-10,4,RP-19270,995,156,4,35.52
9543,CA-2022-135251,2022-08-06,2022-08-10,4,RP-19270,689,156,4,6.23
9544,CA-2022-135251,2022-08-06,2022-08-10,4,RP-19270,1167,156,4,56.704
9545,CA-2022-135251,2022-08-06,2022-08-10,4,RP-19270,34,156,4,369.1992
2307,CA-2022-160794,2022-08-06,2022-08-08,2,MS-17980,1138,154,2,27.216
6186,CA-2022-138331,2022-08-07,2022-08-12,5,JK-15625,636,302,4,106.8
5100,CA-2022-141936,2022-08-07,2022-08-12,5,PN-18775,712,465,4,19.152
8899,CA-2022-163237,2022-08-07,2022-08-09,2,EM-14095,1728,445,3,494.97
8900,CA-2022-163237,2022-08-07,2022-08-09,2,EM-14095,990,445,3,25.06
4466,CA-2022-163895,2022-08-07,2022-08-11,4,NS-18640,649,567,4,3.304
8090,US-2022-117492,2022-08-07,2022-08-09,2,NS-18640,394,211,2,77.58
5155,US-2022-124219,2022-08-07,2022-08-08,1,KW-16570,845,104,2,28.4
5156,US-2022-124219,2022-08-07,2022-08-08,1,KW-16570,315,104,2,212.94
6661,CA-2022-129322,2022-08-08,2022-08-10,2,DB-13405,517,224,3,39.66
6662,CA-2022-129322,2022-08-08,2022-08-10,2,DB-13405,420,224,3,113.92
6663,CA-2022-129322,2022-08-08,2022-08-10,2,DB-13405,740,224,3,447.86
2931,CA-2022-168564,2022-08-08,2022-08-08,0,TT-21220,649,528,1,6.608
2932,CA-2022-168564,2022-08-08,2022-08-08,0,TT-21220,811,528,1,7.28
2933,CA-2022-168564,2022-08-08,2022-08-08,0,TT-21220,67,528,1,144.784
5035,CA-2022-103954,2022-08-09,2022-08-13,4,HR-14770,28,189,3,687.4
7124,CA-2022-128013,2022-08-09,2022-08-16,7,MF-18250,289,265,4,10.02
7125,CA-2022-128013,2022-08-09,2022-08-16,7,MF-18250,1144,265,4,144.12
1580,CA-2022-131338,2022-08-09,2022-08-12,3,NP-18325,1810,264,2,307.98
1581,CA-2022-131338,2022-08-09,2022-08-12,3,NP-18325,374,264,2,382.806
1582,CA-2022-131338,2022-08-09,2022-08-12,3,NP-18325,1434,264,2,41.96
1583,CA-2022-131338,2022-08-09,2022-08-12,3,NP-18325,744,264,2,1217.568
1584,CA-2022-131338,2022-08-09,2022-08-12,3,NP-18325,152,264,2,47.04
1585,CA-2022-131338,2022-08-09,2022-08-12,3,NP-18325,270,264,2,6.16
1586,CA-2022-131338,2022-08-09,2022-08-12,3,NP-18325,1827,264,2,979.95
1587,CA-2022-131338,2022-08-09,2022-08-12,3,NP-18325,1145,264,2,143.7
1588,CA-2022-131338,2022-08-09,2022-08-12,3,NP-18325,915,264,2,10.65
1589,CA-2022-131338,2022-08-09,2022-08-12,3,NP-18325,1485,264,2,247.8
3257,CA-2022-155453,2022-08-09,2022-08-14,5,RA-19885,1014,343,4,4.608
226,CA-2022-163055,2022-08-09,2022-08-16,7,DS-13180,634,69,4,2.2
227,CA-2022-163055,2022-08-09,2022-08-16,7,DS-13180,334,69,4,622.45
228,CA-2022-163055,2022-08-09,2022-08-16,7,DS-13180,1396,69,4,21.98
7311,CA-2022-121699,2022-08-10,2022-08-14,4,BD-11320,734,69,4,64.75
1616,CA-2022-130022,2022-08-10,2022-08-16,6,JK-16120,968,90,4,3.75
1617,CA-2022-130022,2022-08-10,2022-08-16,6,JK-16120,977,90,4,41.4
1618,CA-2022-130022,2022-08-10,2022-08-16,6,JK-16120,613,90,4,29.79
6644,US-2022-156496,2022-08-10,2022-08-16,6,WB-21850,1707,595,4,438.368
6645,US-2022-156496,2022-08-10,2022-08-16,6,WB-21850,1814,595,4,139.944
6646,US-2022-156496,2022-08-10,2022-08-16,6,WB-21850,431,595,4,133.472
5758,CA-2022-119634,2022-08-11,2022-08-16,5,BW-11065,238,411,4,46.152
7199,US-2022-156797,2022-08-11,2022-08-15,4,PO-19180,581,265,4,11.96
7200,US-2022-156797,2022-08-11,2022-08-15,4,PO-19180,1710,265,4,138.0
3348,CA-2022-112014,2022-08-13,2022-08-20,7,ON-18715,486,550,4,50.8
4796,CA-2022-120516,2022-08-13,2022-08-17,4,CK-12595,647,374,4,5.64
9671,CA-2022-133396,2022-08-13,2022-08-15,2,GK-14620,557,406,2,64.68
9575,CA-2022-148495,2022-08-13,2022-08-13,0,SF-20065,322,513,1,31.56
6260,CA-2022-150441,2022-08-13,2022-08-17,4,RA-19285,700,49,3,11.36
7582,CA-2022-169656,2022-08-13,2022-08-16,3,EJ-13720,1354,305,2,422.856
5203,CA-2022-142454,2022-08-15,2022-08-19,4,RE-19450,318,507,4,104.23
5204,CA-2022-142454,2022-08-15,2022-08-19,4,RE-19450,1379,507,4,70.26
2637,CA-2022-162369,2022-08-15,2022-08-19,4,TT-21265,1364,498,4,323.1
7971,US-2022-126753,2022-08-16,2022-08-20,4,SP-20860,1741,303,4,519.792
7972,US-2022-126753,2022-08-16,2022-08-20,4,SP-20860,1608,303,4,31.176
7973,US-2022-126753,2022-08-16,2022-08-20,4,SP-20860,1301,303,4,10.368
7974,US-2022-126753,2022-08-16,2022-08-20,4,SP-20860,678,303,4,2.724
7975,US-2022-126753,2022-08-16,2022-08-20,4,SP-20860,305,303,4,254.352
7976,US-2022-126753,2022-08-16,2022-08-20,4,SP-20860,681,303,4,3.762
7977,US-2022-126753,2022-08-16,2022-08-20,4,SP-20860,1258,303,4,10.272
2548,US-2022-128090,2022-08-16,2022-08-22,6,JM-15865,598,456,4,2.304
2549,US-2022-128090,2022-08-16,2022-08-22,6,JM-15865,1865,456,4,1879.96
2550,US-2022-128090,2022-08-16,2022-08-22,6,JM-15865,1151,456,4,313.024
2551,US-2022-128090,2022-08-16,2022-08-22,6,JM-15865,976,456,4,5.04
9219,US-2022-164238,2022-08-16,2022-08-20,4,JW-15955,1374,302,4,44.688
9220,US-2022-164238,2022-08-16,2022-08-20,4,JW-15955,35,302,4,301.47
1458,CA-2022-111297,2022-08-17,2022-08-21,4,SC-20440,856,229,4,52.2
9433,CA-2022-119627,2022-08-17,2022-08-23,6,SC-20725,1504,455,4,30.08
9434,CA-2022-119627,2022-08-17,2022-08-23,6,SC-20725,1282,455,4,36.288
9435,CA-2022-119627,2022-08-17,2022-08-23,6,SC-20725,587,455,4,10.272
9436,CA-2022-119627,2022-08-17,2022-08-23,6,SC-20725,1493,455,4,252.8
8515,CA-2022-122168,2022-08-21,2022-08-26,5,HG-14965,622,380,4,17.52
8516,CA-2022-122168,2022-08-21,2022-08-26,5,HG-14965,619,380,4,35.76
4634,CA-2022-130456,2022-08-21,2022-08-26,5,DS-13180,44,530,4,586.398
4635,CA-2022-130456,2022-08-21,2022-08-26,5,DS-13180,1327,530,4,80.98
778,CA-2022-144267,2022-08-21,2022-08-23,2,NZ-18565,105,529,2,544.008
779,CA-2022-144267,2022-08-21,2022-08-23,2,NZ-18565,1171,529,2,59.94
780,CA-2022-144267,2022-08-21,2022-08-23,2,NZ-18565,1241,529,2,23.92
781,CA-2022-144267,2022-08-21,2022-08-23,2,NZ-18565,1190,529,2,4.28
7008,CA-2022-154823,2022-08-21,2022-08-25,4,KN-16390,652,294,4,12.828
7009,CA-2022-154823,2022-08-21,2022-08-25,4,KN-16390,58,294,4,598.458
7010,CA-2022-154823,2022-08-21,2022-08-25,4,KN-16390,311,294,4,25.984
9188,US-2022-130512,2022-08-21,2022-08-25,4,SM-20320,1479,297,4,3.488
9189,US-2022-130512,2022-08-21,2022-08-25,4,SM-20320,1602,297,4,21.728
9190,US-2022-130512,2022-08-21,2022-08-25,4,SM-20320,1401,297,4,663.072
9191,US-2022-130512,2022-08-21,2022-08-25,4,SM-20320,738,297,4,99.588
9192,US-2022-130512,2022-08-21,2022-08-25,4,SM-20320,1246,297,4,49.568
2209,CA-2022-129854,2022-08-22,2022-08-26,4,RB-19705,605,262,4,16.52
1175,CA-2022-132080,2022-08-22,2022-08-25,3,DP-13105,673,265,2,50.112
3094,CA-2022-114468,2022-08-23,2022-08-23,0,TD-20995,1460,4,1,31.68
3095,CA-2022-114468,2022-08-23,2022-08-23,0,TD-20995,1278,4,1,10.368
3096,CA-2022-114468,2022-08-23,2022-08-23,0,TD-20995,947,4,1,12.032
3097,CA-2022-114468,2022-08-23,2022-08-23,0,TD-20995,447,4,1,5.768
4014,CA-2022-165624,2022-08-23,2022-08-28,5,FH-14350,398,370,4,542.94
4015,CA-2022-165624,2022-08-23,2022-08-28,5,FH-14350,961,370,4,8.64
4016,CA-2022-165624,2022-08-23,2022-08-28,5,FH-14350,1209,370,4,193.8
4017,CA-2022-165624,2022-08-23,2022-08-28,5,FH-14350,1228,370,4,21.4
4018,CA-2022-165624,2022-08-23,2022-08-28,5,FH-14350,1150,370,4,97.88
4019,CA-2022-165624,2022-08-23,2022-08-28,5,FH-14350,1566,370,4,251.91
4020,CA-2022-165624,2022-08-23,2022-08-28,5,FH-14350,394,370,4,25.86
4094,CA-2022-102491,2022-08-24,2022-08-28,4,KW-16435,1651,380,4,3080.0
4095,CA-2022-102491,2022-08-24,2022-08-28,4,KW-16435,1482,380,4,79.96
4096,CA-2022-102491,2022-08-24,2022-08-28,4,KW-16435,1791,380,4,587.97
7615,CA-2022-113740,2022-08-24,2022-08-28,4,SC-20380,175,265,3,14.91
9517,CA-2022-123939,2022-08-24,2022-08-26,2,MS-17710,1734,275,3,26.982
9518,CA-2022-123939,2022-08-24,2022-08-26,2,MS-17710,961,275,3,6.912
9519,CA-2022-123939,2022-08-24,2022-08-26,2,MS-17710,1316,275,3,435.504
3157,CA-2022-139584,2022-08-24,2022-08-28,4,EM-13810,357,262,4,284.364
3158,CA-2022-139584,2022-08-24,2022-08-28,4,EM-13810,1575,262,4,26.0
660,CA-2022-146563,2022-08-24,2022-08-28,4,CB-12025,1371,127,4,999.432
661,CA-2022-146563,2022-08-24,2022-08-28,4,CB-12025,1414,127,4,724.08
662,CA-2022-146563,2022-08-24,2022-08-28,4,CB-12025,369,127,4,918.785
663,CA-2022-146563,2022-08-24,2022-08-28,4,CB-12025,678,127,4,2.724
7768,CA-2022-169299,2022-08-24,2022-08-26,2,DO-13435,619,594,2,7.152
6797,CA-2022-168809,2022-08-25,2022-08-25,0,MC-18100,210,154,1,20.104
6798,CA-2022-168809,2022-08-25,2022-08-25,0,MC-18100,803,154,1,3.798
6799,CA-2022-168809,2022-08-25,2022-08-25,0,MC-18100,284,154,1,7.88
2669,US-2022-139759,2022-08-25,2022-08-30,5,NL-18310,63,498,4,40.784
2670,US-2022-139759,2022-08-25,2022-08-30,5,NL-18310,434,498,4,105.96
1293,CA-2022-101707,2022-08-27,2022-09-01,5,PF-19165,1467,527,4,32.94
1294,CA-2022-101707,2022-08-27,2022-09-01,5,PF-19165,1240,527,4,114.2
1295,CA-2022-101707,2022-08-27,2022-09-01,5,PF-19165,1002,527,4,3.08
7980,CA-2022-113040,2022-08-27,2022-08-31,4,CC-12100,687,498,4,5.104
1005,CA-2022-126445,2022-08-27,2022-08-31,4,RA-19945,1364,506,4,484.65
9693,CA-2022-107902,2022-08-28,2022-09-02,5,SM-20950,1402,197,4,470.36
8055,CA-2022-121188,2022-08-28,2022-09-04,7,CB-12025,1371,499,4,892.35
8056,CA-2022-121188,2022-08-28,2022-09-04,7,CB-12025,23,499,4,307.666
8057,CA-2022-121188,2022-08-28,2022-09-04,7,CB-12025,1327,499,4,728.82
8058,CA-2022-121188,2022-08-28,2022-09-04,7,CB-12025,777,499,4,41.36
8059,CA-2022-121188,2022-08-28,2022-09-04,7,CB-12025,1892,499,4,43.176
8060,CA-2022-121188,2022-08-28,2022-09-04,7,CB-12025,229,499,4,4.16
9430,CA-2022-166219,2022-08-28,2022-09-01,4,BP-11185,1798,140,4,1099.96
9431,CA-2022-166219,2022-08-28,2022-09-01,4,BP-11185,361,140,4,103.481
3056,US-2022-100377,2022-08-28,2022-09-01,4,TS-21370,1630,9,4,2799.96
6471,CA-2022-108532,2022-08-29,2022-09-02,4,CC-12100,1868,70,4,131.98
6472,CA-2022-108532,2022-08-29,2022-09-02,4,CC-12100,1524,70,4,114.52
2354,CA-2022-111514,2022-08-31,2022-09-02,2,SC-20260,2,530,2,1552.831
2355,CA-2022-111514,2022-08-31,2022-09-02,2,SC-20260,757,530,2,137.24
2356,CA-2022-111514,2022-08-31,2022-09-02,2,SC-20260,1573,530,2,36.51
2357,CA-2022-111514,2022-08-31,2022-09-02,2,SC-20260,1677,530,2,239.976
761,CA-2022-112319,2022-08-31,2022-09-05,5,AR-10510,1300,494,4,58.32
6124,CA-2022-142139,2022-08-31,2022-09-05,5,SD-20485,1077,131,4,20.96
9134,CA-2022-157805,2022-08-31,2022-09-04,4,RH-19510,1878,526,4,555.96
2816,CA-2022-104626,2022-09-01,2022-09-08,7,DR-12940,723,222,4,114.6
2817,CA-2022-104626,2022-09-01,2022-09-08,7,DR-12940,88,222,4,60.74
2818,CA-2022-104626,2022-09-01,2022-09-08,7,DR-12940,188,222,4,124.36
2819,CA-2022-104626,2022-09-01,2022-09-08,7,DR-12940,1316,222,4,1088.76
335,CA-2022-137946,2022-09-01,2022-09-04,3,DB-13615,822,498,3,4.752
336,CA-2022-137946,2022-09-01,2022-09-04,3,DB-13615,1638,498,3,959.984
337,CA-2022-137946,2022-09-01,2022-09-04,3,DB-13615,693,498,3,14.368
6046,CA-2022-113215,2022-09-03,2022-09-08,5,CP-12085,252,460,4,238.152
1859,CA-2022-121608,2022-09-03,2022-09-05,2,JB-15400,450,195,2,137.62
1860,CA-2022-121608,2022-09-03,2022-09-05,2,JB-15400,1752,195,2,100.49
1738,CA-2022-130204,2022-09-03,2022-09-09,6,DB-13120,1421,530,4,31.44
1739,CA-2022-130204,2022-09-03,2022-09-09,6,DB-13120,1517,530,4,17.9
1740,CA-2022-130204,2022-09-03,2022-09-09,6,DB-13120,1618,530,4,129.45
84,CA-2022-149734,2022-09-03,2022-09-08,5,JC-16105,880,402,4,200.984
8463,CA-2022-169537,2022-09-03,2022-09-07,4,JH-15820,1024,72,3,7.5
2840,US-2022-104185,2022-09-03,2022-09-08,5,JB-15400,1372,262,3,120.33
529,US-2022-138303,2022-09-03,2022-09-07,4,MG-18145,1342,303,4,36.336
530,US-2022-138303,2022-09-03,2022-09-07,4,MG-18145,1472,303,4,666.248
531,US-2022-138303,2022-09-03,2022-09-07,4,MG-18145,912,303,4,52.512
4456,US-2022-146745,2022-09-03,2022-09-08,5,AS-10630,125,529,4,129.568
4457,US-2022-146745,2022-09-03,2022-09-08,5,AS-10630,682,529,4,6.368
4258,CA-2022-101924,2022-09-04,2022-09-09,5,KB-16585,656,593,4,9.762
5496,CA-2022-113523,2022-09-04,2022-09-08,4,SC-20440,687,304,4,7.656
1118,CA-2022-142755,2022-09-04,2022-09-08,4,CS-12355,1169,375,4,279.9
1119,CA-2022-142755,2022-09-04,2022-09-08,4,CS-12355,1527,375,4,619.95
1120,CA-2022-142755,2022-09-04,2022-09-08,4,CS-12355,1039,375,4,4.36
1121,CA-2022-142755,2022-09-04,2022-09-08,4,CS-12355,896,375,4,15.28
4617,CA-2022-159863,2022-09-04,2022-09-07,3,DS-13180,1615,156,3,134.376
5282,CA-2022-105158,2022-09-05,2022-09-10,5,SP-20860,270,95,4,6.16
5283,CA-2022-105158,2022-09-05,2022-09-10,5,SP-20860,1140,95,4,36.84
1761,CA-2022-130785,2022-09-05,2022-09-09,4,AG-10900,42,527,4,411.332
1762,CA-2022-130785,2022-09-05,2022-09-09,4,AG-10900,722,527,4,28.752
1763,CA-2022-130785,2022-09-05,2022-09-09,4,AG-10900,43,527,4,293.199
6674,CA-2022-135510,2022-09-05,2022-09-12,7,TW-21025,317,438,4,67.96
4488,CA-2022-162621,2022-09-05,2022-09-11,6,CA-12055,656,153,4,16.27
4489,CA-2022-162621,2022-09-05,2022-09-11,6,CA-12055,1480,153,4,69.12
4490,CA-2022-162621,2022-09-05,2022-09-11,6,CA-12055,657,153,4,4.47
6257,CA-2022-133977,2022-09-06,2022-09-08,2,AT-10435,752,366,3,3.444
2203,CA-2022-138002,2022-09-06,2022-09-12,6,BT-11305,658,623,4,6.096
2204,CA-2022-138002,2022-09-06,2022-09-12,6,BT-11305,266,623,4,191.82
2536,CA-2022-143238,2022-09-06,2022-09-08,2,LO-17170,1580,487,2,46.32
3420,CA-2022-150791,2022-09-06,2022-09-13,7,CC-12430,53,264,4,271.764
4985,CA-2022-160696,2022-09-06,2022-09-10,4,CK-12760,927,434,4,7.24
8791,CA-2022-169572,2022-09-06,2022-09-12,6,AG-10525,819,443,4,46.62
6354,US-2022-109015,2022-09-06,2022-09-12,6,BS-11590,417,263,4,8.39
6355,US-2022-109015,2022-09-06,2022-09-12,6,BS-11590,1872,263,4,337.98
5009,CA-2022-102876,2022-09-07,2022-09-14,7,LR-17035,778,303,4,9.522
5010,CA-2022-102876,2022-09-07,2022-09-14,7,LR-17035,1861,303,4,791.964
5011,CA-2022-102876,2022-09-07,2022-09-14,7,LR-17035,672,303,4,4.923
4108,CA-2022-105599,2022-09-07,2022-09-07,0,MC-17275,1346,263,1,13.96
4109,CA-2022-105599,2022-09-07,2022-09-07,0,MC-17275,327,263,1,27.414
146,CA-2022-110744,2022-09-07,2022-09-12,5,HA-14920,1405,511,4,671.93
2806,CA-2022-122623,2022-09-07,2022-09-11,4,CC-12145,115,145,4,47.516
6901,CA-2022-140557,2022-09-07,2022-09-11,4,TN-21040,1599,262,4,559.93
6790,CA-2022-161445,2022-09-07,2022-09-09,2,CC-12610,510,402,3,140.736
8627,CA-2022-164084,2022-09-07,2022-09-12,5,AG-10525,1379,263,4,70.26
8628,CA-2022-164084,2022-09-07,2022-09-12,5,AG-10525,1514,263,4,90.0
8629,CA-2022-164084,2022-09-07,2022-09-12,5,AG-10525,665,263,4,6.096
8630,CA-2022-164084,2022-09-07,2022-09-12,5,AG-10525,346,263,4,481.176
8631,CA-2022-164084,2022-09-07,2022-09-12,5,AG-10525,927,263,4,7.24
6255,CA-2022-151624,2022-09-08,2022-09-14,6,VW-21775,147,320,4,21.36
5057,CA-2022-162166,2022-09-08,2022-09-11,3,NM-18520,1191,504,2,26.4
5058,CA-2022-162166,2022-09-08,2022-09-11,3,NM-18520,1346,504,2,41.88
7491,CA-2022-108672,2022-09-10,2022-09-16,6,FA-14230,293,496,4,106.68
5765,CA-2022-117772,2022-09-10,2022-09-12,2,MC-17575,1323,623,3,353.88
581,CA-2022-132906,2022-09-10,2022-09-14,4,CC-12145,1473,494,4,51.52
7205,CA-2022-136658,2022-09-10,2022-09-17,7,BO-11425,553,264,4,6.08
7724,CA-2022-139374,2022-09-10,2022-09-14,4,AR-10345,59,128,4,179.886
2631,CA-2022-168186,2022-09-10,2022-09-15,5,AB-10150,1218,120,4,14.94
3466,US-2022-147242,2022-09-10,2022-09-14,4,EH-13765,430,231,4,61.96
3467,US-2022-147242,2022-09-10,2022-09-14,4,EH-13765,23,231,4,361.96
3468,US-2022-147242,2022-09-10,2022-09-14,4,EH-13765,1227,231,4,278.82
8861,CA-2022-125934,2022-09-11,2022-09-18,7,SN-20560,994,248,4,31.05
8862,CA-2022-125934,2022-09-11,2022-09-18,7,SN-20560,223,248,4,8.92
8863,CA-2022-125934,2022-09-11,2022-09-18,7,SN-20560,786,248,4,209.6
8864,CA-2022-125934,2022-09-11,2022-09-18,7,SN-20560,433,248,4,111.04
8865,CA-2022-125934,2022-09-11,2022-09-18,7,SN-20560,1280,248,4,38.88
8550,CA-2022-126186,2022-09-11,2022-09-12,1,GB-14530,183,552,2,24.64
8026,CA-2022-132465,2022-09-11,2022-09-15,4,DM-13525,184,265,3,210.68
8027,CA-2022-132465,2022-09-11,2022-09-15,4,DM-13525,1416,265,3,78.8
8028,CA-2022-132465,2022-09-11,2022-09-15,4,DM-13525,1550,265,3,19.99
8029,CA-2022-132465,2022-09-11,2022-09-15,4,DM-13525,1360,265,3,772.68
6673,CA-2022-153794,2022-09-11,2022-09-16,5,SB-20290,551,525,4,265.86
3318,CA-2022-165057,2022-09-11,2022-09-15,4,SC-20725,519,516,4,181.35
3319,CA-2022-165057,2022-09-11,2022-09-15,4,SC-20725,961,516,4,8.64
5205,CA-2022-102016,2022-09-12,2022-09-18,6,TM-21010,504,253,4,9.26
5206,CA-2022-102016,2022-09-12,2022-09-18,6,TM-21010,1368,253,4,105.98
5207,CA-2022-102016,2022-09-12,2022-09-18,6,TM-21010,934,253,4,1.24
5208,CA-2022-102016,2022-09-12,2022-09-18,6,TM-21010,977,253,4,20.7
5209,CA-2022-102016,2022-09-12,2022-09-18,6,TM-21010,1068,253,4,28.9
5210,CA-2022-102016,2022-09-12,2022-09-18,6,TM-21010,908,253,4,27.18
9056,CA-2022-128993,2022-09-12,2022-09-17,5,CC-12670,1570,623,3,21.98
2900,CA-2022-166464,2022-09-12,2022-09-17,5,PG-18895,1636,265,4,479.984
2901,CA-2022-166464,2022-09-12,2022-09-17,5,PG-18895,1012,265,4,12.6
5188,CA-2022-115567,2022-09-13,2022-09-18,5,ZC-21910,1487,37,4,199.96
5189,CA-2022-115567,2022-09-13,2022-09-18,5,ZC-21910,107,37,4,1516.2
6788,CA-2022-118843,2022-09-13,2022-09-20,7,JH-15910,201,370,4,129.93
6789,CA-2022-118843,2022-09-13,2022-09-20,7,JH-15910,1213,370,4,69.93
8186,CA-2022-136728,2022-09-13,2022-09-17,4,AG-10900,902,9,3,7.824
8187,CA-2022-136728,2022-09-13,2022-09-17,4,AG-10900,88,9,3,170.072
8264,CA-2022-138457,2022-09-13,2022-09-17,4,AM-10705,780,409,4,13.092
6353,US-2022-161347,2022-09-13,2022-09-19,6,HG-14845,732,302,4,2.412
5948,CA-2022-115924,2022-09-14,2022-09-18,4,BE-11455,847,53,3,25.9
1375,CA-2022-120362,2022-09-14,2022-09-19,5,CA-12265,376,606,4,912.75
2449,CA-2022-128027,2022-09-14,2022-09-17,3,CM-12385,1357,418,3,269.49
1815,CA-2022-131597,2022-09-14,2022-09-18,4,SP-20620,374,498,4,170.136
3824,CA-2022-140984,2022-09-14,2022-09-18,4,CC-12685,1338,263,4,991.2
3825,CA-2022-140984,2022-09-14,2022-09-18,4,CC-12685,1639,263,4,879.984
3826,CA-2022-140984,2022-09-14,2022-09-18,4,CC-12685,841,263,4,12.96
7471,CA-2022-100734,2022-09-15,2022-09-20,5,AC-10615,688,305,4,3.576
7472,CA-2022-100734,2022-09-15,2022-09-20,5,AC-10615,1367,305,4,147.184
3817,CA-2022-102582,2022-09-15,2022-09-19,4,NW-18400,346,319,4,801.96
3818,CA-2022-102582,2022-09-15,2022-09-19,4,NW-18400,1723,319,4,59.97
3819,CA-2022-102582,2022-09-15,2022-09-19,4,NW-18400,80,319,4,1056.86
2326,CA-2022-105102,2022-09-15,2022-09-19,4,BM-11575,769,265,3,79.872
2327,CA-2022-105102,2022-09-15,2022-09-19,4,BM-11575,16,265,3,46.384
2328,CA-2022-105102,2022-09-15,2022-09-19,4,BM-11575,1233,265,3,12.96
2236,CA-2022-145849,2022-09-15,2022-09-17,2,CT-11995,1361,40,3,190.86
2237,CA-2022-145849,2022-09-15,2022-09-17,2,CT-11995,553,40,3,24.32
1194,US-2022-130519,2022-09-15,2022-09-15,0,NG-18355,1282,335,1,15.552
1195,US-2022-130519,2022-09-15,2022-09-15,0,NG-18355,323,335,1,15.712
1196,US-2022-130519,2022-09-15,2022-09-15,0,NG-18355,1334,335,1,24.672
1197,US-2022-130519,2022-09-15,2022-09-15,0,NG-18355,304,335,1,55.968
9401,CA-2022-167696,2022-09-16,2022-09-21,5,BD-11500,900,442,4,31.12
1016,CA-2022-133025,2022-09-17,2022-09-19,2,MO-17800,1289,497,3,32.4
3530,CA-2022-141145,2022-09-17,2022-09-23,6,DB-13405,1606,354,4,87.168
1675,CA-2022-143077,2022-09-17,2022-09-21,4,SF-20965,267,154,4,21.936
1676,CA-2022-143077,2022-09-17,2022-09-21,4,SF-20965,745,154,4,6.588
5914,US-2022-126977,2022-09-17,2022-09-23,6,PF-19120,1441,265,4,14.9
5915,US-2022-126977,2022-09-17,2022-09-23,6,PF-19120,973,265,4,87.71
5916,US-2022-126977,2022-09-17,2022-09-23,6,PF-19120,131,265,4,199.764
5917,US-2022-126977,2022-09-17,2022-09-23,6,PF-19120,1343,265,4,94.6
5918,US-2022-126977,2022-09-17,2022-09-23,6,PF-19120,36,265,4,4228.704
5919,US-2022-126977,2022-09-17,2022-09-23,6,PF-19120,17,265,4,2003.92
5920,US-2022-126977,2022-09-17,2022-09-23,6,PF-19120,1755,265,4,209.97
5921,US-2022-126977,2022-09-17,2022-09-23,6,PF-19120,1595,265,4,659.9
5922,US-2022-126977,2022-09-17,2022-09-23,6,PF-19120,1060,265,4,110.96
5923,US-2022-126977,2022-09-17,2022-09-23,6,PF-19120,1705,265,4,67.8
4062,US-2022-138716,2022-09-17,2022-09-20,3,CS-11845,653,624,2,25.032
3016,US-2022-138919,2022-09-17,2022-09-21,4,LS-16975,379,265,4,344.22
28,US-2022-150630,2022-09-17,2022-09-21,4,TB-21520,36,304,4,3083.43
29,US-2022-150630,2022-09-17,2022-09-21,4,TB-21520,698,304,4,9.618
30,US-2022-150630,2022-09-17,2022-09-21,4,TB-21520,264,304,4,124.2
31,US-2022-150630,2022-09-17,2022-09-21,4,TB-21520,891,304,4,3.264
32,US-2022-150630,2022-09-17,2022-09-21,4,TB-21520,500,304,4,86.304
33,US-2022-150630,2022-09-17,2022-09-21,4,TB-21520,663,304,4,6.858
34,US-2022-150630,2022-09-17,2022-09-21,4,TB-21520,552,304,4,15.76
5619,CA-2022-101154,2022-09-18,2022-09-21,3,CM-12190,1423,527,2,443.92
3730,CA-2022-109575,2022-09-18,2022-09-23,5,KH-16630,1314,212,4,41.96
3731,CA-2022-109575,2022-09-18,2022-09-23,5,KH-16630,1406,212,4,636.86
3732,CA-2022-109575,2022-09-18,2022-09-23,5,KH-16630,1864,212,4,499.99
3733,CA-2022-109575,2022-09-18,2022-09-23,5,KH-16630,1845,212,4,1259.93
3734,CA-2022-109575,2022-09-18,2022-09-23,5,KH-16630,656,212,4,65.08
4976,CA-2022-142202,2022-09-18,2022-09-23,5,JR-16210,1490,343,3,717.12
576,CA-2022-149713,2022-09-18,2022-09-22,4,TG-21640,1081,493,3,160.72
577,CA-2022-149713,2022-09-18,2022-09-22,4,TG-21640,1088,493,3,19.92
578,CA-2022-149713,2022-09-18,2022-09-22,4,TG-21640,1462,493,3,7.3
5051,CA-2022-150511,2022-09-18,2022-09-24,6,AB-10060,1133,613,4,18.54
3759,CA-2022-167745,2022-09-18,2022-09-23,5,GB-14530,622,499,4,11.68
3760,CA-2022-167745,2022-09-18,2022-09-23,5,GB-14530,1464,499,4,16.9
3761,CA-2022-167745,2022-09-18,2022-09-23,5,GB-14530,150,499,4,24.4
1303,CA-2022-115847,2022-09-19,2022-09-24,5,TC-21535,45,437,3,61.96
6169,CA-2022-132815,2022-09-19,2022-09-22,3,RW-19540,1081,495,3,22.96
6629,CA-2022-135489,2022-09-19,2022-09-22,3,GW-14605,1848,264,3,279.86
9306,CA-2022-137603,2022-09-19,2022-09-24,5,MH-17290,573,589,4,8.4
5107,CA-2022-147102,2022-09-19,2022-09-26,7,NH-18610,1510,371,4,66.36
9599,CA-2022-149517,2022-09-19,2022-09-23,4,FC-14245,297,521,4,60.84
9146,CA-2022-126970,2022-09-20,2022-09-24,4,TP-21130,668,20,4,2.808
8209,CA-2022-141565,2022-09-20,2022-09-24,4,BG-11035,744,434,4,1369.764
8210,CA-2022-141565,2022-09-20,2022-09-24,4,BG-11035,1367,434,4,294.368
8437,CA-2022-151470,2022-09-20,2022-09-26,6,AM-10705,847,579,4,45.584
8037,CA-2022-153738,2022-09-20,2022-09-22,2,AG-10270,765,224,2,37.68
8061,CA-2022-156013,2022-09-20,2022-09-26,6,TC-20980,1140,259,4,61.4
8062,CA-2022-156013,2022-09-20,2022-09-26,6,TC-20980,814,259,4,24.448
2272,CA-2022-102036,2022-09-21,2022-09-27,6,CS-12130,1351,624,4,199.74
4618,CA-2022-117800,2022-09-21,2022-09-26,5,TH-21550,1846,221,4,589.9
4619,CA-2022-117800,2022-09-21,2022-09-26,5,TH-21550,67,221,4,542.94
1417,CA-2022-126697,2022-09-21,2022-09-24,3,SV-20815,1872,154,2,946.344
1418,CA-2022-126697,2022-09-21,2022-09-24,3,SV-20815,1496,154,2,151.2
1419,CA-2022-126697,2022-09-21,2022-09-24,3,SV-20815,270,154,2,4.928
3852,CA-2022-127593,2022-09-21,2022-09-21,0,DH-13675,185,230,1,85.3
2786,CA-2022-149972,2022-09-21,2022-09-23,2,CD-12790,104,497,2,601.536
2787,CA-2022-149972,2022-09-21,2022-09-23,2,CD-12790,918,497,2,7.9
6176,CA-2022-158421,2022-09-21,2022-09-26,5,GB-14575,56,415,4,1690.04
6177,CA-2022-158421,2022-09-21,2022-09-26,5,GB-14575,1393,415,4,85.96
6178,CA-2022-158421,2022-09-21,2022-09-26,5,GB-14575,909,415,4,121.96
6179,CA-2022-158421,2022-09-21,2022-09-26,5,GB-14575,1193,415,4,23.92
6180,CA-2022-158421,2022-09-21,2022-09-26,5,GB-14575,1350,415,4,63.96
6181,CA-2022-158421,2022-09-21,2022-09-26,5,GB-14575,1773,415,4,629.95
6182,CA-2022-158421,2022-09-21,2022-09-26,5,GB-14575,1768,415,4,113.73
6183,CA-2022-158421,2022-09-21,2022-09-26,5,GB-14575,671,415,4,14.6
6184,CA-2022-158421,2022-09-21,2022-09-26,5,GB-14575,1423,415,4,887.84
3031,CA-2022-168480,2022-09-21,2022-09-27,6,DM-12955,24,75,4,194.32
3032,CA-2022-168480,2022-09-21,2022-09-27,6,DM-12955,501,75,4,25.99
7803,CA-2022-102260,2022-09-22,2022-09-26,4,SJ-20125,1001,426,4,12.0
7804,CA-2022-102260,2022-09-22,2022-09-26,4,SJ-20125,1432,426,4,720.064
7805,CA-2022-102260,2022-09-22,2022-09-26,4,SJ-20125,1408,426,4,25.424
7806,CA-2022-102260,2022-09-22,2022-09-26,4,SJ-20125,559,426,4,2.816
7807,CA-2022-102260,2022-09-22,2022-09-26,4,SJ-20125,808,426,4,3.204
960,CA-2022-112571,2022-09-22,2022-09-22,0,DL-12925,273,508,1,204.6
5840,CA-2022-134992,2022-09-22,2022-09-26,4,MG-17875,1287,437,3,32.4
5841,CA-2022-134992,2022-09-22,2022-09-26,4,MG-17875,325,437,3,47.98
9043,CA-2022-168760,2022-09-22,2022-09-26,4,MM-18280,468,499,3,61.44
8854,US-2022-115343,2022-09-22,2022-09-25,3,FO-14305,1451,305,2,55.6
8855,US-2022-115343,2022-09-22,2022-09-25,3,FO-14305,1552,305,2,617.976
5771,CA-2022-103835,2022-09-24,2022-09-28,4,SC-20440,175,496,4,14.91
5772,CA-2022-103835,2022-09-24,2022-09-28,4,SC-20440,465,496,4,1158.12
9570,CA-2022-113131,2022-09-24,2022-09-24,0,MB-17305,669,278,1,6.732
9571,CA-2022-113131,2022-09-24,2022-09-24,0,MB-17305,1435,278,1,33.568
9572,CA-2022-113131,2022-09-24,2022-09-24,0,MB-17305,867,278,1,15.84
9573,CA-2022-113131,2022-09-24,2022-09-24,0,MB-17305,959,278,1,24.424
9574,CA-2022-113131,2022-09-24,2022-09-24,0,MB-17305,599,278,1,17.12
1628,CA-2022-143119,2022-09-24,2022-09-30,6,MC-17275,93,389,4,517.5
7742,CA-2022-147816,2022-09-24,2022-09-26,2,CM-11935,1866,460,3,35.12
3426,CA-2022-153381,2022-09-24,2022-09-28,4,DE-13255,663,54,4,15.24
3427,CA-2022-153381,2022-09-24,2022-09-28,4,DE-13255,109,54,4,1408.1
4915,CA-2022-161830,2022-09-24,2022-09-26,2,ME-17725,500,624,3,35.96
4916,CA-2022-161830,2022-09-24,2022-09-26,2,ME-17725,689,624,3,14.952
9152,US-2022-106873,2022-09-24,2022-09-29,5,KM-16720,538,449,3,14.576
9153,US-2022-106873,2022-09-24,2022-09-29,5,KM-16720,1495,449,3,23.2
9154,US-2022-106873,2022-09-24,2022-09-29,5,KM-16720,566,449,3,16.464
1472,US-2022-161466,2022-09-24,2022-09-27,3,ON-18715,570,302,3,6.848
4074,US-2022-164308,2022-09-24,2022-09-27,3,SC-20680,1708,114,2,821.94
2447,CA-2022-100573,2022-09-25,2022-10-01,6,AM-10705,863,494,4,17.48
5726,CA-2022-103933,2022-09-25,2022-09-27,2,DR-12880,1598,263,2,899.91
25,CA-2022-106320,2022-09-25,2022-09-30,5,EB-13870,345,604,4,1044.63
8214,CA-2022-120845,2022-09-25,2022-10-02,7,ML-17395,834,433,4,6.336
8215,CA-2022-120845,2022-09-25,2022-10-02,7,ML-17395,1038,433,4,10.48
8216,CA-2022-120845,2022-09-25,2022-10-02,7,ML-17395,855,433,4,2.469
8217,CA-2022-120845,2022-09-25,2022-10-02,7,ML-17395,839,433,4,3.264
7590,CA-2022-139738,2022-09-25,2022-09-29,4,DK-12895,523,29,4,128.744
7837,CA-2022-149083,2022-09-25,2022-09-30,5,SH-19975,84,623,4,307.136
7838,CA-2022-149083,2022-09-25,2022-09-30,5,SH-19975,1019,623,4,12.6
7839,CA-2022-149083,2022-09-25,2022-09-30,5,SH-19975,1532,623,4,159.98
9268,CA-2022-151869,2022-09-25,2022-09-25,0,CS-11950,99,255,1,102.582
9269,CA-2022-151869,2022-09-25,2022-09-25,0,CS-11950,1186,255,1,20.04
1695,CA-2022-156335,2022-09-25,2022-09-28,3,PO-19195,1572,236,3,63.96
1696,CA-2022-156335,2022-09-25,2022-09-28,3,PO-19195,829,236,3,14.46
1697,CA-2022-156335,2022-09-25,2022-09-28,3,PO-19195,1893,236,3,104.98
6450,CA-2022-156510,2022-09-25,2022-09-29,4,EH-13990,661,199,4,10.76
6451,CA-2022-156510,2022-09-25,2022-09-29,4,EH-13990,1310,199,4,45.68
6452,CA-2022-156510,2022-09-25,2022-09-29,4,EH-13990,645,199,4,6.7
5597,CA-2022-159779,2022-09-25,2022-09-29,4,SB-20185,757,232,4,68.62
9437,CA-2022-160787,2022-09-25,2022-09-25,0,BM-11785,664,305,1,2.946
2556,CA-2022-111458,2022-09-26,2022-09-30,4,PF-19165,1489,265,4,50.0
1649,CA-2022-120341,2022-09-26,2022-09-29,3,SF-20200,718,305,3,121.104
1650,CA-2022-120341,2022-09-26,2022-09-29,3,SF-20200,1769,305,3,45.894
2497,CA-2022-122371,2022-09-26,2022-10-01,5,BS-11800,1413,526,4,64.17
2498,CA-2022-122371,2022-09-26,2022-10-01,5,BS-11800,873,526,4,124.46
1420,CA-2022-124800,2022-09-26,2022-09-30,4,RW-19540,1082,454,4,86.272
1421,CA-2022-124800,2022-09-26,2022-09-30,4,RW-19540,772,454,4,72.588
1422,CA-2022-124800,2022-09-26,2022-09-30,4,RW-19540,387,454,4,60.672
1423,CA-2022-124800,2022-09-26,2022-09-30,4,RW-19540,797,454,4,77.031
1424,CA-2022-124800,2022-09-26,2022-09-30,4,RW-19540,1311,454,4,119.904
1425,CA-2022-124800,2022-09-26,2022-09-30,4,RW-19540,1868,454,4,263.96
1426,CA-2022-124800,2022-09-26,2022-09-30,4,RW-19540,1399,454,4,363.648
5118,CA-2022-127173,2022-09-26,2022-10-03,7,GM-14500,956,267,4,34.44
5119,CA-2022-127173,2022-09-26,2022-10-03,7,GM-14500,1643,267,4,629.93
5120,CA-2022-127173,2022-09-26,2022-10-03,7,GM-14500,745,267,4,79.056
284,CA-2022-130883,2022-09-26,2022-10-02,6,TB-21520,1054,594,4,141.76
285,CA-2022-130883,2022-09-26,2022-10-02,6,TB-21520,1584,594,4,239.8
286,CA-2022-130883,2022-09-26,2022-10-02,6,TB-21520,1289,594,4,31.104
281,US-2022-161991,2022-09-26,2022-09-28,2,SC-20725,816,155,3,2.08
282,US-2022-161991,2022-09-26,2022-09-28,2,SC-20725,1739,155,3,1114.4
7215,CA-2022-103072,2022-09-27,2022-09-30,3,HW-14935,571,68,3,16.4
7216,CA-2022-103072,2022-09-27,2022-09-30,3,HW-14935,1265,68,3,25.92
7846,CA-2022-125976,2022-09-27,2022-10-02,5,JK-15205,1256,437,4,154.9
7847,CA-2022-125976,2022-09-27,2022-10-02,5,JK-15205,1746,437,4,1871.88
8928,CA-2022-143616,2022-09-27,2022-09-29,2,SS-20140,585,623,3,99.2
6959,CA-2022-167255,2022-09-27,2022-09-29,2,RH-19510,1385,529,3,15.51
6960,CA-2022-167255,2022-09-27,2022-09-29,2,RH-19510,1178,529,3,146.82
6961,CA-2022-167255,2022-09-27,2022-09-29,2,RH-19510,1300,529,3,12.96
3436,US-2022-100531,2022-09-27,2022-09-29,2,NM-18520,833,8,2,15.08
3437,US-2022-100531,2022-09-27,2022-09-29,2,NM-18520,170,8,2,24.288
4933,CA-2022-106978,2022-09-28,2022-10-04,6,ZC-21910,862,552,4,12.536
4934,CA-2022-106978,2022-09-28,2022-10-04,6,ZC-21910,841,552,4,1.08
4935,CA-2022-106978,2022-09-28,2022-10-04,6,ZC-21910,947,552,4,4.512
8162,CA-2022-120915,2022-09-28,2022-10-03,5,JJ-15445,438,265,3,293.52
8163,CA-2022-120915,2022-09-28,2022-10-03,5,JJ-15445,1810,265,3,307.98
9452,CA-2022-129546,2022-09-28,2022-10-05,7,RP-19855,396,496,4,186.15
9453,CA-2022-129546,2022-09-28,2022-10-05,7,RP-19855,763,496,4,81.792
9454,CA-2022-129546,2022-09-28,2022-10-05,7,RP-19855,1450,496,4,47.19
9455,CA-2022-129546,2022-09-28,2022-10-05,7,RP-19855,1802,496,4,36.784
2254,CA-2022-169201,2022-09-28,2022-10-01,3,HG-14965,447,529,2,43.26
2255,CA-2022-169201,2022-09-28,2022-10-01,3,HG-14965,445,529,2,43.56
6268,CA-2022-115392,2022-10-01,2022-10-04,3,RM-19675,1746,220,3,311.98
6269,CA-2022-115392,2022-10-01,2022-10-04,3,RM-19675,692,220,3,22.45
9035,CA-2022-148873,2022-10-01,2022-10-05,4,EM-13960,669,28,4,2.992
9036,CA-2022-148873,2022-10-01,2022-10-05,4,EM-13960,1521,28,4,108.768
9489,CA-2022-156566,2022-10-01,2022-10-04,3,EM-13960,1882,594,2,572.8
1444,CA-2022-166135,2022-10-01,2022-10-06,5,SC-20440,1440,552,4,139.424
2043,CA-2022-104493,2022-10-02,2022-10-08,6,EB-13705,750,527,4,57.504
6630,CA-2022-125696,2022-10-02,2022-10-06,4,NP-18685,810,414,4,7.38
8427,CA-2022-128356,2022-10-02,2022-10-07,5,RP-19390,1446,566,4,10.944
6953,CA-2022-129917,2022-10-02,2022-10-03,1,HM-14980,810,495,2,11.808
6954,CA-2022-129917,2022-10-02,2022-10-03,1,HM-14980,753,495,2,53.568
6955,CA-2022-129917,2022-10-02,2022-10-03,1,HM-14980,1773,495,2,503.96
8189,CA-2022-140375,2022-10-02,2022-10-05,3,SG-20470,1274,217,3,19.44
8190,CA-2022-140375,2022-10-02,2022-10-05,3,SG-20470,751,217,3,7.38
3903,US-2022-119312,2022-10-02,2022-10-07,5,CS-12400,1345,498,3,270.34
3220,US-2022-137008,2022-10-02,2022-10-08,6,JP-15460,1051,242,4,94.85
3221,US-2022-137008,2022-10-02,2022-10-08,6,JP-15460,877,242,4,51.12
3222,US-2022-137008,2022-10-02,2022-10-08,6,JP-15460,1590,242,4,90.0
8743,US-2022-144771,2022-10-02,2022-10-04,2,CK-12205,146,592,2,11.032
8744,US-2022-144771,2022-10-02,2022-10-04,2,CK-12205,1609,592,2,53.04
7797,US-2022-145121,2022-10-02,2022-10-06,4,MP-17965,659,200,4,26.9
1922,CA-2022-125178,2022-10-03,2022-10-09,6,MZ-17515,1418,306,4,15.008
3075,CA-2022-126137,2022-10-03,2022-10-08,5,BS-11755,39,496,4,120.666
782,US-2022-157014,2022-10-03,2022-10-06,3,BM-11785,652,278,3,32.07
783,US-2022-157014,2022-10-03,2022-10-06,3,BM-11785,1503,278,3,24.0
784,US-2022-157014,2022-10-03,2022-10-06,3,BM-11785,39,278,3,35.49
785,US-2022-157014,2022-10-03,2022-10-06,3,BM-11785,1585,278,3,47.984
1300,CA-2022-121391,2022-10-04,2022-10-07,3,AA-10315,1427,528,2,26.96
2128,CA-2022-134859,2022-10-04,2022-10-09,5,JK-16120,181,303,4,64.944
2129,CA-2022-134859,2022-10-04,2022-10-09,5,JK-16120,1211,303,4,20.736
636,CA-2022-168004,2022-10-04,2022-10-09,5,DJ-13420,126,378,3,392.94
928,CA-2022-115091,2022-10-05,2022-10-09,4,JJ-15760,574,445,4,46.2
929,CA-2022-115091,2022-10-05,2022-10-09,4,JJ-15760,447,445,4,28.84
6226,CA-2022-133445,2022-10-05,2022-10-09,4,JF-15490,8,594,4,66.294
6227,CA-2022-133445,2022-10-05,2022-10-09,4,JF-15490,72,594,4,291.168
5611,CA-2022-145828,2022-10-05,2022-10-07,2,MB-17305,1609,276,2,53.04
8769,CA-2022-151722,2022-10-05,2022-10-09,4,IL-15100,1590,278,4,288.0
4622,CA-2022-161214,2022-10-05,2022-10-08,3,SF-20965,1385,207,3,77.55
6454,CA-2022-125710,2022-10-08,2022-10-13,5,BT-11680,506,153,4,3.44
8134,CA-2022-131352,2022-10-08,2022-10-13,5,GH-14485,314,140,4,72.78
5509,CA-2022-168529,2022-10-08,2022-10-12,4,MB-17305,190,530,4,145.9
5716,CA-2022-124107,2022-10-09,2022-10-12,3,BM-11650,1527,64,3,619.95
5717,CA-2022-124107,2022-10-09,2022-10-12,3,BM-11650,1785,64,3,29.16
5718,CA-2022-124107,2022-10-09,2022-10-12,3,BM-11650,904,64,3,57.96
5719,CA-2022-124107,2022-10-09,2022-10-12,3,BM-11650,401,64,3,29.403
9263,CA-2022-124499,2022-10-09,2022-10-13,4,FM-14380,94,69,4,389.97
9264,CA-2022-124499,2022-10-09,2022-10-13,4,FM-14380,406,69,4,269.91
882,CA-2022-129098,2022-10-09,2022-10-13,4,DK-13090,1334,445,4,30.84
2490,CA-2022-141040,2022-10-09,2022-10-13,4,TB-21250,1782,264,3,631.96
2491,CA-2022-141040,2022-10-09,2022-10-13,4,TB-21250,1155,264,3,23.92
7312,CA-2022-162761,2022-10-09,2022-10-13,4,SC-20575,859,350,4,1.872
7313,CA-2022-162761,2022-10-09,2022-10-13,4,SC-20575,719,350,4,11.214
7314,CA-2022-162761,2022-10-09,2022-10-13,4,SC-20575,494,350,4,37.376
4719,CA-2022-109736,2022-10-10,2022-10-11,1,DJ-13420,1154,528,2,45.36
6833,CA-2022-112522,2022-10-10,2022-10-17,7,DP-13165,488,8,4,8.016
5186,CA-2022-134719,2022-10-10,2022-10-15,5,JD-15790,1437,343,4,1801.632
5345,CA-2022-112053,2022-10-11,2022-10-13,2,SH-20395,1569,268,3,31.95
4,US-2022-108966,2022-10-11,2022-10-18,7,SO-20335,345,339,4,957.5775
5,US-2022-108966,2022-10-11,2022-10-18,7,SO-20335,1341,339,4,22.368
190,CA-2022-102281,2022-10-12,2022-10-14,2,MP-17470,3,265,2,899.136
191,CA-2022-102281,2022-10-12,2022-10-14,2,MP-17470,1774,265,2,71.76
192,CA-2022-102281,2022-10-12,2022-10-14,2,MP-17470,1277,265,2,51.84
193,CA-2022-102281,2022-10-12,2022-10-14,2,MP-17470,2,265,2,626.352
194,CA-2022-102281,2022-10-12,2022-10-14,2,MP-17470,485,265,2,19.9
2915,CA-2022-134747,2022-10-12,2022-10-17,5,DL-12925,1709,47,3,135.72
2916,CA-2022-134747,2022-10-12,2022-10-17,5,DL-12925,765,47,3,12.56
2917,CA-2022-134747,2022-10-12,2022-10-17,5,DL-12925,1868,47,3,263.96
7862,CA-2022-142993,2022-10-12,2022-10-17,5,KA-16525,1517,623,4,17.9
7863,CA-2022-142993,2022-10-12,2022-10-17,5,KA-16525,1331,623,4,81.96
2117,CA-2022-159786,2022-10-12,2022-10-17,5,RK-19300,382,268,3,209.67
847,CA-2022-114300,2022-10-13,2022-10-17,4,AF-10885,1774,383,4,83.72
848,CA-2022-114300,2022-10-13,2022-10-17,4,AF-10885,62,383,4,287.94
110,CA-2022-129476,2022-10-15,2022-10-20,5,PA-19060,1548,23,4,339.96
1438,CA-2022-139731,2022-10-15,2022-10-15,0,JE-15745,1594,126,1,263.88
1439,CA-2022-139731,2022-10-15,2022-10-15,0,JE-15745,91,126,1,2453.43
7906,US-2022-118766,2022-10-15,2022-10-22,7,LS-16975,899,141,4,4.464
7907,US-2022-118766,2022-10-15,2022-10-22,7,LS-16975,699,141,4,3.96
6878,US-2022-123918,2022-10-15,2022-10-15,0,CG-12520,154,141,1,131.376
6879,US-2022-123918,2022-10-15,2022-10-15,0,CG-12520,1254,141,1,5.344
4631,US-2022-126235,2022-10-15,2022-10-15,0,GA-14725,168,77,1,17.14
6969,CA-2022-110765,2022-10-16,2022-10-20,4,MP-17965,1798,263,3,824.97
3405,CA-2022-152527,2022-10-17,2022-10-17,0,CM-12190,1339,494,1,77.88
6136,CA-2022-105613,2022-10-18,2022-10-22,4,KN-16705,1624,164,4,27.696
6137,CA-2022-105613,2022-10-18,2022-10-22,4,KN-16705,480,164,4,73.164
9415,CA-2022-127824,2022-10-18,2022-10-22,4,JC-15775,1803,625,4,249.584
9416,CA-2022-127824,2022-10-18,2022-10-22,4,JC-15775,1165,625,4,17.94
9417,CA-2022-127824,2022-10-18,2022-10-22,4,JC-15775,193,625,4,10.11
3961,CA-2022-113901,2022-10-19,2022-10-24,5,NH-18610,687,69,4,38.28
3962,CA-2022-113901,2022-10-19,2022-10-24,5,NH-18610,1816,69,4,149.95
872,CA-2022-131128,2022-10-19,2022-10-20,1,TB-21520,1094,232,2,34.44
8980,CA-2022-150413,2022-10-19,2022-10-24,5,CS-11860,697,142,3,1.72
5435,CA-2022-160171,2022-10-19,2022-10-24,5,RM-19675,476,495,4,1640.7
5436,CA-2022-160171,2022-10-19,2022-10-24,5,RM-19675,1590,495,4,270.0
9058,CA-2022-149097,2022-10-20,2022-10-24,4,SV-20785,288,498,4,74.76
9059,CA-2022-149097,2022-10-20,2022-10-24,4,SV-20785,381,498,4,364.776
8574,CA-2022-164623,2022-10-20,2022-10-22,2,MS-17770,1052,265,2,24.56
8068,US-2022-160563,2022-10-20,2022-10-24,4,NS-18640,1532,528,4,239.97
8069,US-2022-160563,2022-10-20,2022-10-24,4,NS-18640,147,528,4,16.02
8474,CA-2022-169733,2022-10-22,2022-10-26,4,GM-14500,1347,341,3,9.952
1174,US-2022-104430,2022-10-22,2022-10-26,4,LT-17110,747,3,4,5.176
8493,CA-2022-109190,2022-10-23,2022-10-28,5,CC-12685,1108,162,4,60.736
8494,CA-2022-109190,2022-10-23,2022-10-28,5,CC-12685,1631,162,4,479.976
8495,CA-2022-109190,2022-10-23,2022-10-28,5,CC-12685,787,162,4,6.08
5419,CA-2022-110877,2022-10-23,2022-10-26,3,JE-15715,1285,154,2,36.288
5420,CA-2022-110877,2022-10-23,2022-10-26,3,JE-15715,1778,154,2,150.384
3868,CA-2022-132486,2022-10-23,2022-10-27,4,JF-15355,1564,527,3,148.32
3869,CA-2022-132486,2022-10-23,2022-10-27,4,JF-15355,78,527,3,240.784
3870,CA-2022-132486,2022-10-23,2022-10-27,4,JF-15355,55,527,3,191.968
3871,CA-2022-132486,2022-10-23,2022-10-27,4,JF-15355,1226,527,3,11.56
3872,CA-2022-132486,2022-10-23,2022-10-27,4,JF-15355,895,527,3,11.8
3873,CA-2022-132486,2022-10-23,2022-10-27,4,JF-15355,128,527,3,842.352
4275,CA-2022-142692,2022-10-23,2022-10-28,5,AG-10495,693,624,4,3.592
4252,CA-2022-155068,2022-10-23,2022-10-23,0,RA-19285,1796,346,1,55.944
4253,CA-2022-155068,2022-10-23,2022-10-23,0,RA-19285,631,346,1,10.688
4254,CA-2022-155068,2022-10-23,2022-10-23,0,RA-19285,1857,346,1,11.824
5373,CA-2022-118738,2022-10-24,2022-10-30,6,AG-10495,1268,154,4,15.552
5374,CA-2022-118738,2022-10-24,2022-10-30,6,AG-10495,374,154,4,347.361
5375,CA-2022-118738,2022-10-24,2022-10-30,6,AG-10495,1269,154,4,10.368
6424,CA-2022-149650,2022-10-24,2022-10-27,3,RD-19660,117,507,2,454.272
5487,CA-2022-156608,2022-10-24,2022-10-29,5,MT-18070,693,176,4,3.592
7089,CA-2022-105844,2022-10-25,2022-10-27,2,JF-15415,568,582,3,79.36
6539,CA-2022-109862,2022-10-25,2022-10-30,5,HK-14890,1754,206,4,158.99
6540,CA-2022-109862,2022-10-25,2022-10-30,5,HK-14890,112,206,4,291.1
9393,CA-2022-130848,2022-10-25,2022-10-25,0,DG-13300,72,556,1,582.336
4381,CA-2022-152891,2022-10-25,2022-10-30,5,TB-21625,519,529,4,60.45
4382,CA-2022-152891,2022-10-25,2022-10-30,5,TB-21625,329,529,4,253.176
2090,CA-2022-139290,2022-10-26,2022-10-30,4,MY-17380,997,514,4,5.76
8081,CA-2022-150714,2022-10-26,2022-11-01,6,KH-16690,964,597,4,146.544
8082,CA-2022-150714,2022-10-26,2022-11-01,6,KH-16690,1176,597,4,131.904
8083,CA-2022-150714,2022-10-26,2022-11-01,6,KH-16690,482,597,4,203.88
8084,CA-2022-150714,2022-10-26,2022-11-01,6,KH-16690,701,597,4,14.301
8085,CA-2022-150714,2022-10-26,2022-11-01,6,KH-16690,1357,597,4,718.64
5160,CA-2022-156146,2022-10-26,2022-10-30,4,AG-10495,1826,455,3,105.584
5161,CA-2022-156146,2022-10-26,2022-10-30,4,AG-10495,1837,455,3,68.72
997,CA-2022-162537,2022-10-28,2022-11-03,6,RD-19585,882,382,4,10.67
998,CA-2022-162537,2022-10-28,2022-11-03,6,RD-19585,1389,382,4,36.63
999,CA-2022-162537,2022-10-28,2022-11-03,6,RD-19585,276,382,4,24.1
1000,CA-2022-162537,2022-10-28,2022-11-03,6,RD-19585,153,382,4,33.11
6325,CA-2022-110289,2022-10-29,2022-11-02,4,NB-18655,1158,528,4,33.4
6326,CA-2022-110289,2022-10-29,2022-11-02,4,NB-18655,906,528,4,210.84
1919,CA-2022-123673,2022-10-30,2022-11-01,2,CH-12070,1822,69,3,299.9
5253,CA-2022-132318,2022-10-30,2022-11-02,3,TT-21220,480,447,2,182.91
8478,CA-2022-145758,2022-10-30,2022-10-30,0,BF-11020,1693,264,1,1035.8
3691,US-2022-131359,2022-10-30,2022-11-02,3,FA-14230,1677,556,3,59.994
3692,US-2022-131359,2022-10-30,2022-11-02,3,FA-14230,1639,556,3,439.992
3693,US-2022-131359,2022-10-30,2022-11-02,3,FA-14230,1815,556,3,87.96
3694,US-2022-131359,2022-10-30,2022-11-02,3,FA-14230,225,556,3,15.488
398,CA-2022-122259,2022-10-31,2022-11-04,4,HP-14815,1444,73,4,70.12
195,CA-2022-131457,2022-10-31,2022-11-06,6,MZ-17515,891,516,4,14.28
1232,CA-2022-132570,2022-10-31,2022-11-02,2,KT-16480,535,254,3,2.78
1233,CA-2022-132570,2022-10-31,2022-11-02,2,KT-16480,871,254,3,79.96
2108,CA-2022-164882,2022-10-31,2022-10-31,0,SG-20080,1171,516,1,19.98
2109,CA-2022-164882,2022-10-31,2022-10-31,0,SG-20080,738,516,1,398.352
2110,CA-2022-164882,2022-10-31,2022-10-31,0,SG-20080,556,516,1,5.04
2111,CA-2022-164882,2022-10-31,2022-10-31,0,SG-20080,935,516,1,17.45
2112,CA-2022-164882,2022-10-31,2022-10-31,0,SG-20080,69,516,1,323.136
2113,CA-2022-164882,2022-10-31,2022-10-31,0,SG-20080,1460,516,1,29.7
2114,CA-2022-164882,2022-10-31,2022-10-31,0,SG-20080,1844,516,1,1295.84
2115,CA-2022-164882,2022-10-31,2022-10-31,0,SG-20080,1379,516,1,46.84
2116,CA-2022-164882,2022-10-31,2022-10-31,0,SG-20080,17,516,1,425.833
1427,US-2022-164448,2022-10-31,2022-11-04,4,DK-12835,812,522,3,9.728
1428,US-2022-164448,2022-10-31,2022-11-04,4,DK-12835,895,522,3,14.75
1429,US-2022-164448,2022-10-31,2022-11-04,4,DK-12835,657,522,3,29.8
1430,US-2022-164448,2022-10-31,2022-11-04,4,DK-12835,959,522,3,427.42
1647,CA-2022-105221,2022-11-01,2022-11-03,2,VM-21685,1609,304,2,35.36
1648,CA-2022-105221,2022-11-01,2022-11-03,2,VM-21685,930,304,2,3.168
5860,CA-2022-108119,2022-11-01,2022-11-08,7,MS-17530,371,322,4,301.96
2296,CA-2022-113145,2022-11-01,2022-11-05,4,VD-21670,1047,263,4,13.52
2297,CA-2022-113145,2022-11-01,2022-11-05,4,VD-21670,258,263,4,259.7
2298,CA-2022-113145,2022-11-01,2022-11-05,4,VD-21670,1837,263,4,42.95
2299,CA-2022-113145,2022-11-01,2022-11-05,4,VD-21670,1600,263,4,1399.93
2300,CA-2022-113145,2022-11-01,2022-11-05,4,VD-21670,1885,263,4,503.96
6551,CA-2022-126739,2022-11-01,2022-11-03,2,JH-16180,72,265,3,327.564
2294,CA-2022-130995,2022-11-01,2022-11-06,5,QJ-19255,1757,262,4,4.95
7006,CA-2022-141740,2022-11-01,2022-11-05,4,JF-15490,99,262,4,205.164
2802,US-2022-110163,2022-11-01,2022-11-04,3,GA-14725,552,596,2,7.88
6006,CA-2022-100657,2022-11-02,2022-11-07,5,SW-20245,54,270,4,109.764
1167,CA-2022-125416,2022-11-02,2022-11-02,0,KC-16540,1535,625,1,447.93
283,CA-2022-130890,2022-11-02,2022-11-06,4,JO-15280,339,494,4,1038.84
9605,CA-2022-138625,2022-11-02,2022-11-05,3,EG-13900,423,439,2,197.72
9193,CA-2022-141810,2022-11-02,2022-11-07,5,BB-10990,755,176,4,29.372
9194,CA-2022-141810,2022-11-02,2022-11-07,5,BB-10990,1718,176,4,344.704
9057,CA-2022-160227,2022-11-02,2022-11-04,2,ED-13885,108,263,2,2621.322
8164,CA-2022-168207,2022-11-02,2022-11-06,4,LT-17110,160,527,4,96.96
8165,CA-2022-168207,2022-11-02,2022-11-06,4,LT-17110,755,527,4,117.488
8166,CA-2022-168207,2022-11-02,2022-11-06,4,LT-17110,713,527,4,11.952
8167,CA-2022-168207,2022-11-02,2022-11-06,4,LT-17110,32,527,4,512.499
2586,CA-2022-121041,2022-11-03,2022-11-10,7,CS-12250,860,151,4,6.608
1487,CA-2022-140410,2022-11-03,2022-11-07,4,CM-12655,1741,495,4,1212.848
1488,CA-2022-140410,2022-11-03,2022-11-07,4,CM-12655,1539,495,4,89.97
1489,CA-2022-140410,2022-11-03,2022-11-07,4,CM-12655,157,495,4,42.6
5764,CA-2022-162047,2022-11-03,2022-11-05,2,FH-14365,127,259,2,1448.82
3814,CA-2022-103961,2022-11-05,2022-11-09,4,NG-18430,963,28,4,19.824
2911,CA-2022-118444,2022-11-05,2022-11-09,4,VD-21670,399,335,4,387.136
5686,CA-2022-131072,2022-11-05,2022-11-05,0,KL-16645,703,624,1,98.352
1833,CA-2022-131422,2022-11-05,2022-11-09,4,GB-14530,93,410,4,207.0
3310,CA-2022-144386,2022-11-05,2022-11-11,6,GT-14635,834,262,4,25.344
5074,CA-2022-145485,2022-11-05,2022-11-05,0,JM-16195,1369,528,1,62.8
9076,US-2022-136259,2022-11-05,2022-11-08,3,CB-12415,794,286,2,7.218
9077,US-2022-136259,2022-11-05,2022-11-08,3,CB-12415,1461,286,2,27.2
1007,CA-2022-105312,2022-11-06,2022-11-09,3,MT-17815,895,457,2,7.08
1008,CA-2022-105312,2022-11-06,2022-11-09,3,MT-17815,830,457,2,4.401
532,CA-2022-102848,2022-11-07,2022-11-09,2,KB-16240,137,497,3,190.72
6048,CA-2022-105571,2022-11-07,2022-11-11,4,CP-12340,685,349,4,16.146
6049,CA-2022-105571,2022-11-07,2022-11-11,4,CP-12340,742,349,4,1345.485
7905,CA-2022-126669,2022-11-07,2022-11-13,6,DO-13645,1145,153,4,76.64
5052,CA-2022-134922,2022-11-07,2022-11-11,4,KB-16240,913,304,4,24.4
1529,CA-2022-148432,2022-11-07,2022-11-10,3,MC-18130,940,206,3,26.18
1530,CA-2022-148432,2022-11-07,2022-11-10,3,MC-18130,1075,206,3,7.3
5275,CA-2022-162887,2022-11-07,2022-11-09,2,SV-20785,137,312,3,715.2
9102,CA-2022-163181,2022-11-07,2022-11-12,5,AB-10105,552,154,4,23.64
9103,CA-2022-163181,2022-11-07,2022-11-12,5,AB-10105,1368,154,4,84.784
9104,CA-2022-163181,2022-11-07,2022-11-12,5,AB-10105,311,154,4,64.96
9105,CA-2022-163181,2022-11-07,2022-11-12,5,AB-10105,698,154,4,32.06
9106,CA-2022-163181,2022-11-07,2022-11-12,5,AB-10105,1359,154,4,177.648
9107,CA-2022-163181,2022-11-07,2022-11-12,5,AB-10105,1648,154,4,287.91
1918,CA-2022-105634,2022-11-08,2022-11-14,6,HA-14905,487,222,4,11.65
8643,CA-2022-108259,2022-11-08,2022-11-15,7,NS-18640,933,409,4,31.504
8644,CA-2022-108259,2022-11-08,2022-11-15,7,NS-18640,1019,409,4,5.04
8645,CA-2022-108259,2022-11-08,2022-11-15,7,NS-18640,803,409,4,39.879
8646,CA-2022-108259,2022-11-08,2022-11-15,7,NS-18640,228,409,4,4.712
6991,CA-2022-109386,2022-11-08,2022-11-13,5,RH-19600,448,440,3,44.43
6992,CA-2022-109386,2022-11-08,2022-11-13,5,RH-19600,1709,440,3,226.2
6993,CA-2022-109386,2022-11-08,2022-11-13,5,RH-19600,188,440,3,186.54
6994,CA-2022-109386,2022-11-08,2022-11-13,5,RH-19600,551,440,3,265.86
6995,CA-2022-109386,2022-11-08,2022-11-13,5,RH-19600,563,440,3,27.9
4569,CA-2022-111990,2022-11-08,2022-11-13,5,DB-13660,849,156,4,10.476
8202,CA-2022-114811,2022-11-08,2022-11-08,0,KD-16495,1352,264,1,67.15
8203,CA-2022-114811,2022-11-08,2022-11-08,0,KD-16495,1798,264,1,549.98
8204,CA-2022-114811,2022-11-08,2022-11-08,0,KD-16495,284,264,1,11.82
8205,CA-2022-114811,2022-11-08,2022-11-08,0,KD-16495,1704,264,1,4643.8
8206,CA-2022-114811,2022-11-08,2022-11-08,0,KD-16495,97,264,1,577.764
9742,CA-2022-117086,2022-11-08,2022-11-12,4,QJ-19255,36,312,4,4404.9
2260,CA-2022-117611,2022-11-08,2022-11-10,2,MZ-17335,919,525,3,5.0
2261,CA-2022-117611,2022-11-08,2022-11-10,2,MZ-17335,1527,525,3,371.97
3020,CA-2022-123568,2022-11-08,2022-11-14,6,SC-20095,925,608,4,5.04
3021,CA-2022-123568,2022-11-08,2022-11-14,6,SC-20095,1256,608,4,92.94
3022,CA-2022-123568,2022-11-08,2022-11-14,6,SC-20095,241,608,4,66.69
3023,CA-2022-123568,2022-11-08,2022-11-14,6,SC-20095,723,608,4,91.68
5141,CA-2022-154886,2022-11-08,2022-11-12,4,SW-20455,1584,528,4,119.9
3025,CA-2022-164441,2022-11-08,2022-11-13,5,AC-10450,822,263,4,52.272
3026,CA-2022-164441,2022-11-08,2022-11-13,5,AC-10450,1065,263,4,17.94
8001,US-2022-151407,2022-11-08,2022-11-12,4,RD-19585,1747,54,4,263.96
8742,CA-2022-113222,2022-11-09,2022-11-09,0,AG-10765,695,43,1,10.74
6947,CA-2022-126466,2022-11-09,2022-11-13,4,JO-15550,934,520,4,2.48
1988,CA-2022-127509,2022-11-09,2022-11-13,4,AS-10090,705,108,4,17.22
1989,CA-2022-127509,2022-11-09,2022-11-13,4,AS-10090,341,108,4,1024.38
1990,CA-2022-127509,2022-11-09,2022-11-13,4,AS-10090,864,108,4,26.22
1991,CA-2022-127509,2022-11-09,2022-11-13,4,AS-10090,1245,108,4,17.34
5339,CA-2022-146486,2022-11-09,2022-11-14,5,DV-13465,1433,267,3,244.55
5340,CA-2022-146486,2022-11-09,2022-11-14,5,DV-13465,891,267,3,12.24
5341,CA-2022-146486,2022-11-09,2022-11-14,5,DV-13465,1481,267,3,13.98
5342,CA-2022-146486,2022-11-09,2022-11-14,5,DV-13465,1553,267,3,899.95
1564,CA-2022-158554,2022-11-09,2022-11-09,0,CM-12190,1123,303,1,11.352
5007,CA-2022-169796,2022-11-09,2022-11-14,5,Dp-13240,1704,265,4,2321.9
5008,CA-2022-169796,2022-11-09,2022-11-14,5,Dp-13240,1383,265,4,17.94
5849,CA-2022-121783,2022-11-10,2022-11-14,4,PO-19180,464,96,4,715.64
5850,CA-2022-121783,2022-11-10,2022-11-14,4,PO-19180,1430,96,4,795.51
5851,CA-2022-121783,2022-11-10,2022-11-14,4,PO-19180,1639,96,4,549.99
5852,CA-2022-121783,2022-11-10,2022-11-14,4,PO-19180,767,96,4,74.76
5853,CA-2022-121783,2022-11-10,2022-11-14,4,PO-19180,302,96,4,29.22
9552,CA-2022-147690,2022-11-10,2022-11-14,4,SC-20020,1372,304,4,577.584
266,CA-2022-155040,2022-11-10,2022-11-15,5,AH-10210,1587,466,4,79.9
5006,CA-2022-158659,2022-11-10,2022-11-14,4,SC-20695,1375,49,3,714.3
9314,CA-2022-111948,2022-11-11,2022-11-11,0,AG-10495,1318,70,1,418.32
9315,CA-2022-111948,2022-11-11,2022-11-11,0,AG-10495,450,70,1,123.858
3807,CA-2022-113628,2022-11-12,2022-11-19,7,AH-10690,566,359,4,11.76
3808,CA-2022-113628,2022-11-12,2022-11-19,7,AH-10690,849,359,4,5.238
3809,CA-2022-113628,2022-11-12,2022-11-19,7,AH-10690,819,359,4,4.662
3810,CA-2022-113628,2022-11-12,2022-11-19,7,AH-10690,123,359,4,523.92
3811,CA-2022-113628,2022-11-12,2022-11-19,7,AH-10690,1879,359,4,100.792
3812,CA-2022-113628,2022-11-12,2022-11-19,7,AH-10690,81,359,4,146.136
2689,CA-2022-153220,2022-11-12,2022-11-14,2,YC-21895,1030,496,2,15.7
8378,CA-2022-162964,2022-11-12,2022-11-18,6,MF-18250,1326,156,4,64.784
8379,CA-2022-162964,2022-11-12,2022-11-18,6,MF-18250,1223,156,4,15.552
8380,CA-2022-162964,2022-11-12,2022-11-18,6,MF-18250,871,156,4,223.888
9331,US-2022-153283,2022-11-12,2022-11-18,6,EB-14110,900,265,4,15.56
1006,CA-2022-111199,2022-11-13,2022-11-17,4,JK-15730,1172,409,4,115.296
6466,CA-2022-114503,2022-11-13,2022-11-17,4,AA-10375,1390,431,4,84.96
2736,CA-2022-115798,2022-11-13,2022-11-19,6,KL-16645,1736,206,4,377.97
2737,CA-2022-115798,2022-11-13,2022-11-19,6,KL-16645,1036,206,4,42.28
2738,CA-2022-115798,2022-11-13,2022-11-19,6,KL-16645,5,206,4,299.97
2739,CA-2022-115798,2022-11-13,2022-11-19,6,KL-16645,1775,206,4,89.98
9692,CA-2022-130183,2022-11-13,2022-11-17,4,PO-18850,4,154,4,613.9992
8624,CA-2022-136147,2022-11-13,2022-11-18,5,FM-14380,718,350,4,121.104
8625,CA-2022-136147,2022-11-13,2022-11-18,5,FM-14380,1566,350,4,111.96
7275,CA-2022-144519,2022-11-13,2022-11-17,4,AW-10930,1825,576,4,339.96
7276,CA-2022-144519,2022-11-13,2022-11-17,4,AW-10930,227,576,4,63.98
6198,CA-2022-149909,2022-11-13,2022-11-17,4,RA-19915,1049,37,4,63.77
6199,CA-2022-149909,2022-11-13,2022-11-17,4,RA-19915,1875,37,4,50.97
6200,CA-2022-149909,2022-11-13,2022-11-17,4,RA-19915,1172,37,4,96.08
5113,CA-2022-153073,2022-11-13,2022-11-13,0,HA-14905,222,8,1,17.496
104,US-2022-156867,2022-11-13,2022-11-17,4,LC-16870,1535,552,4,238.896
105,US-2022-156867,2022-11-13,2022-11-17,4,LC-16870,185,552,4,102.36
106,US-2022-156867,2022-11-13,2022-11-17,4,LC-16870,703,552,4,36.882
6709,CA-2022-123141,2022-11-14,2022-11-19,5,GZ-14470,133,588,4,883.84
6710,CA-2022-123141,2022-11-14,2022-11-19,5,GZ-14470,62,588,4,230.352
2395,CA-2022-137897,2022-11-14,2022-11-19,5,PJ-18835,1504,265,4,37.6
2396,CA-2022-137897,2022-11-14,2022-11-19,5,PJ-18835,1501,265,4,59.9
2397,CA-2022-137897,2022-11-14,2022-11-19,5,PJ-18835,1074,265,4,37.0
5721,CA-2022-138674,2022-11-14,2022-11-17,3,KB-16585,920,597,2,8.72
5722,CA-2022-138674,2022-11-14,2022-11-17,3,KB-16585,1506,597,2,91.176
5723,CA-2022-138674,2022-11-14,2022-11-17,3,KB-16585,1593,597,2,159.968
3902,CA-2022-151043,2022-11-14,2022-11-20,6,MG-17680,1582,305,4,47.984
2435,CA-2022-154746,2022-11-14,2022-11-17,3,PJ-18835,872,445,2,33.96
2436,CA-2022-154746,2022-11-14,2022-11-17,3,PJ-18835,453,445,2,826.11
3832,US-2022-111927,2022-11-14,2022-11-19,5,LS-17230,237,205,4,76.14
3833,US-2022-111927,2022-11-14,2022-11-19,5,LS-17230,684,205,4,19.96
549,CA-2022-113173,2022-11-15,2022-11-17,2,DK-13225,1370,10,3,250.272
550,CA-2022-113173,2022-11-15,2022-11-17,2,DK-13225,733,10,3,11.364
551,CA-2022-113173,2022-11-15,2022-11-17,2,DK-13225,1479,10,3,8.72
9022,CA-2022-129525,2022-11-15,2022-11-20,5,VP-21760,842,295,4,166.92
6187,CA-2022-138954,2022-11-15,2022-11-17,2,MH-17785,1343,265,2,70.95
6188,CA-2022-138954,2022-11-15,2022-11-17,2,MH-17785,714,265,2,34.944
6189,CA-2022-138954,2022-11-15,2022-11-17,2,MH-17785,568,265,2,119.04
8832,CA-2022-145324,2022-11-15,2022-11-19,4,DH-13675,139,441,4,39.96
7442,CA-2022-120446,2022-11-16,2022-11-18,2,JG-15805,1000,527,2,18.9
2811,CA-2022-135685,2022-11-16,2022-11-18,2,MP-18175,1171,189,3,179.82
2812,CA-2022-135685,2022-11-16,2022-11-18,2,MP-18175,148,189,3,185.58
2813,CA-2022-135685,2022-11-16,2022-11-18,2,MP-18175,377,189,3,214.11
2814,CA-2022-135685,2022-11-16,2022-11-18,2,MP-18175,1547,189,3,999.96
2815,CA-2022-135685,2022-11-16,2022-11-18,2,MP-18175,356,189,3,653.55
6794,CA-2022-145394,2022-11-16,2022-11-20,4,MC-17605,1381,8,4,21.488
6795,CA-2022-145394,2022-11-16,2022-11-20,4,MC-17605,1772,8,4,239.976
6796,CA-2022-145394,2022-11-16,2022-11-20,4,MC-17605,256,8,4,34.504
4193,CA-2022-150875,2022-11-16,2022-11-20,4,HK-14890,345,567,4,696.42
4194,CA-2022-150875,2022-11-16,2022-11-20,4,HK-14890,1777,567,4,304.776
1627,CA-2022-164539,2022-11-16,2022-11-22,6,PO-19180,428,263,4,523.25
8008,CA-2022-110863,2022-11-17,2022-11-24,7,AA-10645,1439,119,4,541.24
8009,CA-2022-110863,2022-11-17,2022-11-24,7,AA-10645,1054,119,4,106.32
8010,CA-2022-110863,2022-11-17,2022-11-24,7,AA-10645,108,119,4,1323.9
5842,CA-2022-126725,2022-11-17,2022-11-21,4,BS-11665,1855,527,4,415.968
5843,CA-2022-126725,2022-11-17,2022-11-21,4,BS-11665,1328,527,4,304.9
5844,CA-2022-126725,2022-11-17,2022-11-21,4,BS-11665,165,527,4,80.96
5845,CA-2022-126725,2022-11-17,2022-11-21,4,BS-11665,1359,527,4,777.21
5846,CA-2022-126725,2022-11-17,2022-11-21,4,BS-11665,1275,527,4,32.4
5847,CA-2022-126725,2022-11-17,2022-11-21,4,BS-11665,120,527,4,225.568
5848,CA-2022-126725,2022-11-17,2022-11-21,4,BS-11665,150,527,4,36.6
4421,CA-2022-163090,2022-11-17,2022-11-21,4,GH-14665,1445,8,3,40.92
7952,CA-2022-145814,2022-11-19,2022-11-24,5,KD-16345,669,265,4,5.984
7953,CA-2022-145814,2022-11-19,2022-11-24,5,KD-16345,1718,265,4,861.76
3698,CA-2022-151680,2022-11-19,2022-11-21,2,TC-21475,315,625,3,141.96
6996,CA-2022-166800,2022-11-19,2022-11-26,7,AG-10300,459,579,4,31.08
840,CA-2022-100454,2022-11-20,2022-11-25,5,BM-11650,519,265,4,60.45
841,CA-2022-100454,2022-11-20,2022-11-25,5,BM-11650,586,265,4,11.52
842,CA-2022-100454,2022-11-20,2022-11-25,5,BM-11650,25,265,4,186.048
7917,CA-2022-110891,2022-11-20,2022-11-24,4,PO-19195,71,304,4,344.372
6245,CA-2022-112305,2022-11-20,2022-11-25,5,KB-16405,585,624,4,119.04
6246,CA-2022-112305,2022-11-20,2022-11-25,5,KB-16405,216,624,4,22.14
6247,CA-2022-112305,2022-11-20,2022-11-25,5,KB-16405,1481,624,4,13.98
6282,CA-2022-116484,2022-11-20,2022-11-26,6,JK-15205,320,289,4,63.824
6283,CA-2022-116484,2022-11-20,2022-11-26,6,JK-15205,1323,289,4,141.552
4059,CA-2022-124058,2022-11-20,2022-11-24,4,LC-16885,1765,507,4,72.744
4060,CA-2022-124058,2022-11-20,2022-11-24,4,LC-16885,137,507,4,572.16
9061,CA-2022-136420,2022-11-20,2022-11-21,1,CS-12250,801,525,2,89.696
9062,CA-2022-136420,2022-11-20,2022-11-21,1,CS-12250,973,525,2,50.12
1071,CA-2022-144652,2022-11-20,2022-11-26,6,SN-20560,584,495,4,19.46
5901,CA-2022-146465,2022-11-20,2022-11-24,4,PB-18805,715,530,4,24.192
2133,CA-2022-156524,2022-11-20,2022-11-26,6,DL-12865,1077,263,4,19.65
6952,CA-2022-161767,2022-11-20,2022-11-24,4,GK-14620,1679,141,4,479.988
7137,CA-2022-163965,2022-11-20,2022-11-27,7,SS-20875,854,351,4,7.23
7138,CA-2022-163965,2022-11-20,2022-11-27,7,SS-20875,1332,351,4,17.44
7139,CA-2022-163965,2022-11-20,2022-11-27,7,SS-20875,786,351,4,62.88
7140,CA-2022-163965,2022-11-20,2022-11-27,7,SS-20875,31,351,4,290.352
9502,US-2022-158589,2022-11-20,2022-11-24,4,KW-16570,180,528,4,32.04
7994,US-2022-165743,2022-11-20,2022-11-23,3,MM-18055,839,552,3,4.896
7995,US-2022-165743,2022-11-20,2022-11-23,3,MM-18055,41,552,3,145.764
7996,US-2022-165743,2022-11-20,2022-11-23,3,MM-18055,835,552,3,9.612
9286,CA-2022-102778,2022-11-21,2022-11-24,3,JH-15820,243,410,2,18.176
4285,CA-2022-105690,2022-11-21,2022-11-26,5,CA-11965,34,172,3,246.1328
4286,CA-2022-105690,2022-11-21,2022-11-26,5,CA-11965,1021,172,3,11.696
4287,CA-2022-105690,2022-11-21,2022-11-26,5,CA-11965,1639,172,3,439.992
8765,CA-2022-107083,2022-11-21,2022-11-27,6,BB-11545,545,146,4,5.344
8766,CA-2022-107083,2022-11-21,2022-11-27,6,BB-11545,824,146,4,1.696
8767,CA-2022-107083,2022-11-21,2022-11-27,6,BB-11545,470,146,4,24.588
8768,CA-2022-107083,2022-11-21,2022-11-27,6,BB-11545,712,146,4,7.98
6675,CA-2022-109337,2022-11-21,2022-11-23,2,DL-13330,530,43,3,10.92
6676,CA-2022-109337,2022-11-21,2022-11-23,2,DL-13330,1691,43,3,83.9
6677,CA-2022-109337,2022-11-21,2022-11-23,2,DL-13330,463,43,3,19.75
6678,CA-2022-109337,2022-11-21,2022-11-23,2,DL-13330,1497,43,3,393.54
3369,CA-2022-115511,2022-11-21,2022-11-25,4,NW-18400,22,579,4,141.96
3370,CA-2022-115511,2022-11-21,2022-11-25,4,NW-18400,821,579,4,66.048
8181,CA-2022-119879,2022-11-21,2022-11-25,4,SS-20410,337,302,4,1252.704
8182,CA-2022-119879,2022-11-21,2022-11-25,4,SS-20410,1792,302,4,110.97
178,US-2022-101511,2022-11-21,2022-11-23,2,JE-15745,132,292,3,396.802
179,US-2022-101511,2022-11-21,2022-11-23,2,JE-15745,1456,292,3,15.88
7627,US-2022-159499,2022-11-21,2022-11-23,2,EM-14095,436,456,3,325.632
7628,US-2022-159499,2022-11-21,2022-11-23,2,EM-14095,1486,456,3,23.344
7629,US-2022-159499,2022-11-21,2022-11-23,2,EM-14095,996,456,3,16.52
1706,CA-2022-100545,2022-11-22,2022-11-26,4,IM-15070,743,302,4,11.61
2153,CA-2022-123505,2022-11-22,2022-11-26,4,AR-10540,1237,230,4,14.94
4806,CA-2022-137708,2022-11-22,2022-11-25,3,NG-18430,1146,495,3,37.94
4807,CA-2022-137708,2022-11-22,2022-11-25,3,NG-18430,1238,495,3,42.8
4808,CA-2022-137708,2022-11-22,2022-11-25,3,NG-18430,1386,495,3,33.63
1751,CA-2022-139094,2022-11-22,2022-11-27,5,MO-17800,361,176,4,206.962
5759,CA-2022-149300,2022-11-22,2022-11-23,1,BH-11710,1698,340,2,32.985
8745,CA-2022-162376,2022-11-22,2022-11-25,3,HD-14785,593,220,3,17.12
8746,CA-2022-162376,2022-11-22,2022-11-25,3,HD-14785,1200,220,3,59.94
3649,CA-2022-168459,2022-11-22,2022-11-27,5,MC-17275,664,432,4,2.946
3650,CA-2022-168459,2022-11-22,2022-11-27,5,MC-17275,956,432,4,55.104
15,US-2022-118983,2022-11-22,2022-11-26,4,HP-14815,450,146,4,68.81
16,US-2022-118983,2022-11-22,2022-11-26,4,HP-14815,824,146,4,2.544
2748,US-2022-165449,2022-11-22,2022-11-26,4,AP-10720,1607,147,4,27.168
1547,CA-2022-111395,2022-11-23,2022-11-27,4,VB-21745,1177,176,4,335.52
1548,CA-2022-111395,2022-11-23,2022-11-27,4,VB-21745,762,176,4,23.912
1549,CA-2022-111395,2022-11-23,2022-11-27,4,VB-21745,1428,176,4,27.056
7580,CA-2022-123113,2022-11-23,2022-11-27,4,AT-10735,476,244,3,2625.12
7581,CA-2022-123113,2022-11-23,2022-11-27,4,AT-10735,564,244,3,17.94
8815,CA-2022-144274,2022-11-23,2022-11-25,2,PW-19240,1810,207,3,307.98
8816,CA-2022-144274,2022-11-23,2022-11-25,2,PW-19240,1028,207,3,44.1
8817,CA-2022-144274,2022-11-23,2022-11-25,2,PW-19240,628,207,3,13.12
8818,CA-2022-144274,2022-11-23,2022-11-25,2,PW-19240,904,207,3,16.56
8819,CA-2022-144274,2022-11-23,2022-11-25,2,PW-19240,1300,207,3,38.88
1778,CA-2022-105347,2022-11-24,2022-11-28,4,DP-13000,1181,494,4,368.91
1779,CA-2022-105347,2022-11-24,2022-11-28,4,DP-13000,615,494,4,14.7
63,CA-2022-135545,2022-11-24,2022-11-30,6,KM-16720,1623,494,4,13.98
64,CA-2022-135545,2022-11-24,2022-11-30,6,KM-16720,659,494,4,25.824
65,CA-2022-135545,2022-11-24,2022-11-30,6,KM-16720,1208,494,4,146.73
66,CA-2022-135545,2022-11-24,2022-11-30,6,KM-16720,272,494,4,79.76
4117,CA-2022-153416,2022-11-24,2022-11-29,5,TS-21340,699,497,4,3.168
4118,CA-2022-153416,2022-11-24,2022-11-29,5,TS-21340,1299,497,4,19.44
4119,CA-2022-153416,2022-11-24,2022-11-29,5,TS-21340,1349,497,4,454.86
4120,CA-2022-153416,2022-11-24,2022-11-29,5,TS-21340,696,497,4,91.392
2095,US-2022-164357,2022-11-25,2022-11-29,4,SF-20065,601,413,4,13.12
2029,CA-2022-117961,2022-11-26,2022-11-30,4,GP-14740,807,225,4,14.73
2030,CA-2022-117961,2022-11-26,2022-11-30,4,GP-14740,1435,225,4,104.9
2031,CA-2022-117961,2022-11-26,2022-11-30,4,GP-14740,670,225,4,61.04
2032,CA-2022-117961,2022-11-26,2022-11-30,4,GP-14740,1075,225,4,10.95
5773,CA-2022-158939,2022-11-26,2022-12-01,5,EA-14035,1633,108,4,599.99
4271,CA-2022-166975,2022-11-26,2022-11-30,4,SH-20635,260,428,4,692.472
800,CA-2022-101910,2022-11-27,2022-12-03,6,CD-11920,138,489,4,283.92
4338,CA-2022-125234,2022-11-27,2022-12-01,4,SN-20710,1613,499,4,107.97
4339,CA-2022-125234,2022-11-27,2022-12-01,4,SN-20710,1092,499,4,113.82
7669,CA-2022-130974,2022-11-27,2022-11-29,2,MA-17560,1244,221,3,40.08
7670,CA-2022-130974,2022-11-27,2022-11-29,2,MA-17560,1143,221,3,59.94
7671,CA-2022-130974,2022-11-27,2022-11-29,2,MA-17560,1528,221,3,259.98
7672,CA-2022-130974,2022-11-27,2022-11-29,2,MA-17560,37,221,3,170.98
7673,CA-2022-130974,2022-11-27,2022-11-29,2,MA-17560,316,221,3,38.97
7674,CA-2022-130974,2022-11-27,2022-11-29,2,MA-17560,1236,221,3,154.9
7675,CA-2022-130974,2022-11-27,2022-11-29,2,MA-17560,367,221,3,446.068
3063,CA-2022-145184,2022-11-27,2022-11-29,2,JD-16150,1724,206,2,83.97
3064,CA-2022-145184,2022-11-27,2022-11-29,2,JD-16150,1592,206,2,104.97
962,CA-2022-160059,2022-11-27,2022-12-01,4,TB-21190,859,323,4,6.24
3794,CA-2022-163762,2022-11-27,2022-12-01,4,JE-15475,613,264,4,29.79
5187,US-2022-154389,2022-11-27,2022-12-03,6,EH-14125,1789,304,4,748.752
385,US-2022-168935,2022-11-27,2022-12-02,5,DO-13435,368,357,4,375.4575
386,US-2022-168935,2022-11-27,2022-12-02,5,DO-13435,1538,357,4,83.976
9555,CA-2022-111612,2022-11-28,2022-12-02,4,EB-14110,293,278,4,71.12
9556,CA-2022-111612,2022-11-28,2022-12-02,4,EB-14110,947,278,4,3.008
4147,CA-2022-136196,2022-11-28,2022-12-04,6,TP-21415,312,255,4,322.59
8820,CA-2022-142930,2022-11-28,2022-12-02,4,EB-14170,1206,128,4,335.52
9127,CA-2022-157028,2022-11-28,2022-12-03,5,MA-17995,497,587,4,8.28
3865,CA-2022-157133,2022-11-28,2022-12-03,5,LC-16885,192,7,4,151.96
6216,CA-2022-161711,2022-11-28,2022-12-03,5,MC-17425,243,265,4,68.16
6217,CA-2022-161711,2022-11-28,2022-12-03,5,MC-17425,900,265,4,62.24
9330,CA-2022-164497,2022-11-28,2022-11-30,2,AJ-10945,451,529,2,45.28
255,US-2022-159982,2022-11-28,2022-12-04,6,DR-12880,193,9,4,12.132
256,US-2022-159982,2022-11-28,2022-12-04,6,DR-12880,1324,9,4,82.368
257,US-2022-159982,2022-11-28,2022-12-04,6,DR-12880,1427,9,4,53.92
258,US-2022-159982,2022-11-28,2022-12-04,6,DR-12880,1793,9,4,647.904
1081,CA-2022-110016,2022-11-29,2022-12-04,5,BT-11395,1053,69,4,19.92
1082,CA-2022-110016,2022-11-29,2022-12-04,5,BT-11395,71,69,4,1106.91
1567,CA-2022-129112,2022-11-29,2022-11-30,1,AW-10840,1517,125,2,21.48
1568,CA-2022-129112,2022-11-29,2022-11-30,1,AW-10840,745,125,2,8.784
623,CA-2022-138009,2022-11-29,2022-12-03,4,SF-20965,80,66,4,301.96
624,CA-2022-138009,2022-11-29,2022-12-03,4,SF-20965,455,66,4,555.21
625,CA-2022-138009,2022-11-29,2022-12-03,4,SF-20965,1378,66,4,523.48
626,CA-2022-138009,2022-11-29,2022-12-03,4,SF-20965,500,66,4,161.82
3441,CA-2022-144099,2022-11-29,2022-11-30,1,PO-19195,659,530,1,4.304
4176,CA-2022-154340,2022-11-29,2022-11-30,1,EK-13795,520,535,2,56.3
7655,CA-2022-107685,2022-11-30,2022-12-02,2,JM-15865,165,579,3,80.96
7656,CA-2022-107685,2022-11-30,2022-12-02,2,JM-15865,1266,579,3,25.92
2134,CA-2022-122210,2022-11-30,2022-12-04,4,WB-21850,728,303,4,152.991
2135,CA-2022-122210,2022-11-30,2022-12-04,4,WB-21850,939,303,4,10.584
2136,CA-2022-122210,2022-11-30,2022-12-04,4,WB-21850,1800,303,4,94.92
6925,CA-2022-137925,2022-11-30,2022-12-04,4,JL-15235,1047,265,4,23.66
6926,CA-2022-137925,2022-11-30,2022-12-04,4,JL-15235,20,265,4,681.408
4379,CA-2022-140830,2022-11-30,2022-12-02,2,PS-18970,863,382,3,17.48
4380,CA-2022-140830,2022-11-30,2022-12-02,2,PS-18970,907,382,3,71.88
8193,CA-2022-141327,2022-11-30,2022-12-03,3,LR-16915,677,402,2,6.048
8194,CA-2022-141327,2022-11-30,2022-12-03,3,LR-16915,405,402,2,98.352
8195,CA-2022-141327,2022-11-30,2022-12-03,3,LR-16915,274,402,2,335.744
6405,CA-2022-156328,2022-11-30,2022-12-05,5,RM-19375,1729,411,4,177.48
7754,CA-2022-158323,2022-11-30,2022-12-03,3,AB-10600,180,409,2,17.088
2923,US-2022-141453,2022-11-30,2022-12-03,3,DB-13270,747,128,3,3.882
2715,CA-2022-103723,2022-12-01,2022-12-06,5,BT-11305,617,624,4,13.9
9355,CA-2022-110324,2022-12-01,2022-12-05,4,MA-17560,1279,73,4,19.44
9356,CA-2022-110324,2022-12-01,2022-12-05,4,MA-17560,555,73,4,3.64
9357,CA-2022-110324,2022-12-01,2022-12-05,4,MA-17560,1133,73,4,18.54
8893,CA-2022-111038,2022-12-01,2022-12-06,5,LC-16960,90,526,4,2676.672
1461,CA-2022-119907,2022-12-01,2022-12-08,7,LC-17140,846,623,4,55.424
6880,CA-2022-137113,2022-12-01,2022-12-05,4,TW-21025,86,624,3,2003.92
6881,CA-2022-137113,2022-12-01,2022-12-05,4,TW-21025,1292,624,3,32.4
6882,CA-2022-137113,2022-12-01,2022-12-05,4,TW-21025,350,624,3,1913.4
6883,CA-2022-137113,2022-12-01,2022-12-05,4,TW-21025,1433,624,3,146.73
6884,CA-2022-137113,2022-12-01,2022-12-05,4,TW-21025,1310,624,3,114.2
1474,US-2022-105676,2022-12-01,2022-12-02,1,NM-18520,220,153,1,6.688
3920,US-2022-148817,2022-12-01,2022-12-07,6,KD-16495,1334,439,4,61.68
3921,US-2022-148817,2022-12-01,2022-12-07,6,KD-16495,754,439,4,63.96
3613,CA-2022-110093,2022-12-03,2022-12-08,5,AB-10255,1079,303,4,16.448
3614,CA-2022-110093,2022-12-03,2022-12-08,5,AB-10255,1622,303,4,36.784
387,CA-2022-122756,2022-12-03,2022-12-07,4,DK-13225,1676,304,4,482.34
388,CA-2022-122756,2022-12-03,2022-12-07,4,DK-13225,142,304,4,2.96
8986,CA-2022-123092,2022-12-03,2022-12-07,4,JG-15115,296,409,4,77.952
8987,CA-2022-123092,2022-12-03,2022-12-07,4,JG-15115,740,409,4,95.97
8988,CA-2022-123092,2022-12-03,2022-12-07,4,JG-15115,1826,409,4,105.584
8989,CA-2022-123092,2022-12-03,2022-12-07,4,JG-15115,561,409,4,9.344
5605,CA-2022-142475,2022-12-03,2022-12-07,4,BS-11380,768,263,4,590.352
538,CA-2022-147851,2022-12-03,2022-12-08,5,MP-17470,715,262,4,10.752
9557,CA-2022-156853,2022-12-03,2022-12-05,2,HP-14815,1199,232,3,184.66
8713,US-2022-145422,2022-12-03,2022-12-07,4,PW-19240,48,529,4,359.499
2749,CA-2022-110247,2022-12-04,2022-12-08,4,RH-19555,820,365,4,8.226
4561,CA-2022-118871,2022-12-04,2022-12-09,5,HM-14860,910,499,3,271.44
4562,CA-2022-118871,2022-12-04,2022-12-09,5,HM-14860,1784,499,3,110.352
4563,CA-2022-118871,2022-12-04,2022-12-09,5,HM-14860,281,499,3,36.4
5325,CA-2022-119508,2022-12-04,2022-12-09,5,TZ-21580,491,491,4,16.9
5326,CA-2022-119508,2022-12-04,2022-12-09,5,TZ-21580,220,491,4,25.08
3383,CA-2022-130659,2022-12-04,2022-12-09,5,MS-17365,911,265,3,17.94
3384,CA-2022-130659,2022-12-04,2022-12-09,5,MS-17365,54,265,3,384.174
3385,CA-2022-130659,2022-12-04,2022-12-09,5,MS-17365,1883,265,3,1799.75
3851,CA-2022-142377,2022-12-04,2022-12-09,5,MS-17980,1140,108,4,85.96
4356,CA-2022-155600,2022-12-04,2022-12-07,3,RO-19780,744,424,3,1598.058
4357,CA-2022-155600,2022-12-04,2022-12-07,3,RO-19780,534,424,3,36.96
3374,CA-2022-161718,2022-12-04,2022-12-10,6,SO-20335,173,256,4,28.44
3375,CA-2022-161718,2022-12-04,2022-12-10,6,SO-20335,125,256,4,364.41
3376,CA-2022-161718,2022-12-04,2022-12-10,6,SO-20335,1876,256,4,39.96
3377,CA-2022-161718,2022-12-04,2022-12-10,6,SO-20335,76,256,4,361.764
4157,CA-2022-101091,2022-12-05,2022-12-09,4,SW-20245,1484,304,3,47.984
4158,CA-2022-101091,2022-12-05,2022-12-09,4,SW-20245,776,304,3,26.064
8401,CA-2022-110814,2022-12-05,2022-12-09,4,BD-11635,674,262,3,232.4
8402,CA-2022-110814,2022-12-05,2022-12-09,4,BD-11635,54,262,3,164.646
8403,CA-2022-110814,2022-12-05,2022-12-09,4,BD-11635,1138,262,3,22.68
9725,CA-2022-117898,2022-12-05,2022-12-11,6,TB-21250,896,3,4,12.224
5635,CA-2022-134943,2022-12-05,2022-12-06,1,SU-20665,826,64,2,152.8
8321,CA-2022-142937,2022-12-05,2022-12-06,1,SF-20065,520,142,2,45.04
8548,CA-2022-149566,2022-12-05,2022-12-10,5,GB-14530,1575,499,4,39.0
8549,CA-2022-149566,2022-12-05,2022-12-10,5,GB-14530,976,499,4,12.6
3677,CA-2022-156440,2022-12-05,2022-12-09,4,MH-17620,241,527,4,44.46
8648,US-2022-131842,2022-12-05,2022-12-08,3,RR-19525,81,434,2,97.424
2222,CA-2022-131884,2022-12-06,2022-12-06,0,DK-13375,1844,289,1,485.94
2223,CA-2022-131884,2022-12-06,2022-12-06,0,DK-13375,561,289,1,37.376
2224,CA-2022-131884,2022-12-06,2022-12-06,0,DK-13375,79,289,1,70.686
8196,CA-2022-136700,2022-12-06,2022-12-11,5,DB-13120,1103,536,3,8.96
1092,CA-2022-143490,2022-12-06,2022-12-13,7,NP-18325,636,527,4,120.15
1093,CA-2022-143490,2022-12-06,2022-12-13,7,NP-18325,1707,527,4,219.184
1522,CA-2022-144806,2022-12-06,2022-12-11,5,GH-14425,262,460,4,206.112
1523,CA-2022-144806,2022-12-06,2022-12-11,5,GH-14425,1237,460,4,19.92
1524,CA-2022-144806,2022-12-06,2022-12-11,5,GH-14425,1227,460,4,198.272
1525,CA-2022-144806,2022-12-06,2022-12-11,5,GH-14425,1324,460,4,247.104
1526,CA-2022-144806,2022-12-06,2022-12-11,5,GH-14425,500,460,4,86.304
2379,CA-2022-148628,2022-12-06,2022-12-11,5,KM-16375,1077,542,4,32.75
6578,CA-2022-153752,2022-12-06,2022-12-11,5,RO-19780,1712,437,3,173.94
4073,CA-2022-156104,2022-12-06,2022-12-08,2,NP-18685,1637,40,3,999.98
6841,CA-2022-166338,2022-12-06,2022-12-07,1,MP-18175,792,296,2,14.832
5609,CA-2022-168634,2022-12-06,2022-12-11,5,AF-10870,419,528,4,7.78
5559,US-2022-114741,2022-12-06,2022-12-10,4,IL-15100,1270,580,4,6.48
5560,US-2022-114741,2022-12-06,2022-12-10,4,IL-15100,1430,580,4,1325.85
5561,US-2022-114741,2022-12-06,2022-12-10,4,IL-15100,971,580,4,14.94
2390,US-2022-127040,2022-12-06,2022-12-10,4,SG-20605,1292,262,4,6.48
2391,US-2022-127040,2022-12-06,2022-12-10,4,SG-20605,1165,262,4,41.86
2392,US-2022-127040,2022-12-06,2022-12-10,4,SG-20605,1553,262,4,1619.91
2393,US-2022-127040,2022-12-06,2022-12-10,4,SG-20605,294,262,4,113.92
1285,US-2022-149692,2022-12-06,2022-12-12,6,KW-16435,699,128,4,2.772
564,CA-2022-130736,2022-12-07,2022-12-09,2,JF-15490,924,624,2,3.96
565,CA-2022-130736,2022-12-07,2022-12-09,2,JF-15490,999,624,2,2.61
539,CA-2022-134894,2022-12-07,2022-12-11,4,DK-12985,426,382,4,152.94
540,CA-2022-134894,2022-12-07,2022-12-11,4,DK-12985,138,382,4,283.92
755,CA-2022-135272,2022-12-07,2022-12-12,5,MS-17830,139,497,4,79.92
4977,CA-2022-165050,2022-12-07,2022-12-09,2,AH-10210,809,264,2,21.36
4978,CA-2022-165050,2022-12-07,2022-12-09,2,AH-10210,681,264,2,6.688
4979,CA-2022-165050,2022-12-07,2022-12-09,2,AH-10210,1760,264,2,773.94
9665,US-2022-120957,2022-12-07,2022-12-07,0,KH-16690,1291,519,1,12.96
3768,CA-2022-103205,2022-12-08,2022-12-10,2,JJ-15760,1807,153,3,119.96
7575,CA-2022-129532,2022-12-08,2022-12-12,4,YS-21880,1423,497,4,221.96
7576,CA-2022-129532,2022-12-08,2022-12-12,4,YS-21880,1627,497,4,236.0
1756,CA-2022-135622,2022-12-08,2022-12-11,3,TT-21460,1210,146,3,360.712
1757,CA-2022-135622,2022-12-08,2022-12-11,3,TT-21460,1882,146,3,1718.4
8626,CA-2022-156118,2022-12-08,2022-12-12,4,HG-14965,1100,554,4,15.696
980,CA-2022-157035,2022-12-09,2022-12-12,3,KB-16600,1138,37,2,34.02
7154,CA-2022-106208,2022-12-10,2022-12-15,5,JW-16075,387,8,4,53.088
8438,CA-2022-112823,2022-12-10,2022-12-16,6,RA-19945,1560,277,4,25.488
6361,CA-2022-115693,2022-12-10,2022-12-15,5,FC-14245,520,496,4,56.3
3583,CA-2022-121650,2022-12-10,2022-12-16,6,KD-16495,489,73,4,3.9
3584,CA-2022-121650,2022-12-10,2022-12-16,6,KD-16495,346,73,4,801.96
3585,CA-2022-121650,2022-12-10,2022-12-16,6,KD-16495,84,73,4,191.96
3586,CA-2022-121650,2022-12-10,2022-12-16,6,KD-16495,1018,73,4,2.61
8092,CA-2022-127502,2022-12-10,2022-12-14,4,MT-17815,1014,529,4,5.76
4200,CA-2022-143105,2022-12-10,2022-12-10,0,MA-17560,974,264,1,7.31
4201,CA-2022-143105,2022-12-10,2022-12-10,0,MA-17560,1637,264,1,799.984
4202,CA-2022-143105,2022-12-10,2022-12-10,0,MA-17560,1031,264,1,41.28
4203,CA-2022-143105,2022-12-10,2022-12-10,0,MA-17560,1142,264,1,184.66
5691,US-2022-138093,2022-12-10,2022-12-16,6,KM-16225,553,211,4,27.36
5692,US-2022-138093,2022-12-10,2022-12-16,6,KM-16225,1086,211,4,44.75
5693,US-2022-138093,2022-12-10,2022-12-16,6,KM-16225,1740,211,4,134.99
5694,US-2022-138093,2022-12-10,2022-12-16,6,KM-16225,1045,211,4,26.4
5695,US-2022-138093,2022-12-10,2022-12-16,6,KM-16225,67,211,4,542.94
4006,US-2022-168732,2022-12-10,2022-12-16,6,KM-16660,639,375,4,1.78
4007,US-2022-168732,2022-12-10,2022-12-16,6,KM-16660,1273,375,4,25.92
4008,US-2022-168732,2022-12-10,2022-12-16,6,KM-16660,1568,375,4,101.94
4785,CA-2022-104346,2022-12-11,2022-12-16,5,IM-15070,562,554,4,13.12
4786,CA-2022-104346,2022-12-11,2022-12-16,5,IM-15070,13,554,4,69.576
4787,CA-2022-104346,2022-12-11,2022-12-16,5,IM-15070,576,554,4,4.224
4788,CA-2022-104346,2022-12-11,2022-12-16,5,IM-15070,1536,554,4,58.08
4789,CA-2022-104346,2022-12-11,2022-12-16,5,IM-15070,282,554,4,52.416
4790,CA-2022-104346,2022-12-11,2022-12-16,5,IM-15070,176,554,4,54.92
4791,CA-2022-104346,2022-12-11,2022-12-16,5,IM-15070,338,554,4,364.95
4792,CA-2022-104346,2022-12-11,2022-12-16,5,IM-15070,1196,554,4,85.056
4793,CA-2022-104346,2022-12-11,2022-12-16,5,IM-15070,1046,554,4,27.696
8293,CA-2022-106362,2022-12-11,2022-12-15,4,LC-16885,752,296,4,10.332
8410,CA-2022-134082,2022-12-11,2022-12-17,6,JK-15640,761,523,4,110.528
8509,CA-2022-135853,2022-12-11,2022-12-14,3,CA-12775,1557,68,2,175.23
8510,CA-2022-135853,2022-12-11,2022-12-14,3,CA-12775,1736,68,2,125.99
8511,CA-2022-135853,2022-12-11,2022-12-14,3,CA-12775,781,68,2,23.0
1674,CA-2022-150560,2022-12-11,2022-12-12,1,SW-20455,1017,446,2,196.62
2012,CA-2022-155761,2022-12-11,2022-12-11,0,SC-20800,1545,154,1,159.984
2013,CA-2022-155761,2022-12-11,2022-12-11,0,SC-20800,1345,154,1,46.344
2711,US-2022-120572,2022-12-11,2022-12-15,4,GH-14425,652,343,4,12.828
8002,CA-2022-110870,2022-12-12,2022-12-15,3,KD-16270,1544,496,2,299.94
8003,CA-2022-110870,2022-12-12,2022-12-15,3,KD-16270,1478,496,2,25.76
7794,CA-2022-127481,2022-12-12,2022-12-15,3,JD-15895,1194,579,3,32.4
7795,CA-2022-127481,2022-12-12,2022-12-15,3,JD-15895,1178,579,3,97.88
4718,CA-2022-129042,2022-12-12,2022-12-17,5,EM-13960,623,211,4,8.22
6239,CA-2022-134075,2022-12-12,2022-12-16,4,HA-14905,204,532,4,166.5
6240,CA-2022-134075,2022-12-12,2022-12-16,4,HA-14905,1417,532,4,360.38
2388,CA-2022-145065,2022-12-12,2022-12-15,3,DK-13375,942,527,2,7.86
2389,CA-2022-145065,2022-12-12,2022-12-15,3,DK-13375,814,527,2,24.448
788,CA-2022-154620,2022-12-12,2022-12-16,4,LT-17110,114,492,4,348.928
5782,CA-2022-155586,2022-12-12,2022-12-16,4,XP-21865,560,469,3,2.21
5783,CA-2022-155586,2022-12-12,2022-12-16,4,XP-21865,888,469,3,15.52
5784,CA-2022-155586,2022-12-12,2022-12-16,4,XP-21865,1049,469,3,36.44
4754,US-2022-167220,2022-12-12,2022-12-16,4,JB-15925,1481,128,4,22.368
1818,CA-2022-125423,2022-12-13,2022-12-15,2,MC-17575,1004,497,3,9.96
3363,CA-2022-139962,2022-12-13,2022-12-20,7,Dp-13240,1296,231,4,19.44
3364,CA-2022-139962,2022-12-13,2022-12-20,7,Dp-13240,733,231,4,37.88
939,CA-2022-148250,2022-12-13,2022-12-17,4,RP-19270,1286,519,4,12.96
940,CA-2022-148250,2022-12-13,2022-12-17,4,RP-19270,432,519,4,134.48
3288,CA-2022-157770,2022-12-13,2022-12-15,2,RD-19585,1839,541,2,494.376
3289,CA-2022-157770,2022-12-13,2022-12-15,2,RD-19585,671,541,2,29.2
3290,CA-2022-157770,2022-12-13,2022-12-15,2,RD-19585,1535,541,2,248.85
3291,CA-2022-157770,2022-12-13,2022-12-15,2,RD-19585,1579,541,2,36.24
6088,CA-2022-114048,2022-12-14,2022-12-18,4,EH-13945,302,474,4,29.22
1982,CA-2022-119592,2022-12-14,2022-12-16,2,MM-18280,647,371,3,3.76
2234,CA-2022-123232,2022-12-14,2022-12-16,2,DJ-13630,1772,594,3,319.968
5557,CA-2022-125066,2022-12-14,2022-12-18,4,KD-16495,298,394,4,6.16
5558,CA-2022-125066,2022-12-14,2022-12-18,4,KD-16495,520,394,4,56.3
9376,CA-2022-126347,2022-12-14,2022-12-19,5,AJ-10945,1581,498,3,50.0
6034,CA-2022-130253,2022-12-14,2022-12-18,4,PP-18955,280,497,4,15.24
5137,CA-2022-146696,2022-12-14,2022-12-19,5,RD-19480,852,527,4,8.096
460,CA-2022-109638,2022-12-15,2022-12-22,7,JH-15985,386,625,4,103.92
461,CA-2022-109638,2022-12-15,2022-12-22,7,JH-15985,1533,625,4,899.91
462,CA-2022-109638,2022-12-15,2022-12-22,7,JH-15985,652,625,4,51.312
180,CA-2022-137225,2022-12-15,2022-12-19,4,JK-15640,628,262,4,3.28
3151,CA-2022-147830,2022-12-15,2022-12-18,3,NF-18385,1597,292,2,2025.36
3152,CA-2022-147830,2022-12-15,2022-12-18,3,NF-18385,1656,292,2,1799.994
3153,CA-2022-147830,2022-12-15,2022-12-18,3,NF-18385,1825,292,2,101.988
3154,CA-2022-147830,2022-12-15,2022-12-18,3,NF-18385,261,292,2,262.864
9089,CA-2022-150308,2022-12-15,2022-12-20,5,RR-19525,1749,398,4,246.168
6873,CA-2022-162544,2022-12-16,2022-12-19,3,SG-20080,1161,624,2,4.98
8937,CA-2022-134117,2022-12-17,2022-12-19,2,PG-18895,626,495,3,204.85
8938,CA-2022-134117,2022-12-17,2022-12-19,2,PG-18895,1825,495,3,135.984
8939,CA-2022-134117,2022-12-17,2022-12-19,2,PG-18895,628,495,3,16.4
8940,CA-2022-134117,2022-12-17,2022-12-19,2,PG-18895,674,495,3,92.96
6685,US-2022-129637,2022-12-17,2022-12-22,5,MC-18100,1432,3,4,180.016
6686,US-2022-129637,2022-12-17,2022-12-22,5,MC-18100,258,3,4,41.552
6687,US-2022-129637,2022-12-17,2022-12-22,5,MC-18100,602,3,4,13.12
4695,US-2022-138121,2022-12-17,2022-12-17,0,JL-15835,751,68,1,29.52
4696,US-2022-138121,2022-12-17,2022-12-17,0,JL-15835,111,68,1,302.94
4697,US-2022-138121,2022-12-17,2022-12-17,0,JL-15835,92,68,1,142.36
4698,US-2022-138121,2022-12-17,2022-12-17,0,JL-15835,88,68,1,546.66
4699,US-2022-138121,2022-12-17,2022-12-17,0,JL-15835,308,68,1,212.13
4009,CA-2022-107468,2022-12-18,2022-12-22,4,MK-17905,570,562,4,6.848
4993,CA-2022-153038,2022-12-18,2022-12-25,7,RB-19645,863,432,4,55.936
4994,CA-2022-153038,2022-12-18,2022-12-25,7,RB-19645,997,432,4,18.432
4995,CA-2022-153038,2022-12-18,2022-12-25,7,RB-19645,279,432,4,20.32
543,US-2022-120161,2022-12-18,2022-12-23,5,LM-17065,1357,294,4,646.776
5082,US-2022-137533,2022-12-18,2022-12-18,0,JK-15640,1300,277,1,20.736
2262,US-2022-137960,2022-12-18,2022-12-18,0,MW-18220,1498,265,1,166.24
4077,CA-2022-100685,2022-12-19,2022-12-21,2,SM-20950,818,112,3,7.04
4078,CA-2022-100685,2022-12-19,2022-12-21,2,SM-20950,928,112,3,5.04
4079,CA-2022-100685,2022-12-19,2022-12-21,2,SM-20950,1124,112,3,116.28
7747,CA-2022-109113,2022-12-19,2022-12-23,4,EK-13795,1557,8,4,25.488
8826,CA-2022-115399,2022-12-19,2022-12-22,3,AG-10900,961,303,2,6.912
1725,CA-2022-127453,2022-12-19,2022-12-20,1,JK-15370,398,305,2,434.352
1726,CA-2022-127453,2022-12-19,2022-12-20,1,JK-15370,462,305,2,3.552
1727,CA-2022-127453,2022-12-19,2022-12-20,1,JK-15370,433,305,2,88.832
1625,CA-2022-157084,2022-12-19,2022-12-24,5,JG-15160,1872,499,4,675.96
1626,CA-2022-157084,2022-12-19,2022-12-24,5,JG-15160,1597,499,4,1265.85
6453,US-2022-110261,2022-12-19,2022-12-23,4,PR-18880,1868,18,3,158.376
7487,US-2022-134558,2022-12-19,2022-12-24,5,PM-19135,1165,233,3,29.9
7488,US-2022-134558,2022-12-19,2022-12-24,5,PM-19135,1547,233,3,2249.91
7489,US-2022-134558,2022-12-19,2022-12-24,5,PM-19135,347,233,3,1053.164
9012,CA-2022-137071,2022-12-20,2022-12-21,1,ED-13885,1496,153,2,100.8
6735,CA-2022-141754,2022-12-20,2022-12-25,5,EM-14200,974,349,4,11.696
471,CA-2022-154144,2022-12-20,2022-12-24,4,MH-17785,1060,258,4,55.48
4336,CA-2022-154795,2022-12-20,2022-12-24,4,GZ-14470,867,450,4,7.92
4337,CA-2022-154795,2022-12-20,2022-12-24,4,GZ-14470,286,450,4,14.368
8866,CA-2022-158148,2022-12-20,2022-12-26,6,JM-15865,392,437,4,36.27
8670,CA-2022-158918,2022-12-20,2022-12-25,5,AI-10855,1059,497,3,17.12
345,US-2022-120712,2022-12-20,2022-12-24,4,CS-12130,1363,128,4,88.8
1722,US-2022-123218,2022-12-20,2022-12-25,5,KD-16345,1726,9,4,159.984
1723,US-2022-123218,2022-12-20,2022-12-25,5,KD-16345,1531,9,4,255.968
1724,US-2022-123218,2022-12-20,2022-12-25,5,KD-16345,46,9,4,359.058
4334,CA-2022-112375,2022-12-21,2022-12-27,6,RD-19720,1574,336,4,50.88
4335,CA-2022-112375,2022-12-21,2022-12-27,6,RD-19720,893,336,4,27.312
2777,CA-2022-127019,2022-12-21,2022-12-25,4,ER-13855,401,554,4,60.984
8283,CA-2022-154284,2022-12-21,2022-12-26,5,SZ-20035,1694,31,3,600.53
8284,CA-2022-154284,2022-12-21,2022-12-26,5,SZ-20035,633,31,3,59.904
8285,CA-2022-154284,2022-12-21,2022-12-26,5,SZ-20035,1490,31,3,637.44
8286,CA-2022-154284,2022-12-21,2022-12-26,5,SZ-20035,257,31,3,51.756
7755,CA-2022-161795,2022-12-21,2022-12-23,2,AH-10075,607,278,3,3.008
4080,CA-2022-165414,2022-12-21,2022-12-24,3,LS-17245,1721,409,2,47.976
1014,US-2022-126214,2022-12-21,2022-12-24,3,JS-15880,334,623,3,1618.37
1015,US-2022-126214,2022-12-21,2022-12-24,3,JS-15880,1490,623,3,99.6
4013,CA-2022-153612,2022-12-22,2022-12-27,5,BT-11305,587,191,4,17.12
8542,CA-2022-157287,2022-12-22,2022-12-23,1,HR-14830,1435,304,2,33.568
8543,CA-2022-157287,2022-12-22,2022-12-23,1,HR-14830,93,304,2,422.625
2320,CA-2022-117828,2022-12-23,2022-12-26,3,BD-11500,414,443,2,194.32
2080,CA-2022-120103,2022-12-24,2022-12-29,5,MS-17365,1051,456,4,106.232
2081,CA-2022-120103,2022-12-24,2022-12-29,5,MS-17365,1755,456,4,111.984
2082,CA-2022-120103,2022-12-24,2022-12-29,5,MS-17365,276,456,4,7.712
797,CA-2022-124653,2022-12-24,2022-12-26,2,DB-13120,1146,268,2,132.79
798,CA-2022-124653,2022-12-24,2022-12-26,2,DB-13120,1233,268,2,12.96
799,CA-2022-124653,2022-12-24,2022-12-26,2,DB-13120,1025,268,2,21.56
2660,CA-2022-135538,2022-12-24,2022-12-28,4,HR-14830,133,452,4,883.84
2959,CA-2022-158456,2022-12-24,2022-12-29,5,KT-16465,689,496,4,19.936
2960,CA-2022-158456,2022-12-24,2022-12-29,5,KT-16465,956,496,4,45.92
220,CA-2022-169397,2022-12-24,2022-12-27,3,JB-15925,935,280,2,5.584
221,CA-2022-169397,2022-12-24,2022-12-27,3,JB-15925,1123,280,2,22.704
222,CA-2022-169397,2022-12-24,2022-12-27,3,JB-15925,792,280,2,19.776
223,CA-2022-169397,2022-12-24,2022-12-27,3,JB-15925,243,280,2,72.704
224,CA-2022-169397,2022-12-24,2022-12-27,3,JB-15925,1696,280,2,479.988
225,CA-2022-169397,2022-12-24,2022-12-27,3,JB-15925,635,280,2,27.168
1370,US-2022-103471,2022-12-24,2022-12-28,4,JR-15670,3,554,4,590.058
1371,US-2022-103471,2022-12-24,2022-12-28,4,JR-15670,536,554,4,14.04
8990,US-2022-128587,2022-12-24,2022-12-30,6,HM-14860,225,108,4,9.68
8991,US-2022-128587,2022-12-24,2022-12-30,6,HM-14860,1632,108,4,4899.93
6063,CA-2022-111780,2022-12-25,2022-12-30,5,RA-19285,1628,526,3,1199.96
6064,CA-2022-111780,2022-12-25,2022-12-30,5,RA-19285,1072,526,3,12.6
6065,CA-2022-111780,2022-12-25,2022-12-30,5,RA-19285,1065,526,3,17.94
7336,CA-2022-113152,2022-12-25,2022-12-30,5,JK-15625,1597,264,4,843.9
7337,CA-2022-113152,2022-12-25,2022-12-30,5,JK-15625,3,264,4,449.568
5974,CA-2022-143980,2022-12-25,2022-12-29,4,JK-15640,473,263,4,414.96
2562,CA-2022-144288,2022-12-25,2022-12-31,6,MB-17305,961,434,4,9.216
2563,CA-2022-144288,2022-12-25,2022-12-31,6,MB-17305,1301,434,4,10.368
7854,CA-2022-144890,2022-12-25,2022-12-29,4,SM-20320,1214,499,4,9.96
4110,CA-2022-153717,2022-12-25,2023-01-01,7,DL-13495,1792,69,4,73.98
4111,CA-2022-153717,2022-12-25,2023-01-01,7,DL-13495,38,69,4,160.98
4112,CA-2022-153717,2022-12-25,2023-01-01,7,DL-13495,1245,69,4,17.34
4113,CA-2022-153717,2022-12-25,2023-01-01,7,DL-13495,604,69,4,3.28
7155,US-2022-136749,2022-12-25,2022-12-27,2,LH-16900,307,371,3,275.88
7156,US-2022-136749,2022-12-25,2022-12-27,2,LH-16900,828,371,3,157.9
2330,US-2022-147739,2022-12-25,2022-12-29,4,JD-16150,306,304,4,547.136
5294,CA-2022-111073,2022-12-26,2022-12-30,4,MC-18100,373,290,4,51.588
5690,CA-2022-119550,2022-12-26,2022-12-31,5,RB-19705,122,155,4,275.058
7100,CA-2022-124933,2022-12-26,2022-12-30,4,DF-13135,1167,262,3,212.64
526,CA-2022-158792,2022-12-26,2023-01-02,7,BD-11605,945,224,4,22.2
7650,CA-2022-101889,2022-12-27,2022-12-31,4,DB-13120,379,289,4,1548.99
7651,CA-2022-101889,2022-12-27,2022-12-31,4,DB-13120,904,289,4,19.872
8727,CA-2022-103870,2022-12-27,2022-12-31,4,SP-20860,1563,433,4,4.728
8728,CA-2022-103870,2022-12-27,2022-12-31,4,SP-20860,242,433,4,53.352
8729,CA-2022-103870,2022-12-27,2022-12-31,4,SP-20860,27,433,4,131.104
8730,CA-2022-103870,2022-12-27,2022-12-31,4,SP-20860,1418,433,4,22.512
8731,CA-2022-103870,2022-12-27,2022-12-31,4,SP-20860,1608,433,4,72.744
38,CA-2022-117415,2022-12-27,2022-12-31,4,SN-20710,866,154,4,113.328
39,CA-2022-117415,2022-12-27,2022-12-31,4,SN-20710,2,154,4,532.3992
40,CA-2022-117415,2022-12-27,2022-12-31,4,SN-20710,69,154,4,212.058
41,CA-2022-117415,2022-12-27,2022-12-31,4,SN-20710,1836,154,4,371.168
9680,CA-2022-130113,2022-12-27,2022-12-31,4,AH-10030,1364,530,4,323.1
9681,CA-2022-130113,2022-12-27,2022-12-31,4,AH-10030,1766,530,4,668.16
496,CA-2022-134782,2022-12-27,2022-12-31,4,MD-17350,906,323,4,105.42
1698,CA-2022-148376,2022-12-27,2022-12-31,4,AG-10900,410,495,4,106.96
1699,CA-2022-148376,2022-12-27,2022-12-31,4,AG-10900,986,495,4,21.56
4810,CA-2022-151589,2022-12-27,2022-12-30,3,RE-19450,1179,183,2,195.64
4811,CA-2022-151589,2022-12-27,2022-12-30,3,RE-19450,1744,183,2,239.9
3272,CA-2022-155145,2022-12-27,2022-12-29,2,KN-16450,1559,546,3,7.92
1094,CA-2022-165085,2022-12-27,2022-12-31,4,BT-11485,1216,212,4,28.9
1095,CA-2022-165085,2022-12-27,2022-12-31,4,BT-11485,472,212,4,355.96
3191,US-2022-163783,2022-12-27,2023-01-01,5,DR-12940,1422,8,4,12.672
162,CA-2022-119697,2022-12-28,2022-12-31,3,EM-13960,1521,303,3,54.384
4037,CA-2022-148859,2022-12-28,2023-01-01,4,FH-14350,1426,9,4,24.816
6009,CA-2022-135580,2022-12-30,2023-01-03,4,CL-12565,1192,499,4,68.52
6010,CA-2022-135580,2022-12-30,2023-01-03,4,CL-12565,1311,499,4,74.94
6011,CA-2022-135580,2022-12-30,2023-01-03,4,CL-12565,1703,499,4,2548.56
6012,CA-2022-135580,2022-12-30,2023-01-03,4,CL-12565,910,499,4,271.44
6013,CA-2022-135580,2022-12-30,2023-01-03,4,CL-12565,1744,499,4,287.88
1896,CA-2022-109197,2022-12-31,2023-01-04,4,JO-15280,784,577,4,487.984
2322,CA-2022-109470,2022-12-31,2023-01-03,3,KC-16255,828,382,3,94.74
2323,CA-2022-109470,2022-12-31,2023-01-03,3,KC-16255,735,382,3,60.64
2324,CA-2022-109470,2022-12-31,2023-01-03,3,KC-16255,670,382,3,76.3
2325,CA-2022-109470,2022-12-31,2023-01-03,3,KC-16255,787,382,3,364.8
6072,CA-2022-120901,2022-12-31,2023-01-04,4,BG-11035,1361,128,4,152.688
6073,CA-2022-120901,2022-12-31,2023-01-04,4,BG-11035,953,128,4,3.488
6074,CA-2022-120901,2022-12-31,2023-01-04,4,BG-11035,1478,128,4,5.888
7356,CA-2022-139780,2022-12-31,2023-01-02,2,AH-10690,731,68,3,116.4
2137,CA-2022-156377,2022-12-31,2023-01-05,5,TB-21625,216,149,4,14.76
2138,CA-2022-156377,2022-12-31,2023-01-05,5,TB-21625,799,149,4,3.656
4919,CA-2023-160304,2023-01-02,2023-01-07,5,BM-11575,16,214,4,173.94
4920,CA-2023-160304,2023-01-02,2023-01-07,5,BM-11575,1762,214,4,231.98
9494,CA-2023-105207,2023-01-03,2023-01-08,5,BO-11350,368,114,4,1592.85
9495,CA-2023-105207,2023-01-03,2023-01-08,5,BO-11350,823,114,4,11.88
3074,CA-2023-125206,2023-01-03,2023-01-05,2,LR-16915,1394,498,2,114.46
8604,US-2023-116365,2023-01-03,2023-01-08,5,CA-12310,1504,176,4,30.08
8605,US-2023-116365,2023-01-03,2023-01-08,5,CA-12310,1625,176,4,165.6
8606,US-2023-116365,2023-01-03,2023-01-08,5,CA-12310,1709,176,4,180.96
5868,CA-2023-158211,2023-01-04,2023-01-08,4,BP-11185,561,305,4,4.672
5869,CA-2023-158211,2023-01-04,2023-01-08,4,BP-11185,674,305,4,104.58
2898,US-2023-164630,2023-01-04,2023-01-09,5,EB-13975,1636,400,4,959.968
863,CA-2023-134474,2023-01-05,2023-01-07,2,AJ-10795,1551,343,3,191.472
864,CA-2023-134474,2023-01-05,2023-01-07,2,AJ-10795,588,343,3,5.248
865,CA-2023-134474,2023-01-05,2023-01-07,2,AJ-10795,1792,343,3,59.184
2162,CA-2023-101938,2023-01-07,2023-01-12,5,DW-13480,610,507,4,34.58
8031,CA-2023-158806,2023-01-07,2023-01-11,4,NM-18520,238,126,4,23.076
8032,CA-2023-158806,2023-01-07,2023-01-11,4,NM-18520,1285,126,4,25.92
6851,US-2023-100461,2023-01-08,2023-01-12,4,JO-15145,2,184,4,1565.88
6852,US-2023-100461,2023-01-08,2023-01-12,4,JO-15145,802,184,4,106.05
7808,US-2023-137295,2023-01-08,2023-01-13,5,VS-21820,857,411,4,30.828
7809,US-2023-137295,2023-01-08,2023-01-13,5,VS-21820,568,411,4,47.616
7810,US-2023-137295,2023-01-08,2023-01-13,5,VS-21820,1730,411,4,108.784
3209,CA-2023-108882,2023-01-09,2023-01-15,6,LA-16780,1530,482,4,349.95
3210,CA-2023-108882,2023-01-09,2023-01-15,6,LA-16780,1893,482,4,377.928
3702,CA-2023-126543,2023-01-09,2023-01-13,4,MF-17665,173,295,3,15.168
4667,CA-2023-116547,2023-01-10,2023-01-17,7,KB-16585,140,625,4,79.92
4668,CA-2023-116547,2023-01-10,2023-01-17,7,KB-16585,1538,625,4,69.98
6970,CA-2023-163937,2023-01-10,2023-01-13,3,JB-16000,175,617,3,24.85
1026,CA-2023-126529,2023-01-11,2023-01-13,2,DE-13255,1269,294,3,15.552
1027,CA-2023-126529,2023-01-11,2023-01-13,2,DE-13255,1199,294,3,63.312
1028,CA-2023-126529,2023-01-11,2023-01-13,2,DE-13255,1758,294,3,15.588
8522,CA-2023-141887,2023-01-11,2023-01-15,4,MP-17470,323,278,4,54.992
7269,CA-2023-133368,2023-01-14,2023-01-20,6,AG-10675,1141,401,4,89.568
7270,CA-2023-133368,2023-01-14,2023-01-20,6,AG-10675,232,401,4,315.776
3742,CA-2023-137848,2023-01-15,2023-01-21,6,WB-21850,860,263,4,16.52
3743,CA-2023-137848,2023-01-15,2023-01-21,6,WB-21850,1225,263,4,60.12
3744,CA-2023-137848,2023-01-15,2023-01-21,6,WB-21850,821,263,4,49.536
3236,CA-2023-140746,2023-01-15,2023-01-15,0,RC-19825,339,197,1,181.797
2878,CA-2023-152072,2023-01-15,2023-01-19,4,Dp-13240,892,252,4,52.34
2879,CA-2023-152072,2023-01-15,2023-01-19,4,Dp-13240,487,252,4,4.66
2880,CA-2023-152072,2023-01-15,2023-01-19,4,Dp-13240,1548,252,4,254.97
5968,CA-2023-166912,2023-01-15,2023-01-17,2,BE-11335,1153,262,2,81.98
26,CA-2023-121755,2023-01-16,2023-01-20,4,EH-13945,836,499,3,11.648
27,CA-2023-121755,2023-01-16,2023-01-20,4,EH-13945,1502,499,3,90.57
2303,CA-2023-106558,2023-01-17,2023-01-21,4,DL-13495,1493,371,4,316.0
876,CA-2023-116736,2023-01-17,2023-01-21,4,CC-12430,312,232,4,322.59
877,CA-2023-116736,2023-01-17,2023-01-21,4,CC-12430,1522,232,4,29.99
878,CA-2023-116736,2023-01-17,2023-01-21,4,CC-12430,1527,232,4,371.97
2876,US-2023-167339,2023-01-21,2023-01-23,2,TD-20995,84,526,3,153.568
2877,US-2023-167339,2023-01-21,2023-01-23,2,TD-20995,67,526,3,1013.488
268,CA-2023-111010,2023-01-22,2023-01-28,6,PG-18895,928,244,4,7.56
5752,CA-2023-125850,2023-01-22,2023-01-28,6,FP-14320,962,526,4,44.4
5753,CA-2023-125850,2023-01-22,2023-01-28,6,FP-14320,963,526,4,20.65
2694,CA-2023-138079,2023-01-22,2023-01-28,6,AJ-10795,161,625,4,109.9
5675,CA-2023-146318,2023-01-22,2023-01-27,5,MC-17275,1291,624,4,12.96
6229,CA-2023-148208,2023-01-22,2023-01-27,5,BT-11530,1829,277,4,110.376
6230,CA-2023-148208,2023-01-22,2023-01-27,5,BT-11530,1622,277,4,55.176
2471,US-2023-135923,2023-01-22,2023-01-28,6,CM-11935,223,403,4,14.272
2472,US-2023-135923,2023-01-22,2023-01-28,6,CM-11935,48,403,4,451.136
2473,US-2023-135923,2023-01-22,2023-01-28,6,CM-11935,437,403,4,64.864
6238,US-2023-155180,2023-01-22,2023-01-29,7,TB-21280,855,262,4,26.336
7294,CA-2023-113656,2023-01-23,2023-01-29,6,CB-12415,168,497,4,59.99
9147,US-2023-165505,2023-01-23,2023-01-27,4,CB-12535,1544,312,4,99.98
9148,US-2023-165505,2023-01-23,2023-01-27,4,CB-12535,484,312,4,8.04
9149,US-2023-165505,2023-01-23,2023-01-27,4,CB-12535,1372,312,4,1564.29
4612,CA-2023-109407,2023-01-24,2023-01-26,2,HG-14965,858,392,3,31.36
4327,CA-2023-153346,2023-01-25,2023-01-27,2,TB-21355,541,250,2,9.21
4328,CA-2023-153346,2023-01-25,2023-01-27,2,TB-21355,1112,250,2,18.0
9358,CA-2023-168046,2023-01-25,2023-01-28,3,JD-15895,766,264,3,43.12
9359,CA-2023-168046,2023-01-25,2023-01-28,3,JD-15895,358,264,3,313.722
9360,CA-2023-168046,2023-01-25,2023-01-28,3,JD-15895,307,264,3,45.98
9361,CA-2023-168046,2023-01-25,2023-01-28,3,JD-15895,1400,264,3,428.68
8613,CA-2023-146437,2023-01-28,2023-02-01,4,HG-14965,597,497,3,39.68
8176,CA-2023-114944,2023-01-30,2023-02-04,5,HE-14800,1208,9,4,156.512
7290,CA-2023-153661,2023-01-30,2023-01-31,1,SC-20725,1366,530,2,305.01
7291,CA-2023-153661,2023-01-30,2023-01-31,1,SC-20725,778,530,2,50.784
7292,CA-2023-153661,2023-01-30,2023-01-31,1,SC-20725,1003,530,2,26.01
2885,CA-2023-164483,2023-01-30,2023-02-03,4,JF-15490,780,530,4,17.456
8925,CA-2023-168032,2023-01-30,2023-02-03,4,DF-13135,1806,29,4,1439.968
8926,CA-2023-168032,2023-01-30,2023-02-03,4,DF-13135,677,29,4,1.728
8927,CA-2023-168032,2023-01-30,2023-02-03,4,DF-13135,348,29,4,626.1
7565,US-2023-166660,2023-01-30,2023-02-01,2,TB-21250,61,623,3,435.168
7566,US-2023-166660,2023-01-30,2023-02-01,2,TB-21250,24,623,3,48.58
4999,CA-2023-129238,2023-01-31,2023-02-04,4,SC-20050,1708,498,4,109.592
5000,CA-2023-129238,2023-01-31,2023-02-04,4,SC-20050,1057,498,4,56.7
5114,CA-2023-147970,2023-01-31,2023-02-02,2,AB-10150,1263,142,3,15.552
7505,CA-2023-158043,2023-01-31,2023-02-04,4,JK-15325,903,235,3,23.36
8761,CA-2023-159891,2023-01-31,2023-02-06,6,BF-11170,730,370,4,1270.99
8762,CA-2023-159891,2023-01-31,2023-02-06,6,BF-11170,862,370,4,125.36
8404,CA-2023-154067,2023-02-01,2023-02-07,6,SM-20950,1142,497,4,105.52
3242,US-2023-140809,2023-02-01,2023-02-03,2,CK-12760,1442,437,2,56.45
8513,CA-2023-144645,2023-02-02,2023-02-08,6,NS-18640,189,154,4,73.784
5614,CA-2023-147431,2023-02-02,2023-02-07,5,AB-10105,1323,263,4,117.96
8489,CA-2023-158841,2023-02-02,2023-02-04,2,SE-20110,1663,437,3,8749.95
8490,CA-2023-158841,2023-02-02,2023-02-04,2,SE-20110,811,437,3,36.4
8491,CA-2023-158841,2023-02-02,2023-02-04,2,SE-20110,147,437,3,18.69
5754,CA-2023-118514,2023-02-03,2023-02-10,7,LC-17050,107,386,4,866.4
9521,CA-2023-101189,2023-02-04,2023-02-09,5,JB-15400,1403,499,4,93.02
6043,CA-2023-117912,2023-02-04,2023-02-08,4,TB-21520,286,458,4,14.368
9068,CA-2023-150077,2023-02-04,2023-02-10,6,MS-17365,1709,217,4,90.48
8142,CA-2023-100993,2023-02-05,2023-02-10,5,AZ-10750,998,526,4,14.73
8143,CA-2023-100993,2023-02-05,2023-02-10,5,AZ-10750,1355,526,4,186.54
8144,CA-2023-100993,2023-02-05,2023-02-10,5,AZ-10750,358,526,4,557.728
8145,CA-2023-100993,2023-02-05,2023-02-10,5,AZ-10750,1722,526,4,159.968
1383,US-2023-108504,2023-02-05,2023-02-05,0,PP-18955,1326,377,1,80.98
1384,US-2023-108504,2023-02-05,2023-02-05,0,PP-18955,1124,377,1,348.84
1385,US-2023-108504,2023-02-05,2023-02-05,0,PP-18955,939,377,1,9.45
1386,US-2023-108504,2023-02-05,2023-02-05,0,PP-18955,195,377,1,18.84
1387,US-2023-108504,2023-02-05,2023-02-05,0,PP-18955,6,377,1,239.98
1388,US-2023-108504,2023-02-05,2023-02-05,0,PP-18955,869,377,1,167.96
1389,US-2023-108504,2023-02-05,2023-02-05,0,PP-18955,1834,377,1,104.85
1390,US-2023-108504,2023-02-05,2023-02-05,0,PP-18955,1717,377,1,484.83
1391,US-2023-108504,2023-02-05,2023-02-05,0,PP-18955,1125,377,1,122.97
1392,US-2023-108504,2023-02-05,2023-02-05,0,PP-18955,1324,377,1,154.44
1393,US-2023-108504,2023-02-05,2023-02-05,0,PP-18955,1208,377,1,342.37
5810,CA-2023-125017,2023-02-06,2023-02-11,5,KB-16240,187,423,4,132.224
1729,CA-2023-106894,2023-02-07,2023-02-07,0,CA-12265,1581,445,1,100.0
1730,CA-2023-106894,2023-02-07,2023-02-07,0,CA-12265,1018,445,1,7.83
9115,CA-2023-135461,2023-02-07,2023-02-10,3,EB-13975,1803,499,3,623.96
2696,CA-2023-161662,2023-02-07,2023-02-09,2,BE-11410,1174,287,2,30.352
1828,CA-2023-109344,2023-02-08,2023-02-11,3,CH-12070,1865,411,3,1127.976
8383,CA-2023-163048,2023-02-08,2023-02-15,7,MH-17440,93,153,4,241.5
8842,US-2023-112396,2023-02-09,2023-02-13,4,JR-16210,1522,529,4,89.97
8843,US-2023-112396,2023-02-09,2023-02-13,4,JR-16210,1557,529,4,31.86
1809,CA-2023-164938,2023-02-11,2023-02-13,2,PB-19210,1796,120,2,69.93
7194,CA-2023-110492,2023-02-12,2023-02-14,2,JS-15880,1432,370,2,1350.12
7195,CA-2023-110492,2023-02-12,2023-02-14,2,JS-15880,682,370,2,15.92
721,CA-2023-112942,2023-02-13,2023-02-18,5,RD-19810,1116,498,4,146.82
7811,CA-2023-134334,2023-02-14,2023-02-15,1,DK-13090,1131,212,2,4.77
7812,CA-2023-134334,2023-02-14,2023-02-15,1,DK-13090,544,212,2,7.98
7813,CA-2023-134334,2023-02-14,2023-02-15,1,DK-13090,336,212,2,550.431
7814,CA-2023-134334,2023-02-14,2023-02-15,1,DK-13090,290,212,2,10.56
8172,CA-2023-146150,2023-02-14,2023-02-19,5,FM-14380,608,394,4,264.18
1243,US-2023-162859,2023-02-15,2023-02-22,7,PG-18820,738,262,4,398.352
1244,US-2023-162859,2023-02-15,2023-02-22,7,PG-18820,920,262,4,8.72
9722,CA-2023-105781,2023-02-16,2023-02-20,4,JF-15565,103,264,4,326.646
9723,CA-2023-105781,2023-02-16,2023-02-20,4,JF-15565,1522,264,4,89.97
9079,CA-2023-108105,2023-02-16,2023-02-23,7,GW-14605,205,382,4,318.08
9080,CA-2023-108105,2023-02-16,2023-02-23,7,GW-14605,856,382,4,5.8
8161,CA-2023-134138,2023-02-16,2023-02-20,4,JD-15790,99,237,4,227.96
1821,CA-2023-168956,2023-02-16,2023-02-20,4,EA-14035,452,9,4,92.064
1822,CA-2023-168956,2023-02-16,2023-02-20,4,EA-14035,920,9,4,6.976
1823,CA-2023-168956,2023-02-16,2023-02-20,4,EA-14035,82,9,4,62.958
1824,CA-2023-168956,2023-02-16,2023-02-20,4,EA-14035,1278,9,4,5.184
4777,CA-2023-101630,2023-02-19,2023-02-23,4,CK-12760,1026,259,3,8.67
4778,CA-2023-101630,2023-02-19,2023-02-23,4,CK-12760,1454,259,3,25.71
7538,CA-2023-106460,2023-02-19,2023-02-22,3,GT-14710,1139,528,3,70.88
854,CA-2023-123274,2023-02-19,2023-02-24,5,GT-14710,241,265,4,44.46
855,CA-2023-123274,2023-02-19,2023-02-24,5,GT-14710,1327,265,4,242.94
3456,CA-2023-166485,2023-02-20,2023-02-27,7,AH-10210,1102,434,4,16.496
9013,CA-2023-121447,2023-02-21,2023-02-22,1,EA-14035,248,263,2,135.8
2989,CA-2023-139010,2023-02-21,2023-02-26,5,MC-17635,1608,496,3,12.99
2990,CA-2023-139010,2023-02-21,2023-02-26,5,MC-17635,838,496,3,18.56
2991,CA-2023-139010,2023-02-21,2023-02-26,5,MC-17635,1357,496,3,449.15
2992,CA-2023-139010,2023-02-21,2023-02-26,5,MC-17635,686,496,3,31.248
8277,US-2023-139262,2023-02-21,2023-02-25,4,LC-16960,681,367,4,3.762
8278,US-2023-139262,2023-02-21,2023-02-25,4,LC-16960,674,367,4,34.86
8279,US-2023-139262,2023-02-21,2023-02-25,4,LC-16960,1417,367,4,432.456
5306,US-2023-168410,2023-02-21,2023-02-26,5,BV-11245,146,267,4,68.95
5307,US-2023-168410,2023-02-21,2023-02-26,5,BV-11245,1392,267,4,296.37
5308,US-2023-168410,2023-02-21,2023-02-26,5,BV-11245,1890,267,4,39.98
2345,CA-2023-119025,2023-02-22,2023-02-28,6,PV-18985,400,189,4,490.32
5405,US-2023-143280,2023-02-22,2023-02-26,4,TZ-21580,1706,498,4,445.96
5406,US-2023-143280,2023-02-22,2023-02-26,4,TZ-21580,1579,498,4,36.24
5407,US-2023-143280,2023-02-22,2023-02-26,4,TZ-21580,915,498,4,10.65
6237,CA-2023-144400,2023-02-23,2023-02-27,4,AC-10420,894,302,4,57.576
2742,CA-2023-165015,2023-02-25,2023-02-27,2,BD-11725,903,292,3,46.72
4555,CA-2023-101448,2023-02-27,2023-03-01,2,EB-13930,733,187,3,56.82
1579,CA-2023-102456,2023-02-27,2023-03-01,2,DL-12865,420,263,2,170.88
7848,CA-2023-128706,2023-02-27,2023-03-02,3,DW-13540,174,155,4,16.192
9063,CA-2023-101623,2023-02-28,2023-03-06,6,RR-19525,950,265,4,36.48
3758,CA-2023-111283,2023-02-28,2023-03-04,4,LC-16870,591,292,4,111.104
1083,US-2023-143819,2023-03-01,2023-03-05,4,KD-16270,358,273,4,836.592
1084,US-2023-143819,2023-03-01,2023-03-05,4,KD-16270,1058,273,4,26.38
1085,US-2023-143819,2023-03-01,2023-03-05,4,KD-16270,1316,273,4,362.92
1086,US-2023-143819,2023-03-01,2023-03-05,4,KD-16270,1644,273,4,4899.93
3953,US-2023-151862,2023-03-01,2023-03-08,7,ON-18715,1853,556,4,159.984
5199,CA-2023-103982,2023-03-03,2023-03-08,5,AA-10315,1469,174,4,3930.072
5200,CA-2023-103982,2023-03-03,2023-03-08,5,AA-10315,914,174,4,2.304
5201,CA-2023-103982,2023-03-03,2023-03-08,5,AA-10315,1845,174,4,431.976
5202,CA-2023-103982,2023-03-03,2023-03-08,5,AA-10315,1620,174,4,41.72
3091,CA-2023-112123,2023-03-03,2023-03-08,5,BH-11710,759,206,4,447.86
3092,CA-2023-112123,2023-03-03,2023-03-08,5,BH-11710,1849,206,4,479.95
3093,CA-2023-112123,2023-03-03,2023-03-08,5,BH-11710,1204,206,4,166.44
3756,CA-2023-116799,2023-03-03,2023-03-06,3,JG-15310,1090,167,2,42.784
3757,CA-2023-116799,2023-03-03,2023-03-06,3,JG-15310,127,167,2,563.43
4748,CA-2023-120005,2023-03-03,2023-03-03,0,TS-21160,1464,529,1,25.35
4749,CA-2023-120005,2023-03-03,2023-03-03,0,TS-21160,235,529,1,35.28
4003,CA-2023-145730,2023-03-03,2023-03-08,5,CC-12220,378,176,4,637.896
4004,CA-2023-145730,2023-03-03,2023-03-08,5,CC-12220,1648,176,4,287.91
4005,CA-2023-145730,2023-03-03,2023-03-08,5,CC-12220,913,176,4,36.6
3887,CA-2023-167759,2023-03-03,2023-03-08,5,CC-12670,1835,36,3,134.85
3265,CA-2023-122518,2023-03-04,2023-03-08,4,RF-19345,1009,351,3,10.08
2607,CA-2023-154053,2023-03-04,2023-03-10,6,MG-17890,503,525,4,16.99
9750,CA-2023-158358,2023-03-04,2023-03-08,4,EM-13810,1532,233,4,159.98
4215,CA-2023-164637,2023-03-04,2023-03-08,4,RD-19480,779,44,4,128.4
919,CA-2023-165218,2023-03-05,2023-03-11,6,RW-19630,873,142,4,149.352
920,CA-2023-165218,2023-03-05,2023-03-11,6,RW-19630,1315,142,4,12.992
8982,CA-2023-110898,2023-03-06,2023-03-12,6,LC-16870,419,9,4,2.334
8983,CA-2023-110898,2023-03-06,2023-03-12,6,LC-16870,800,9,4,1.728
8984,CA-2023-110898,2023-03-06,2023-03-12,6,LC-16870,205,9,4,159.04
8985,CA-2023-110898,2023-03-06,2023-03-12,6,LC-16870,338,9,4,145.98
8443,US-2023-155173,2023-03-06,2023-03-10,4,JB-16045,1883,302,4,431.94
8444,US-2023-155173,2023-03-06,2023-03-10,4,JB-16045,701,302,4,2.043
8445,US-2023-155173,2023-03-06,2023-03-10,4,JB-16045,1768,302,4,68.238
839,US-2023-137547,2023-03-07,2023-03-12,5,EB-13705,1733,146,4,21.072
1705,CA-2023-106306,2023-03-08,2023-03-08,0,PG-18820,766,453,1,9.702
6417,CA-2023-111976,2023-03-08,2023-03-12,4,BD-11620,1709,302,4,108.576
6418,CA-2023-111976,2023-03-08,2023-03-12,4,BD-11620,940,302,4,5.984
8506,CA-2023-130400,2023-03-08,2023-03-12,4,SJ-20125,810,141,4,8.856
8507,CA-2023-130400,2023-03-08,2023-03-12,4,SJ-20125,1623,141,4,27.96
8508,CA-2023-130400,2023-03-08,2023-03-12,4,SJ-20125,909,141,4,146.352
7234,CA-2023-137337,2023-03-08,2023-03-12,4,GB-14575,157,263,4,113.6
7235,CA-2023-137337,2023-03-08,2023-03-12,4,GB-14575,1262,263,4,12.96
7236,CA-2023-137337,2023-03-08,2023-03-12,4,GB-14575,817,263,4,69.456
1047,CA-2023-169103,2023-03-08,2023-03-13,5,ZC-21910,1750,349,4,1363.96
1048,CA-2023-169103,2023-03-08,2023-03-13,5,ZC-21910,185,349,4,102.36
8812,US-2023-140172,2023-03-08,2023-03-13,5,SP-20650,452,73,4,207.144
8813,US-2023-140172,2023-03-08,2023-03-13,5,SP-20650,616,73,4,13.9
8160,CA-2023-120803,2023-03-09,2023-03-13,4,RB-19465,1587,201,4,199.75
8332,CA-2023-153269,2023-03-09,2023-03-12,3,PS-18760,1386,218,2,11.21
8333,CA-2023-153269,2023-03-09,2023-03-12,3,PS-18760,138,218,2,354.9
8334,CA-2023-153269,2023-03-09,2023-03-12,3,PS-18760,1193,218,2,17.94
8335,CA-2023-153269,2023-03-09,2023-03-12,3,PS-18760,734,218,2,51.8
9412,CA-2023-108959,2023-03-10,2023-03-14,4,MH-17785,1378,453,3,104.696
6014,CA-2023-159016,2023-03-10,2023-03-11,1,KF-16285,1089,495,2,14.9
6015,CA-2023-159016,2023-03-10,2023-03-11,1,KF-16285,1725,495,2,4158.912
8100,CA-2023-169663,2023-03-10,2023-03-13,3,RH-19510,1517,498,2,26.85
8101,CA-2023-169663,2023-03-10,2023-03-13,3,RH-19510,1686,498,2,3357.6
1876,US-2023-112977,2023-03-10,2023-03-16,6,CJ-12010,33,259,4,176.784
4063,US-2023-122182,2023-03-10,2023-03-14,4,BD-11770,1593,305,4,39.992
45,CA-2023-118255,2023-03-11,2023-03-13,2,ON-18715,1622,90,2,45.98
46,CA-2023-118255,2023-03-11,2023-03-13,2,ON-18715,849,90,2,17.46
9698,CA-2023-122511,2023-03-11,2023-03-11,0,BT-11485,163,304,1,30.336
2759,CA-2023-146171,2023-03-11,2023-03-15,4,JP-16135,238,371,4,76.92
2760,CA-2023-146171,2023-03-11,2023-03-15,4,JP-16135,1372,371,4,481.32
1462,US-2023-128902,2023-03-11,2023-03-15,4,MB-18085,358,251,4,244.006
804,CA-2023-115504,2023-03-12,2023-03-17,5,MC-18130,1291,391,4,12.96
3607,CA-2023-119683,2023-03-12,2023-03-16,4,CK-12595,898,264,3,29.34
5957,CA-2023-127138,2023-03-12,2023-03-15,3,DK-13225,1439,528,3,676.55
5958,CA-2023-127138,2023-03-12,2023-03-15,3,DK-13225,430,528,3,154.9
5959,CA-2023-127138,2023-03-12,2023-03-15,3,DK-13225,896,528,3,30.56
5960,CA-2023-127138,2023-03-12,2023-03-15,3,DK-13225,97,528,3,770.352
8480,US-2023-119270,2023-03-12,2023-03-16,4,SW-20245,1069,497,4,19.98
9343,CA-2023-119123,2023-03-13,2023-03-18,5,DB-13360,710,519,4,51.184
5884,CA-2023-136301,2023-03-13,2023-03-15,2,EH-13765,326,528,3,28.28
5885,CA-2023-136301,2023-03-13,2023-03-15,2,EH-13765,1469,528,3,4912.59
152,CA-2023-158834,2023-03-13,2023-03-16,3,TW-21025,403,457,2,157.92
153,CA-2023-158834,2023-03-13,2023-03-16,3,TW-21025,1777,457,2,203.184
2346,CA-2023-159373,2023-03-13,2023-03-18,5,LT-17110,1109,176,4,70.08
2347,CA-2023-159373,2023-03-13,2023-03-18,5,LT-17110,793,176,4,1.272
2348,CA-2023-159373,2023-03-13,2023-03-18,5,LT-17110,367,176,4,557.585
2364,US-2023-108637,2023-03-13,2023-03-18,5,AB-10060,265,448,4,127.88
2365,US-2023-108637,2023-03-13,2023-03-18,5,AB-10060,427,448,4,160.32
2366,US-2023-108637,2023-03-13,2023-03-18,5,AB-10060,781,448,4,46.0
7415,US-2023-114013,2023-03-13,2023-03-15,2,SC-20770,133,303,3,386.68
7416,US-2023-114013,2023-03-13,2023-03-15,2,SC-20770,1509,303,3,379.96
7417,US-2023-114013,2023-03-13,2023-03-15,2,SC-20770,1841,303,3,539.91
7418,US-2023-114013,2023-03-13,2023-03-15,2,SC-20770,1102,303,3,41.24
7419,US-2023-114013,2023-03-13,2023-03-15,2,SC-20770,782,303,3,51.897
7420,US-2023-114013,2023-03-13,2023-03-15,2,SC-20770,1401,303,3,552.56
7421,US-2023-114013,2023-03-13,2023-03-15,2,SC-20770,771,303,3,23.16
7422,US-2023-114013,2023-03-13,2023-03-15,2,SC-20770,1416,303,3,126.08
7423,US-2023-114013,2023-03-13,2023-03-15,2,SC-20770,1685,303,3,449.1
8934,CA-2023-102134,2023-03-14,2023-03-19,5,SP-20545,324,185,4,16.74
4259,CA-2023-124793,2023-03-14,2023-03-16,2,MM-18280,71,623,2,196.784
6116,CA-2023-133802,2023-03-14,2023-03-20,6,SP-20650,849,518,4,41.904
3929,CA-2023-162082,2023-03-14,2023-03-17,3,JS-15880,39,152,2,241.332
3930,CA-2023-162082,2023-03-14,2023-03-17,3,JS-15880,1262,152,2,5.184
3931,CA-2023-162082,2023-03-14,2023-03-17,3,JS-15880,501,152,2,145.544
1693,US-2023-154361,2023-03-14,2023-03-19,5,HZ-14950,149,278,4,21.88
7648,CA-2023-138968,2023-03-15,2023-03-16,1,FC-14335,700,529,2,4.544
7649,CA-2023-138968,2023-03-15,2023-03-16,1,FC-14335,56,529,2,1352.032
9169,CA-2023-140571,2023-03-15,2023-03-19,4,SJ-20125,1230,394,4,319.76
9170,CA-2023-140571,2023-03-15,2023-03-19,4,SJ-20125,1230,394,4,45.68
1615,US-2023-113509,2023-03-15,2023-03-19,4,PL-18925,1619,305,4,83.976
3737,CA-2023-115476,2023-03-17,2023-03-17,0,VM-21835,1838,206,1,129.98
3738,CA-2023-115476,2023-03-17,2023-03-17,0,VM-21835,656,206,1,32.54
2394,CA-2023-128111,2023-03-17,2023-03-23,6,CS-12355,597,227,4,39.68
4400,CA-2023-131737,2023-03-17,2023-03-17,0,GZ-14470,871,213,1,199.9
4401,CA-2023-131737,2023-03-17,2023-03-17,0,GZ-14470,454,213,1,901.95
4402,CA-2023-131737,2023-03-17,2023-03-17,0,GZ-14470,233,213,1,971.5
8382,CA-2023-134544,2023-03-17,2023-03-19,2,AC-10660,1887,528,3,84.784
6474,CA-2023-113292,2023-03-18,2023-03-20,2,DB-13060,466,425,3,871.8
495,US-2023-120929,2023-03-18,2023-03-21,3,RO-19780,329,432,3,189.882
2226,CA-2023-106383,2023-03-19,2023-03-21,2,BT-11440,1,560,3,72.294
9177,CA-2023-118178,2023-03-19,2023-03-24,5,CC-12610,790,434,4,31.086
2853,CA-2023-136371,2023-03-19,2023-03-21,2,SV-20935,251,267,3,14.98
2854,CA-2023-136371,2023-03-19,2023-03-21,2,SV-20935,279,267,3,20.32
1041,CA-2023-127670,2023-03-20,2023-03-24,4,RD-19660,358,107,4,697.16
749,CA-2023-150889,2023-03-20,2023-03-22,2,PB-19105,1735,15,3,11.992
3312,CA-2023-162747,2023-03-20,2023-03-25,5,AH-10030,221,392,3,86.45
589,US-2023-156986,2023-03-20,2023-03-24,4,ZC-21910,1887,596,4,84.784
590,US-2023-156986,2023-03-20,2023-03-24,4,ZC-21910,1299,596,4,20.736
591,US-2023-156986,2023-03-20,2023-03-24,4,ZC-21910,719,596,4,16.821
592,US-2023-156986,2023-03-20,2023-03-24,4,ZC-21910,1154,596,4,10.368
3766,CA-2023-163153,2023-03-21,2023-03-25,4,DM-12955,383,153,4,99.372
3767,CA-2023-163153,2023-03-21,2023-03-25,4,DM-12955,618,153,4,1.344
3172,US-2023-133879,2023-03-21,2023-03-28,7,KT-16465,680,9,4,3.168
3173,US-2023-133879,2023-03-21,2023-03-28,7,KT-16465,53,9,4,528.43
3174,US-2023-133879,2023-03-21,2023-03-28,7,KT-16465,580,9,4,13.392
1672,CA-2023-107615,2023-03-22,2023-03-25,3,RB-19645,1523,580,2,58.58
7695,CA-2023-118899,2023-03-22,2023-03-22,0,MC-17275,82,623,1,167.888
4229,CA-2023-113803,2023-03-24,2023-03-26,2,VG-21805,1073,49,2,22.48
9130,CA-2023-130911,2023-03-24,2023-03-26,2,DC-12850,32,277,3,301.47
9131,CA-2023-130911,2023-03-24,2023-03-26,2,DC-12850,549,277,3,18.656
3030,US-2023-164189,2023-03-24,2023-03-28,4,DR-12880,1736,591,4,403.168
7931,CA-2023-120082,2023-03-25,2023-03-27,2,DK-12835,568,264,3,59.52
3371,CA-2023-134887,2023-03-25,2023-03-25,0,TB-21280,1552,118,1,1287.45
664,CA-2023-123666,2023-03-26,2023-03-30,4,SP-20545,1367,263,4,459.95
9018,CA-2023-161361,2023-03-26,2023-03-28,2,MV-17485,1034,571,3,17.64
9019,CA-2023-161361,2023-03-26,2023-03-28,2,MV-17485,845,571,3,17.04
3159,US-2023-162677,2023-03-26,2023-03-27,1,DB-13210,1428,409,2,67.64
3160,US-2023-162677,2023-03-26,2023-03-27,1,DB-13210,1487,409,2,119.976
8545,CA-2023-119074,2023-03-27,2023-03-31,4,DS-13180,174,371,4,20.24
8546,CA-2023-119074,2023-03-27,2023-03-31,4,DS-13180,218,371,4,39.92
8547,CA-2023-119074,2023-03-27,2023-03-31,4,DS-13180,656,371,4,32.54
7158,CA-2023-131380,2023-03-28,2023-03-31,3,CC-12220,1396,496,3,87.92
7159,CA-2023-131380,2023-03-28,2023-03-31,3,CC-12220,1251,496,3,5.98
1352,CA-2023-162901,2023-03-28,2023-03-31,3,AS-10045,1369,437,2,31.4
6382,CA-2023-127236,2023-03-29,2023-04-02,4,TB-21595,6,294,4,299.975
6383,CA-2023-127236,2023-03-29,2023-04-02,4,TB-21595,1756,294,4,158.376
3551,CA-2023-152555,2023-03-29,2023-04-02,4,ME-17320,1051,10,3,45.528
3552,CA-2023-152555,2023-03-29,2023-04-02,4,ME-17320,76,10,3,844.116
3553,CA-2023-152555,2023-03-29,2023-04-02,4,ME-17320,1777,10,3,812.736
3973,CA-2023-167556,2023-03-29,2023-04-02,4,JM-15250,1076,262,4,13.48
3974,CA-2023-167556,2023-03-29,2023-04-02,4,JM-15250,657,262,4,29.8
3975,CA-2023-167556,2023-03-29,2023-04-02,4,JM-15250,264,262,4,414.0
3976,CA-2023-167556,2023-03-29,2023-04-02,4,JM-15250,751,262,4,41.328
1328,CA-2023-128258,2023-03-30,2023-04-01,2,CP-12085,1138,202,2,11.34
6128,CA-2023-124100,2023-03-31,2023-04-06,6,EH-13990,88,262,4,327.996
5421,US-2023-151827,2023-03-31,2023-04-02,2,CS-11950,1789,303,3,280.782
5422,US-2023-151827,2023-03-31,2023-04-02,2,CS-11950,1482,303,3,31.984
647,CA-2023-103947,2023-04-01,2023-04-08,7,BB-10990,948,458,4,31.56
648,CA-2023-103947,2023-04-01,2023-04-08,7,BB-10990,411,458,4,30.144
5142,CA-2023-111213,2023-04-01,2023-04-05,4,FP-14320,101,262,4,1317.492
5143,CA-2023-111213,2023-04-01,2023-04-05,4,FP-14320,1477,262,4,63.84
5144,CA-2023-111213,2023-04-01,2023-04-05,4,FP-14320,693,262,4,3.592
5643,CA-2023-127985,2023-04-01,2023-04-05,4,DB-12910,290,371,3,7.04
3967,CA-2023-149902,2023-04-01,2023-04-06,5,DW-13540,514,264,4,88.04
4090,CA-2023-161473,2023-04-01,2023-04-05,4,TB-21175,960,265,4,20.7
4091,CA-2023-161473,2023-04-01,2023-04-05,4,TB-21175,1462,265,4,10.95
4092,CA-2023-161473,2023-04-01,2023-04-05,4,TB-21175,685,265,4,14.352
448,CA-2023-166674,2023-04-01,2023-04-03,2,RB-19360,597,253,3,59.52
449,CA-2023-166674,2023-04-01,2023-04-03,2,RB-19360,1348,253,3,161.94
450,CA-2023-166674,2023-04-01,2023-04-03,2,RB-19360,510,253,3,263.88
451,CA-2023-166674,2023-04-01,2023-04-03,2,RB-19360,486,253,3,30.48
452,CA-2023-166674,2023-04-01,2023-04-03,2,RB-19360,594,253,3,9.84
453,CA-2023-166674,2023-04-01,2023-04-03,2,RB-19360,1733,253,3,35.12
8523,US-2023-160206,2023-04-01,2023-04-07,6,MY-18295,1758,189,4,12.99
8563,CA-2023-123540,2023-04-02,2023-04-06,4,DJ-13420,68,189,3,1454.9
5059,CA-2023-120796,2023-04-03,2023-04-07,4,CS-11950,775,304,4,99.846
8572,CA-2023-162222,2023-04-03,2023-04-03,0,SR-20740,1228,140,1,10.272
5898,CA-2023-167682,2023-04-03,2023-04-09,6,ZD-21925,293,49,4,71.12
5899,CA-2023-167682,2023-04-03,2023-04-09,6,ZD-21925,1838,49,4,259.96
8228,CA-2023-123050,2023-04-04,2023-04-08,4,BC-11125,187,270,3,82.64
8229,CA-2023-123050,2023-04-04,2023-04-08,4,BC-11125,1425,270,3,31.02
8230,CA-2023-123050,2023-04-04,2023-04-08,4,BC-11125,1539,270,3,89.97
4243,CA-2023-159142,2023-04-04,2023-04-05,1,ME-17320,1722,445,2,149.97
4244,CA-2023-159142,2023-04-04,2023-04-05,1,ME-17320,1133,445,2,27.81
5440,CA-2023-167115,2023-04-04,2023-04-09,5,EH-14185,785,265,4,588.784
89,CA-2023-159695,2023-04-05,2023-04-10,5,GM-14455,1344,156,3,158.368
9316,CA-2023-161907,2023-04-05,2023-04-09,4,JH-16180,1756,304,4,118.782
9317,CA-2023-161907,2023-04-05,2023-04-09,4,JH-16180,1474,304,4,769.184
8799,US-2023-150140,2023-04-06,2023-04-10,4,VM-21685,1811,312,4,1294.75
754,CA-2023-110499,2023-04-07,2023-04-09,2,YC-21895,1637,529,2,1199.976
4735,CA-2023-120530,2023-04-07,2023-04-12,5,Dl-13600,101,265,4,658.746
8517,CA-2023-132899,2023-04-07,2023-04-11,4,SF-20200,572,262,4,3.64
9369,CA-2023-154998,2023-04-07,2023-04-09,2,ES-14080,1203,242,2,37.94
3673,CA-2023-104969,2023-04-08,2023-04-14,6,EH-14125,861,296,4,8.872
3674,CA-2023-104969,2023-04-08,2023-04-14,6,EH-14125,718,296,4,121.104
4196,CA-2023-124233,2023-04-08,2023-04-14,6,CK-12595,155,496,4,24.7
904,CA-2023-130477,2023-04-08,2023-04-12,4,LC-17140,1186,496,4,20.04
905,CA-2023-130477,2023-04-08,2023-04-12,4,LC-17140,1356,496,4,64.96
906,CA-2023-130477,2023-04-08,2023-04-12,4,LC-17140,1195,496,4,12.96
1198,CA-2023-130946,2023-04-08,2023-04-12,4,ZC-21910,1511,154,4,431.928
1199,CA-2023-130946,2023-04-08,2023-04-12,4,ZC-21910,55,154,4,95.984
1200,CA-2023-130946,2023-04-08,2023-04-12,4,ZC-21910,739,154,4,1088.792
6717,CA-2023-134789,2023-04-08,2023-04-15,7,CK-12325,919,324,4,30.0
6718,CA-2023-134789,2023-04-08,2023-04-15,7,CK-12325,1262,324,4,25.92
6719,CA-2023-134789,2023-04-08,2023-04-15,7,CK-12325,224,324,4,159.92
355,CA-2023-138520,2023-04-08,2023-04-13,5,JL-15505,41,265,4,388.704
356,CA-2023-138520,2023-04-08,2023-04-13,5,JL-15505,860,265,4,8.26
357,CA-2023-138520,2023-04-08,2023-04-13,5,JL-15505,537,265,4,17.04
358,CA-2023-138520,2023-04-08,2023-04-13,5,JL-15505,1031,265,4,34.4
5508,CA-2023-150000,2023-04-08,2023-04-14,6,PG-18820,870,377,4,17.92
6151,US-2023-106600,2023-04-08,2023-04-11,3,RM-19375,20,371,2,354.9
5400,CA-2023-117681,2023-04-09,2023-04-14,5,HF-14995,12,494,4,556.665
1560,CA-2023-126809,2023-04-09,2023-04-13,4,EB-13750,664,623,4,35.352
3054,CA-2023-128517,2023-04-09,2023-04-14,5,SW-20350,1811,69,3,517.9
3055,CA-2023-128517,2023-04-09,2023-04-14,5,SW-20350,825,69,3,5.28
7474,CA-2023-109652,2023-04-10,2023-04-15,5,QJ-19255,496,10,4,13.568
6736,CA-2023-123358,2023-04-10,2023-04-17,7,BT-11680,387,530,4,113.76
6737,CA-2023-123358,2023-04-10,2023-04-17,7,BT-11680,1360,530,4,579.51
6738,CA-2023-123358,2023-04-10,2023-04-17,7,BT-11680,1398,530,4,150.66
6739,CA-2023-123358,2023-04-10,2023-04-17,7,BT-11680,756,530,4,48.032
4500,CA-2023-124814,2023-04-10,2023-04-16,6,FM-14215,1301,465,4,12.96
4501,CA-2023-124814,2023-04-10,2023-04-16,6,FM-14215,838,465,4,23.2
900,US-2023-114622,2023-04-10,2023-04-12,2,JR-16210,844,294,2,8.904
1130,CA-2023-112102,2023-04-12,2023-04-16,4,BD-11605,373,445,4,343.92
1131,CA-2023-112102,2023-04-12,2023-04-16,4,BD-11605,1210,445,4,40.99
1132,CA-2023-112102,2023-04-12,2023-04-16,4,BD-11605,877,445,4,63.9
9135,CA-2023-124254,2023-04-12,2023-04-17,5,TB-21175,1348,414,4,129.552
9136,CA-2023-124254,2023-04-12,2023-04-17,5,TB-21175,1349,414,4,51.984
9137,CA-2023-124254,2023-04-12,2023-04-17,5,TB-21175,1107,414,4,10.272
5775,CA-2023-142398,2023-04-12,2023-04-16,4,BP-11290,99,497,4,638.288
5776,CA-2023-142398,2023-04-12,2023-04-16,4,BP-11290,795,497,4,13.208
7361,CA-2023-163594,2023-04-12,2023-04-14,2,JF-15295,1278,497,2,19.44
7362,CA-2023-163594,2023-04-12,2023-04-14,2,JF-15295,70,497,2,194.352
7363,CA-2023-163594,2023-04-12,2023-04-14,2,JF-15295,670,497,2,36.624
7775,CA-2023-152800,2023-04-13,2023-04-15,2,SP-20920,891,528,2,6.12
1980,CA-2023-112669,2023-04-14,2023-04-14,0,KT-16465,96,453,1,933.536
1981,CA-2023-112669,2023-04-14,2023-04-14,0,KT-16465,1358,453,1,42.976
418,CA-2023-148796,2023-04-14,2023-04-18,4,PB-19150,51,494,4,383.8
2723,CA-2023-164735,2023-04-14,2023-04-19,5,TB-21400,1315,436,3,81.2
5890,CA-2023-166625,2023-04-14,2023-04-17,3,JM-15580,760,211,2,25.06
2253,CA-2023-117849,2023-04-15,2023-04-17,2,JK-16120,1173,527,3,143.7
552,CA-2023-136406,2023-04-15,2023-04-17,2,BD-11320,91,529,3,1121.568
430,US-2023-123750,2023-04-15,2023-04-21,6,RB-19795,758,404,4,189.588
431,US-2023-123750,2023-04-15,2023-04-21,6,RB-19795,1505,404,4,408.744
432,US-2023-123750,2023-04-15,2023-04-21,6,RB-19795,1505,404,4,291.96
433,US-2023-123750,2023-04-15,2023-04-21,6,RB-19795,1441,404,4,4.768
1591,US-2023-132423,2023-04-15,2023-04-19,4,MY-18295,540,150,4,33.488
1592,US-2023-132423,2023-04-15,2023-04-19,4,MY-18295,932,150,4,8.04
6919,CA-2023-105473,2023-04-16,2023-04-18,2,BM-11785,1480,625,3,28.8
7130,CA-2023-166282,2023-04-16,2023-04-22,6,PK-19075,1570,434,4,35.168
7131,CA-2023-166282,2023-04-16,2023-04-22,6,PK-19075,1104,434,4,123.088
4278,US-2023-107440,2023-04-16,2023-04-20,4,BS-11365,1641,242,4,9099.93
4279,US-2023-107440,2023-04-16,2023-04-20,4,BS-11365,300,242,4,9.96
4280,US-2023-107440,2023-04-16,2023-04-20,4,BS-11365,852,242,4,25.3
4160,US-2023-164588,2023-04-16,2023-04-23,7,AP-10915,593,371,4,12.84
3986,CA-2023-108735,2023-04-17,2023-04-21,4,JM-15535,15,491,4,257.499
2644,CA-2023-149111,2023-04-17,2023-04-21,4,BF-11170,1804,411,3,36.792
2645,CA-2023-149111,2023-04-17,2023-04-21,4,BF-11170,253,411,3,18.624
3790,US-2023-133508,2023-04-17,2023-04-21,4,SW-20350,921,112,4,29.05
3989,US-2023-159415,2023-04-17,2023-04-22,5,CS-12175,321,425,4,79.12
8453,CA-2023-125087,2023-04-18,2023-04-23,5,TH-21115,71,155,4,344.372
8454,CA-2023-125087,2023-04-18,2023-04-23,5,TH-21115,1429,155,4,1554.936
8455,CA-2023-125087,2023-04-18,2023-04-23,5,TH-21115,266,155,4,127.88
7780,CA-2023-139381,2023-04-18,2023-04-22,4,RF-19840,426,439,4,203.92
7781,CA-2023-139381,2023-04-18,2023-04-22,4,RF-19840,1857,439,4,29.56
9678,CA-2023-144785,2023-04-18,2023-04-23,5,CS-12490,487,262,4,6.99
9679,CA-2023-144785,2023-04-18,2023-04-23,5,CS-12490,1446,262,4,6.84
2422,CA-2023-155551,2023-04-18,2023-04-23,5,CR-12580,1405,14,4,230.376
2423,CA-2023-155551,2023-04-18,2023-04-23,5,CR-12580,1036,14,4,9.664
7108,CA-2023-109666,2023-04-19,2023-04-26,7,KM-16720,1765,265,4,25.98
7109,CA-2023-109666,2023-04-19,2023-04-26,7,KM-16720,495,265,4,3.28
7110,CA-2023-109666,2023-04-19,2023-04-26,7,KM-16720,1415,265,4,459.88
7111,CA-2023-109666,2023-04-19,2023-04-26,7,KM-16720,1452,265,4,7.76
7112,CA-2023-109666,2023-04-19,2023-04-26,7,KM-16720,611,265,4,71.96
7113,CA-2023-109666,2023-04-19,2023-04-26,7,KM-16720,1467,265,4,54.9
7114,CA-2023-109666,2023-04-19,2023-04-26,7,KM-16720,838,265,4,9.28
1605,US-2023-115819,2023-04-19,2023-04-24,5,JO-15280,1847,499,3,39.96
1606,US-2023-115819,2023-04-19,2023-04-24,5,JO-15280,555,499,3,5.46
1607,US-2023-115819,2023-04-19,2023-04-24,5,JO-15280,612,499,3,73.2
1608,US-2023-115819,2023-04-19,2023-04-24,5,JO-15280,671,499,3,5.84
1609,US-2023-115819,2023-04-19,2023-04-24,5,JO-15280,1033,499,3,22.72
1610,US-2023-115819,2023-04-19,2023-04-24,5,JO-15280,675,499,3,9.336
1403,US-2023-161396,2023-04-19,2023-04-25,6,GM-14455,351,278,4,205.176
1404,US-2023-161396,2023-04-19,2023-04-25,6,GM-14455,1149,278,4,419.4
9206,CA-2023-146423,2023-04-21,2023-04-21,0,BT-11680,529,201,1,15.48
9207,CA-2023-146423,2023-04-21,2023-04-21,0,BT-11680,1281,201,1,51.84
7986,CA-2023-151498,2023-04-21,2023-04-24,3,DN-13690,816,625,2,8.32
1271,US-2023-103646,2023-04-21,2023-04-26,5,SP-20545,1350,9,4,102.336
1272,US-2023-103646,2023-04-21,2023-04-26,5,SP-20545,467,9,4,48.792
1273,US-2023-103646,2023-04-21,2023-04-26,5,SP-20545,801,9,4,44.848
9503,CA-2023-101329,2023-04-22,2023-04-29,7,MM-17920,502,269,4,32.13
9504,CA-2023-101329,2023-04-22,2023-04-29,7,MM-17920,569,269,4,2.88
1577,CA-2023-109057,2023-04-22,2023-04-27,5,TT-21460,1387,2,4,23.952
463,CA-2023-109869,2023-04-22,2023-04-29,7,TN-21040,228,456,4,23.56
464,CA-2023-109869,2023-04-22,2023-04-29,7,TN-21040,349,456,4,1272.63
465,CA-2023-109869,2023-04-22,2023-04-29,7,TN-21040,803,456,4,28.485
466,CA-2023-109869,2023-04-22,2023-04-29,7,TN-21040,1475,456,4,185.376
467,CA-2023-109869,2023-04-22,2023-04-29,7,TN-21040,438,456,4,78.272
1037,CA-2023-113061,2023-04-22,2023-04-26,4,EL-13735,201,103,4,86.62
1886,CA-2023-147578,2023-04-22,2023-04-26,4,PG-18895,322,530,3,31.56
2829,CA-2023-124149,2023-04-23,2023-04-26,3,MJ-17740,1062,287,2,108.336
2830,CA-2023-124149,2023-04-23,2023-04-26,3,MJ-17740,1341,287,2,55.92
2831,CA-2023-124149,2023-04-23,2023-04-26,3,MJ-17740,1207,287,2,78.304
9668,CA-2023-126270,2023-04-23,2023-04-27,4,AF-10870,815,524,4,18.088
9669,CA-2023-126270,2023-04-23,2023-04-27,4,AF-10870,894,524,4,71.97
359,CA-2023-130001,2023-04-23,2023-04-28,5,HK-14890,1098,400,4,36.24
324,CA-2023-162138,2023-04-23,2023-04-27,4,GK-14620,786,483,4,251.52
325,CA-2023-162138,2023-04-23,2023-04-27,4,GK-14620,1543,483,4,99.99
3235,CA-2023-138933,2023-04-24,2023-04-27,3,JL-15130,713,519,2,3.984
4987,CA-2023-149279,2023-04-24,2023-04-28,4,CL-12700,1300,554,4,15.552
4988,CA-2023-149279,2023-04-24,2023-04-28,4,CL-12700,133,554,4,1325.76
4989,CA-2023-149279,2023-04-24,2023-04-28,4,CL-12700,847,554,4,3.108
1180,CA-2023-168081,2023-04-24,2023-04-27,3,CA-12055,1596,155,3,258.696
332,US-2023-150147,2023-04-25,2023-04-29,4,JL-15850,1710,303,3,82.8
333,US-2023-150147,2023-04-25,2023-04-29,4,JL-15850,790,303,3,20.724
334,US-2023-150147,2023-04-25,2023-04-29,4,JL-15850,839,303,3,4.896
4648,CA-2023-139556,2023-04-26,2023-05-01,5,DB-13360,127,262,4,434.646
2614,CA-2023-137204,2023-04-28,2023-05-05,7,BO-11350,83,498,4,41.568
1072,CA-2023-152814,2023-04-28,2023-05-02,4,EH-14005,1140,556,4,29.472
611,CA-2023-161816,2023-04-28,2023-05-01,3,NB-18655,1810,141,2,369.576
612,CA-2023-161816,2023-04-28,2023-05-01,3,NB-18655,982,141,2,15.712
7913,CA-2023-167605,2023-04-28,2023-04-30,2,RB-19570,207,31,3,30.344
2542,CA-2023-144792,2023-04-30,2023-05-04,4,KD-16615,139,457,4,111.888
1716,CA-2023-154788,2023-04-30,2023-05-04,4,JL-15835,829,263,4,7.712
2155,US-2023-120460,2023-04-30,2023-05-05,5,BF-11170,247,140,4,22.608
5862,CA-2023-101525,2023-05-01,2023-05-04,3,CM-12235,1176,326,3,109.92
5863,CA-2023-101525,2023-05-01,2023-05-04,3,CM-12235,1263,326,3,19.44
5864,CA-2023-101525,2023-05-01,2023-05-04,3,CM-12235,533,326,3,11.16
2664,CA-2023-164784,2023-05-01,2023-05-04,3,HF-14995,988,432,2,3.984
2665,CA-2023-164784,2023-05-01,2023-05-04,3,HF-14995,335,432,2,370.62
2666,CA-2023-164784,2023-05-01,2023-05-04,3,HF-14995,799,432,2,2.742
7849,CA-2023-104311,2023-05-02,2023-05-06,4,AS-10090,1321,158,4,18.936
7850,CA-2023-104311,2023-05-02,2023-05-06,4,AS-10090,1422,158,4,12.672
7851,CA-2023-104311,2023-05-02,2023-05-06,4,AS-10090,993,158,4,5.04
8505,CA-2023-109400,2023-05-02,2023-05-06,4,NR-18550,123,126,4,366.744
3237,CA-2023-146836,2023-05-02,2023-05-02,0,CC-12475,1424,264,1,44.94
3238,CA-2023-146836,2023-05-02,2023-05-02,0,CC-12475,803,264,1,45.576
1278,CA-2023-148698,2023-05-02,2023-05-07,5,BD-11770,611,155,4,86.352
5316,CA-2023-154060,2023-05-02,2023-05-08,6,DL-12865,83,406,4,187.056
9559,CA-2023-129280,2023-05-03,2023-05-05,2,SM-20905,1499,292,2,132.52
9560,CA-2023-129280,2023-05-03,2023-05-05,2,SM-20905,1433,292,2,195.64
9561,CA-2023-129280,2023-05-03,2023-05-05,2,SM-20905,158,292,2,51.968
9562,CA-2023-129280,2023-05-03,2023-05-05,2,SM-20905,1553,292,2,431.976
9563,CA-2023-129280,2023-05-03,2023-05-05,2,SM-20905,1650,292,2,224.937
9564,CA-2023-129280,2023-05-03,2023-05-05,2,SM-20905,985,292,2,6.0
4436,CA-2023-163398,2023-05-03,2023-05-08,5,CB-12415,780,10,4,2.182
4437,CA-2023-163398,2023-05-03,2023-05-08,5,CB-12415,565,10,4,27.384
4438,CA-2023-163398,2023-05-03,2023-05-08,5,CB-12415,395,10,4,26.406
8752,CA-2023-105662,2023-05-05,2023-05-09,4,RB-19465,1093,365,4,93.248
8753,CA-2023-105662,2023-05-05,2023-05-09,4,RB-19465,1729,365,4,177.48
2286,CA-2023-112676,2023-05-05,2023-05-08,3,PJ-18835,1231,433,2,14.352
5696,CA-2023-126165,2023-05-05,2023-05-07,2,AH-10465,365,528,3,71.088
2589,CA-2023-137729,2023-05-05,2023-05-09,4,BF-11005,1383,494,4,5.98
2590,CA-2023-137729,2023-05-05,2023-05-09,4,BF-11005,1749,494,4,246.168
1358,CA-2023-145247,2023-05-05,2023-05-07,2,ND-18370,1170,383,2,79.14
2820,CA-2023-160500,2023-05-05,2023-05-08,3,DM-13015,720,479,2,6.72
2821,CA-2023-160500,2023-05-05,2023-05-08,3,DM-13015,334,479,2,298.776
7115,US-2023-102239,2023-05-05,2023-05-06,1,LW-16990,359,578,2,1685.88
7116,US-2023-102239,2023-05-05,2023-05-06,1,LW-16990,695,578,2,5.728
3041,US-2023-147991,2023-05-05,2023-05-09,4,ZD-21925,220,423,4,16.72
2380,CA-2023-118052,2023-05-06,2023-05-10,4,BE-11455,923,288,4,7.216
2381,CA-2023-118052,2023-05-06,2023-05-10,4,BE-11455,1217,288,4,49.568
2382,CA-2023-118052,2023-05-06,2023-05-10,4,BE-11455,172,288,4,54.712
9676,CA-2023-137393,2023-05-06,2023-05-10,4,GM-14500,245,465,4,41.6
3359,CA-2023-139234,2023-05-06,2023-05-10,4,AF-10870,794,8,4,3.208
3360,CA-2023-139234,2023-05-06,2023-05-10,4,AF-10870,1524,8,4,26.176
6633,US-2023-146857,2023-05-06,2023-05-08,2,BE-11455,400,108,3,54.48
2180,CA-2023-128818,2023-05-07,2023-05-11,4,CJ-12010,770,262,4,85.232
2181,CA-2023-128818,2023-05-07,2023-05-11,4,CJ-12010,957,262,4,44.4
2182,CA-2023-128818,2023-05-07,2023-05-11,4,CJ-12010,106,262,4,442.764
2183,CA-2023-128818,2023-05-07,2023-05-11,4,CJ-12010,1645,262,4,3999.95
2184,CA-2023-128818,2023-05-07,2023-05-11,4,CJ-12010,1610,262,4,199.95
2185,CA-2023-128818,2023-05-07,2023-05-11,4,CJ-12010,301,262,4,63.68
1631,CA-2023-106530,2023-05-08,2023-05-08,0,CL-12565,1412,277,1,1006.056
1632,CA-2023-106530,2023-05-08,2023-05-08,0,CL-12565,1158,277,1,10.688
1633,CA-2023-106530,2023-05-08,2023-05-08,0,CL-12565,1296,277,1,10.368
1634,CA-2023-106530,2023-05-08,2023-05-08,0,CL-12565,1369,277,1,25.12
1635,CA-2023-106530,2023-05-08,2023-05-08,0,CL-12565,1606,277,1,58.112
4815,CA-2023-111696,2023-05-08,2023-05-10,2,TB-21625,1183,494,2,17.94
1602,CA-2023-164672,2023-05-08,2023-05-13,5,GB-14530,305,205,3,211.96
1557,CA-2023-109176,2023-05-09,2023-05-15,6,JW-16075,903,304,4,9.344
1558,CA-2023-109176,2023-05-09,2023-05-15,6,JW-16075,568,304,4,79.36
7833,CA-2023-112382,2023-05-09,2023-05-13,4,MB-18085,1774,153,4,19.136
8412,CA-2023-159765,2023-05-09,2023-05-12,3,TH-21100,485,444,3,27.86
5583,CA-2023-161158,2023-05-09,2023-05-13,4,PS-18970,632,264,4,8.0
494,CA-2023-169166,2023-05-09,2023-05-14,5,SS-20590,1617,625,4,93.98
8915,US-2023-144057,2023-05-09,2023-05-13,4,CV-12805,1371,128,4,856.656
8916,US-2023-144057,2023-05-09,2023-05-13,4,CV-12805,792,128,4,13.184
8917,US-2023-144057,2023-05-09,2023-05-13,4,CV-12805,429,128,4,48.784
8918,US-2023-144057,2023-05-09,2023-05-13,4,CV-12805,1173,128,4,76.64
8919,US-2023-144057,2023-05-09,2023-05-13,4,CV-12805,771,128,4,18.528
6847,US-2023-159093,2023-05-09,2023-05-14,5,RS-19420,1110,497,4,32.04
9379,CA-2023-117625,2023-05-10,2023-05-15,5,GM-14500,878,8,4,7.072
8249,CA-2023-133816,2023-05-10,2023-05-13,3,CS-12400,1753,303,3,743.988
6573,CA-2023-161543,2023-05-10,2023-05-16,6,RD-19720,1231,624,4,11.96
161,CA-2023-162733,2023-05-11,2023-05-12,1,TT-21070,1183,498,2,5.98
9272,CA-2023-100510,2023-05-12,2023-05-17,5,HM-14860,289,264,4,10.02
9273,CA-2023-100510,2023-05-12,2023-05-17,5,HM-14860,1782,264,4,631.96
1590,CA-2023-109911,2023-05-12,2023-05-16,4,VG-21805,623,447,4,10.96
7077,CA-2023-167416,2023-05-12,2023-05-17,5,JM-15580,884,624,4,54.9
3772,US-2023-101196,2023-05-12,2023-05-17,5,FM-14215,1324,304,4,82.368
9496,US-2023-123610,2023-05-12,2023-05-16,4,VM-21835,1577,501,4,120.0
9497,US-2023-123610,2023-05-12,2023-05-16,4,VM-21835,478,501,4,8.67
7280,CA-2023-108224,2023-05-14,2023-05-14,0,TH-21235,1499,461,1,185.528
2161,CA-2023-141019,2023-05-14,2023-05-14,0,LH-17155,252,276,1,79.384
4797,US-2023-148901,2023-05-14,2023-05-19,5,MK-17905,740,343,4,57.582
4798,US-2023-148901,2023-05-14,2023-05-19,5,MK-17905,1304,343,4,31.104
4799,US-2023-148901,2023-05-14,2023-05-19,5,MK-17905,166,343,4,30.192
4800,US-2023-148901,2023-05-14,2023-05-19,5,MK-17905,1787,343,4,43.6
4801,US-2023-148901,2023-05-14,2023-05-19,5,MK-17905,542,343,4,4.768
4802,US-2023-148901,2023-05-14,2023-05-19,5,MK-17905,848,343,4,10.38
4803,US-2023-148901,2023-05-14,2023-05-19,5,MK-17905,686,343,4,13.392
4965,CA-2023-141180,2023-05-15,2023-05-19,4,DP-13000,747,339,3,7.764
4830,CA-2023-152408,2023-05-15,2023-05-21,6,TT-21220,705,265,4,13.776
7734,CA-2023-165673,2023-05-15,2023-05-19,4,MN-17935,1111,294,3,15.232
2096,US-2023-146570,2023-05-15,2023-05-20,5,SN-20710,740,394,4,511.84
2097,US-2023-146570,2023-05-15,2023-05-20,5,SN-20710,523,394,4,91.96
2098,US-2023-146570,2023-05-15,2023-05-20,5,SN-20710,596,394,4,8.34
1336,CA-2023-122133,2023-05-16,2023-05-23,7,JR-15670,1401,200,4,552.56
9610,CA-2023-130638,2023-05-16,2023-05-19,3,SC-20095,308,498,3,282.84
9611,CA-2023-130638,2023-05-16,2023-05-19,3,SC-20095,969,498,3,27.72
3945,CA-2023-133144,2023-05-16,2023-05-21,5,DO-13435,1226,497,3,17.34
4705,CA-2023-158435,2023-05-17,2023-05-18,1,AG-10900,1449,204,2,65.17
4706,CA-2023-158435,2023-05-17,2023-05-18,1,AG-10900,1010,204,2,14.62
4707,CA-2023-158435,2023-05-17,2023-05-18,1,AG-10900,201,204,2,173.24
7787,US-2023-117037,2023-05-17,2023-05-20,3,LW-17215,666,10,2,2.89
7788,US-2023-117037,2023-05-17,2023-05-20,3,LW-17215,917,10,2,7.896
7789,US-2023-117037,2023-05-17,2023-05-20,3,LW-17215,247,10,2,22.608
7790,US-2023-117037,2023-05-17,2023-05-20,3,LW-17215,1131,10,2,30.528
1907,US-2023-150567,2023-05-17,2023-05-21,4,RP-19855,810,331,4,2.952
1908,US-2023-150567,2023-05-17,2023-05-21,4,RP-19855,756,331,4,27.018
1677,CA-2023-122728,2023-05-18,2023-05-24,6,EB-13930,1370,529,4,104.28
1678,CA-2023-122728,2023-05-18,2023-05-24,6,EB-13930,1119,529,4,17.94
2499,CA-2023-126935,2023-05-19,2023-05-24,5,BT-11395,750,528,4,9.584
7467,CA-2023-138282,2023-05-19,2023-05-23,4,AH-10690,477,495,4,87.84
770,CA-2023-157245,2023-05-19,2023-05-24,5,LE-16810,97,437,4,641.96
1717,CA-2023-169943,2023-05-19,2023-05-24,5,BN-11515,414,263,4,242.9
1718,CA-2023-169943,2023-05-19,2023-05-24,5,BN-11515,1406,263,4,454.9
1719,CA-2023-169943,2023-05-19,2023-05-24,5,BN-11515,286,263,4,35.92
1720,CA-2023-169943,2023-05-19,2023-05-24,5,BN-11515,175,263,4,39.76
1721,CA-2023-169943,2023-05-19,2023-05-24,5,BN-11515,813,263,4,47.744
3531,US-2023-152835,2023-05-19,2023-05-23,4,RP-19855,593,42,4,21.4
793,CA-2023-105256,2023-05-20,2023-05-20,0,JK-15730,1750,396,1,1363.96
3688,CA-2023-108567,2023-05-20,2023-05-24,4,DB-13210,693,362,4,2.694
639,CA-2023-115917,2023-05-20,2023-05-25,5,RB-19465,274,545,4,1049.2
640,CA-2023-115917,2023-05-20,2023-05-25,5,RB-19465,854,545,4,15.424
3968,CA-2023-146010,2023-05-20,2023-05-23,3,EH-14125,743,554,2,40.635
2419,CA-2023-107202,2023-05-21,2023-05-28,7,LC-16930,1687,582,4,2396.4
7068,CA-2023-114209,2023-05-21,2023-05-26,5,AS-10285,807,140,4,1.964
7069,CA-2023-114209,2023-05-21,2023-05-26,5,AS-10285,1094,140,4,82.656
9796,CA-2023-125920,2023-05-21,2023-05-28,7,SH-19975,711,8,4,3.798
4361,CA-2023-127642,2023-05-21,2023-05-23,2,CP-12340,1055,310,2,111.96
524,US-2023-139486,2023-05-21,2023-05-23,2,LH-17155,1802,496,2,55.176
525,US-2023-139486,2023-05-21,2023-05-23,2,LH-17155,1499,496,2,66.26
2441,CA-2023-146934,2023-05-22,2023-05-27,5,AF-10870,1710,247,4,345.0
2442,CA-2023-146934,2023-05-22,2023-05-27,5,AF-10870,334,247,4,174.286
2443,CA-2023-146934,2023-05-22,2023-05-27,5,AF-10870,424,247,4,662.84
2444,CA-2023-146934,2023-05-22,2023-05-27,5,AF-10870,1604,247,4,95.1
2445,CA-2023-146934,2023-05-22,2023-05-27,5,AF-10870,870,247,4,26.88
2446,CA-2023-146934,2023-05-22,2023-05-27,5,AF-10870,1760,247,4,257.98
8456,CA-2023-154081,2023-05-22,2023-05-29,7,JE-15610,1809,499,4,222.384
4724,CA-2023-159653,2023-05-22,2023-05-22,0,JF-15490,982,369,1,14.73
1445,CA-2023-133725,2023-05-23,2023-05-28,5,KL-16645,1798,9,4,1979.928
1330,CA-2023-142762,2023-05-23,2023-05-27,4,LD-17005,221,528,4,37.05
6426,CA-2023-143714,2023-05-23,2023-05-27,4,CC-12370,1635,302,4,8399.976
6427,CA-2023-143714,2023-05-23,2023-05-27,4,CC-12370,690,302,4,6.294
6428,CA-2023-143714,2023-05-23,2023-05-27,4,CC-12370,1298,302,4,10.368
6429,CA-2023-143714,2023-05-23,2023-05-27,4,CC-12370,1730,302,4,122.382
1578,CA-2023-154403,2023-05-23,2023-05-27,4,AP-10720,1214,316,4,4.98
5002,CA-2023-136126,2023-05-24,2023-05-24,0,EH-14125,1451,442,1,69.5
5003,CA-2023-136126,2023-05-24,2023-05-24,0,EH-14125,1173,442,1,191.6
8482,CA-2023-138583,2023-05-24,2023-05-28,4,DP-13390,499,302,4,16.656
2986,CA-2023-139269,2023-05-25,2023-05-30,5,JB-16045,213,371,4,24.96
2987,CA-2023-139269,2023-05-25,2023-05-30,5,JB-16045,1136,371,4,19.36
2988,CA-2023-139269,2023-05-25,2023-05-30,5,JB-16045,1362,371,4,1267.65
9276,CA-2023-113236,2023-05-26,2023-05-29,3,CP-12085,1319,337,3,184.704
9277,CA-2023-113236,2023-05-26,2023-05-29,3,CP-12085,1501,337,3,47.92
1274,CA-2023-119186,2023-05-26,2023-05-26,0,MS-17710,1285,146,1,10.368
1275,CA-2023-119186,2023-05-26,2023-05-26,0,MS-17710,131,146,1,388.43
1276,CA-2023-119186,2023-05-26,2023-05-26,0,MS-17710,1119,146,1,14.352
1277,CA-2023-119186,2023-05-26,2023-05-26,0,MS-17710,1526,146,1,63.992
3214,CA-2023-132409,2023-05-26,2023-06-01,6,TH-21235,607,303,4,1.504
3215,CA-2023-132409,2023-05-26,2023-06-01,6,TH-21235,445,303,4,34.848
6605,CA-2023-148852,2023-05-26,2023-05-31,5,SV-20785,924,535,4,5.94
6606,CA-2023-148852,2023-05-26,2023-05-31,5,SV-20785,1211,535,4,45.36
6607,CA-2023-148852,2023-05-26,2023-05-31,5,SV-20785,1747,535,4,211.168
6608,CA-2023-148852,2023-05-26,2023-05-31,5,SV-20785,79,535,4,484.704
6609,CA-2023-148852,2023-05-26,2023-05-31,5,SV-20785,1662,535,4,371.976
9501,CA-2023-149237,2023-05-26,2023-05-30,4,CM-12235,286,189,4,26.94
1639,CA-2023-157266,2023-05-26,2023-06-01,6,TB-21280,1122,208,4,19.44
1640,CA-2023-157266,2023-05-26,2023-06-01,6,TB-21280,854,208,4,9.64
1641,CA-2023-157266,2023-05-26,2023-06-01,6,TB-21280,1113,208,4,12.7
1642,CA-2023-157266,2023-05-26,2023-06-01,6,TB-21280,146,208,4,41.37
7605,CA-2023-101791,2023-05-27,2023-05-31,4,BS-11665,141,9,4,25.176
7606,CA-2023-101791,2023-05-27,2023-05-31,4,BS-11665,249,9,4,5.584
7607,CA-2023-101791,2023-05-27,2023-05-31,4,BS-11665,1417,9,4,1297.368
5171,CA-2023-122903,2023-05-27,2023-05-29,2,LA-16780,91,68,3,3504.9
5172,CA-2023-122903,2023-05-27,2023-05-29,2,LA-16780,1172,68,3,144.12
5173,CA-2023-122903,2023-05-27,2023-05-29,2,LA-16780,1177,68,3,314.55
7869,CA-2023-136994,2023-05-27,2023-06-02,6,LS-17245,1132,498,4,13.38
853,CA-2023-113747,2023-05-28,2023-06-04,7,VD-21670,525,394,4,185.88
7315,CA-2023-121377,2023-05-28,2023-06-02,5,TN-21040,1882,26,4,286.4
3421,CA-2023-134803,2023-05-28,2023-06-03,6,CL-12565,471,494,4,262.24
3422,CA-2023-134803,2023-05-28,2023-06-03,6,CL-12565,1260,494,4,182.72
3423,CA-2023-134803,2023-05-28,2023-06-03,6,CL-12565,1504,494,4,131.6
3424,CA-2023-134803,2023-05-28,2023-06-03,6,CL-12565,845,494,4,22.72
3425,CA-2023-134803,2023-05-28,2023-06-03,6,CL-12565,1682,494,4,558.4
3169,CA-2023-138695,2023-05-28,2023-06-03,6,KC-16675,116,365,4,390.272
3170,CA-2023-138695,2023-05-28,2023-06-03,6,KC-16675,1065,365,4,62.192
3532,CA-2023-155565,2023-05-28,2023-05-28,0,EH-13765,1467,265,1,54.9
3958,CA-2023-156573,2023-05-29,2023-06-02,4,RB-19360,760,434,4,11.277
3959,CA-2023-156573,2023-05-29,2023-06-02,4,RB-19360,584,434,4,4.448
3960,CA-2023-156573,2023-05-29,2023-06-02,4,RB-19360,143,434,4,44.76
534,CA-2023-168753,2023-05-29,2023-06-01,3,RL-19615,1827,320,3,979.95
535,CA-2023-168753,2023-05-29,2023-06-01,3,RL-19615,811,320,3,22.75
9718,CA-2023-108210,2023-05-30,2023-05-31,1,AT-10735,1721,154,1,79.96
9719,CA-2023-108210,2023-05-30,2023-05-31,1,AT-10735,1615,154,1,223.96
5301,CA-2023-113831,2023-05-30,2023-06-03,4,AH-10690,370,445,4,2275.5
5302,CA-2023-113831,2023-05-30,2023-06-03,4,AH-10690,1595,445,4,1979.7
5303,CA-2023-113831,2023-05-30,2023-06-03,4,AH-10690,960,445,4,62.1
7409,CA-2023-129728,2023-05-30,2023-06-06,7,JG-15310,141,496,4,167.84
979,CA-2023-145499,2023-05-30,2023-05-31,1,RW-19690,672,413,2,3.282
7067,CA-2023-147473,2023-05-30,2023-06-03,4,NL-18310,1302,499,4,38.88
7254,CA-2023-152730,2023-05-30,2023-06-04,5,EM-14140,393,191,4,364.74
7255,CA-2023-152730,2023-05-30,2023-06-04,5,EM-14140,163,191,4,47.4
7256,CA-2023-152730,2023-05-30,2023-06-04,5,EM-14140,1347,191,4,49.76
7257,CA-2023-152730,2023-05-30,2023-06-04,5,EM-14140,584,191,4,5.56
7258,CA-2023-152730,2023-05-30,2023-06-04,5,EM-14140,1177,191,4,629.1
7259,CA-2023-152730,2023-05-30,2023-06-04,5,EM-14140,595,191,4,14.7
7260,CA-2023-152730,2023-05-30,2023-06-04,5,EM-14140,1290,191,4,45.36
7261,CA-2023-152730,2023-05-30,2023-06-04,5,EM-14140,1879,191,4,125.99
1234,CA-2023-153682,2023-05-30,2023-06-01,2,BG-11695,1630,276,2,839.988
5471,CA-2023-158547,2023-05-30,2023-06-04,5,JM-16195,430,284,4,123.92
8296,CA-2023-166380,2023-05-30,2023-06-03,4,EB-13750,895,437,4,26.55
8297,CA-2023-166380,2023-05-30,2023-06-03,4,EB-13750,1615,437,4,111.98
501,US-2023-105578,2023-05-30,2023-06-04,5,MY-17380,833,564,4,22.62
502,US-2023-105578,2023-05-30,2023-06-04,5,MY-17380,767,564,4,14.952
503,US-2023-105578,2023-05-30,2023-06-04,5,MY-17380,86,564,4,801.568
504,US-2023-105578,2023-05-30,2023-06-04,5,MY-17380,825,564,4,2.376
505,US-2023-105578,2023-05-30,2023-06-04,5,MY-17380,1125,564,4,32.792
8901,CA-2023-150483,2023-05-31,2023-06-04,4,BP-11290,244,12,4,32.064
8902,CA-2023-150483,2023-05-31,2023-06-04,4,BP-11290,1159,12,4,18.496
8903,CA-2023-150483,2023-05-31,2023-06-04,4,BP-11290,72,12,4,191.079
8904,CA-2023-150483,2023-05-31,2023-06-04,4,BP-11290,1285,12,4,10.368
9631,CA-2023-168844,2023-05-31,2023-06-06,6,NM-18520,688,263,4,7.152
9632,CA-2023-168844,2023-05-31,2023-06-06,6,NM-18520,1781,263,4,179.7
7211,US-2023-119046,2023-06-02,2023-06-06,4,EH-13765,1091,625,4,30.18
7212,US-2023-119046,2023-06-02,2023-06-06,4,EH-13765,659,625,4,51.648
7213,US-2023-119046,2023-06-02,2023-06-06,4,EH-13765,668,625,4,11.232
2851,US-2023-128293,2023-06-02,2023-06-05,3,KC-16255,1327,302,2,64.784
70,CA-2023-119823,2023-06-04,2023-06-06,2,KD-16270,1092,445,2,75.88
238,CA-2023-157749,2023-06-04,2023-06-09,5,KL-16645,1223,8,3,25.92
239,CA-2023-157749,2023-06-04,2023-06-09,5,KL-16645,274,8,3,419.68
240,CA-2023-157749,2023-06-04,2023-06-09,5,KL-16645,302,8,3,11.688
241,CA-2023-157749,2023-06-04,2023-06-09,5,KL-16645,1848,8,3,31.984
242,CA-2023-157749,2023-06-04,2023-06-09,5,KL-16645,374,8,3,177.225
243,CA-2023-157749,2023-06-04,2023-06-09,5,KL-16645,193,8,3,4.044
244,CA-2023-157749,2023-06-04,2023-06-09,5,KL-16645,504,8,3,7.408
2602,CA-2023-165848,2023-06-04,2023-06-04,0,EN-13780,1053,265,1,14.94
2603,CA-2023-165848,2023-06-04,2023-06-04,0,EN-13780,1688,265,1,1349.85
2604,CA-2023-165848,2023-06-04,2023-06-04,0,EN-13780,49,265,1,136.784
2605,CA-2023-165848,2023-06-04,2023-06-04,0,EN-13780,268,265,1,61.12
5523,CA-2023-110982,2023-06-05,2023-06-07,2,CK-12205,692,537,2,21.552
5524,CA-2023-110982,2023-06-05,2023-06-07,2,CK-12205,391,537,2,58.24
9375,CA-2023-149671,2023-06-05,2023-06-09,4,KB-16600,1445,624,4,61.38
3727,CA-2023-165169,2023-06-05,2023-06-11,6,JL-15235,1417,206,4,360.38
3728,CA-2023-165169,2023-06-05,2023-06-11,6,JL-15235,563,206,4,11.16
3729,CA-2023-165169,2023-06-05,2023-06-11,6,JL-15235,1015,206,4,14.94
1134,US-2023-134908,2023-06-05,2023-06-09,4,JS-15940,1339,303,4,124.608
1135,US-2023-134908,2023-06-05,2023-06-09,4,JS-15940,993,303,4,7.56
5085,CA-2023-108350,2023-06-06,2023-06-09,3,SC-20230,1199,226,3,105.52
265,CA-2023-125318,2023-06-06,2023-06-13,7,RC-19825,1749,8,4,328.224
434,CA-2023-127369,2023-06-06,2023-06-07,1,DB-13060,1375,226,2,714.3
9661,CA-2023-160717,2023-06-06,2023-06-11,5,ME-17320,1859,536,4,3023.928
9662,CA-2023-160717,2023-06-06,2023-06-11,5,ME-17320,1601,536,4,26.96
9663,CA-2023-160717,2023-06-06,2023-06-11,5,ME-17320,1739,536,4,477.6
9120,US-2023-155971,2023-06-06,2023-06-12,6,RB-19795,976,497,4,22.05
9121,US-2023-155971,2023-06-06,2023-06-12,6,RB-19795,1309,497,4,99.9
5532,US-2023-167472,2023-06-06,2023-06-07,1,CK-12595,1539,326,2,179.94
5533,US-2023-167472,2023-06-06,2023-06-07,1,CK-12595,1517,326,2,26.85
5534,US-2023-167472,2023-06-06,2023-06-07,1,CK-12595,1596,326,2,323.37
5535,US-2023-167472,2023-06-06,2023-06-07,1,CK-12595,1171,326,2,59.94
5536,US-2023-167472,2023-06-06,2023-06-07,1,CK-12595,827,326,2,64.14
5537,US-2023-167472,2023-06-06,2023-06-07,1,CK-12595,675,326,2,11.67
5538,US-2023-167472,2023-06-06,2023-06-07,1,CK-12595,1305,326,2,12.96
3577,CA-2023-103163,2023-06-07,2023-06-11,4,FM-14290,685,465,4,4.784
3578,CA-2023-103163,2023-06-07,2023-06-11,4,FM-14290,1123,465,4,4.73
9583,CA-2023-107475,2023-06-07,2023-06-11,4,RS-19870,932,302,4,9.648
3149,CA-2023-120558,2023-06-07,2023-06-10,3,RD-19810,1300,265,2,32.4
5468,CA-2023-122448,2023-06-09,2023-06-14,5,DB-13210,63,528,4,122.352
2839,CA-2023-147368,2023-06-09,2023-06-12,3,TC-21295,1652,365,2,695.7
6047,CA-2023-154662,2023-06-09,2023-06-16,7,BF-11215,352,93,4,692.94
1927,US-2023-139710,2023-06-09,2023-06-15,6,GM-14680,1729,498,4,177.48
557,CA-2023-113243,2023-06-10,2023-06-15,5,OT-18730,960,498,4,20.7
558,CA-2023-113243,2023-06-10,2023-06-15,5,OT-18730,348,498,4,1335.68
559,CA-2023-113243,2023-06-10,2023-06-15,5,OT-18730,1300,498,4,32.4
4583,CA-2023-121993,2023-06-10,2023-06-12,2,JB-16000,975,304,2,23.616
8370,CA-2023-118745,2023-06-11,2023-06-16,5,SV-20365,347,499,4,902.712
2758,CA-2023-127775,2023-06-11,2023-06-13,2,ES-14020,1599,265,3,239.97
5668,CA-2023-142405,2023-06-11,2023-06-15,4,SE-20110,974,623,4,14.62
5669,CA-2023-142405,2023-06-11,2023-06-15,4,SE-20110,854,623,4,53.984
5670,CA-2023-142405,2023-06-11,2023-06-15,4,SE-20110,1528,623,4,389.97
2428,CA-2023-169922,2023-06-11,2023-06-17,6,MZ-17515,720,127,4,1.344
2429,CA-2023-169922,2023-06-11,2023-06-17,6,MZ-17515,777,127,4,8.272
2430,CA-2023-169922,2023-06-11,2023-06-17,6,MZ-17515,299,127,4,12.544
120,CA-2023-103730,2023-06-12,2023-06-15,3,SC-20725,152,207,2,47.04
121,CA-2023-103730,2023-06-12,2023-06-15,3,SC-20725,721,207,2,30.84
122,CA-2023-103730,2023-06-12,2023-06-15,3,SC-20725,1330,207,2,226.56
123,CA-2023-103730,2023-06-12,2023-06-15,3,SC-20725,877,207,2,115.02
124,CA-2023-103730,2023-06-12,2023-06-15,3,SC-20725,1785,207,2,68.04
8224,CA-2023-104633,2023-06-12,2023-06-16,4,EA-14035,1071,511,4,185.88
8225,CA-2023-104633,2023-06-12,2023-06-16,4,EA-14035,1302,511,4,12.96
8717,CA-2023-120824,2023-06-12,2023-06-16,4,AW-10930,388,155,3,64.384
8718,CA-2023-120824,2023-06-12,2023-06-16,4,AW-10930,182,155,3,6.984
8719,CA-2023-120824,2023-06-12,2023-06-16,4,AW-10930,606,155,3,11.264
8720,CA-2023-120824,2023-06-12,2023-06-16,4,AW-10930,1242,155,3,15.552
8721,CA-2023-120824,2023-06-12,2023-06-16,4,AW-10930,65,155,3,379.372
8722,CA-2023-120824,2023-06-12,2023-06-16,4,AW-10930,1418,155,3,67.536
8723,CA-2023-120824,2023-06-12,2023-06-16,4,AW-10930,663,155,3,1.524
80,CA-2023-127208,2023-06-12,2023-06-15,3,SC-20770,384,315,2,208.16
81,CA-2023-127208,2023-06-12,2023-06-15,3,SC-20770,686,315,2,16.74
3,CA-2023-138688,2023-06-12,2023-06-16,4,DV-13045,1021,497,3,14.62
7148,CA-2023-139941,2023-06-12,2023-06-17,5,CB-12415,1071,259,4,92.94
7149,CA-2023-139941,2023-06-12,2023-06-17,5,CB-12415,415,259,4,52.56
437,CA-2023-147375,2023-06-12,2023-06-14,2,PO-19180,1647,9,3,1007.979
438,CA-2023-147375,2023-06-12,2023-06-14,2,PO-19180,1169,9,3,313.488
2903,CA-2023-164035,2023-06-12,2023-06-17,5,CR-12730,1245,8,4,23.12
6594,CA-2023-126795,2023-06-13,2023-06-16,3,GT-14710,805,264,3,33.568
4142,CA-2023-136287,2023-06-13,2023-06-17,4,SS-20590,1000,63,4,18.9
3662,CA-2023-155005,2023-06-13,2023-06-15,2,SC-20050,1813,73,3,377.97
1099,CA-2023-107216,2023-06-14,2023-06-17,3,PV-18985,576,530,2,7.04
1100,CA-2023-107216,2023-06-14,2023-06-17,3,PV-18985,253,530,2,8.73
1101,CA-2023-107216,2023-06-14,2023-06-17,3,PV-18985,1523,530,2,29.29
1102,CA-2023-107216,2023-06-14,2023-06-17,3,PV-18985,598,530,2,8.64
5871,CA-2023-128223,2023-06-14,2023-06-14,0,EB-13705,352,462,1,1293.488
9060,CA-2023-132304,2023-06-14,2023-06-18,4,AR-10825,367,623,4,1115.17
7992,CA-2023-133872,2023-06-14,2023-06-17,3,VM-21835,769,332,2,39.936
7993,CA-2023-133872,2023-06-14,2023-06-17,3,VM-21835,1624,332,2,18.464
7880,CA-2023-155747,2023-06-14,2023-06-21,7,JS-15685,359,304,4,337.176
5428,US-2023-108497,2023-06-14,2023-06-14,0,MH-17290,9,497,1,599.165
6050,CA-2023-152765,2023-06-15,2023-06-18,3,LS-17245,1160,153,2,173.488
9744,CA-2023-137127,2023-06-16,2023-06-22,6,JJ-15445,1009,206,4,9.45
9456,CA-2023-140977,2023-06-16,2023-06-19,3,JL-15175,1689,423,3,91.475
4179,CA-2023-148593,2023-06-16,2023-06-18,2,BD-11320,1133,498,3,46.35
7532,CA-2023-107146,2023-06-17,2023-06-19,2,LC-16885,291,561,2,266.352
7533,CA-2023-107146,2023-06-17,2023-06-19,2,LC-16885,80,561,2,483.136
56,CA-2023-111682,2023-06-17,2023-06-18,1,TB-21055,1370,270,2,208.56
57,CA-2023-111682,2023-06-17,2023-06-18,1,TB-21055,1307,270,2,32.4
58,CA-2023-111682,2023-06-17,2023-06-18,1,TB-21055,119,270,2,319.41
59,CA-2023-111682,2023-06-17,2023-06-18,1,TB-21055,1044,270,2,14.56
60,CA-2023-111682,2023-06-17,2023-06-18,1,TB-21055,1503,270,2,30.0
61,CA-2023-111682,2023-06-17,2023-06-18,1,TB-21055,802,270,2,48.48
62,CA-2023-111682,2023-06-17,2023-06-18,1,TB-21055,618,270,2,1.68
6616,CA-2023-123512,2023-06-17,2023-06-19,2,MV-18190,9,498,2,239.666
6617,CA-2023-123512,2023-06-17,2023-06-19,2,MV-18190,985,498,2,22.5
6618,CA-2023-123512,2023-06-17,2023-06-19,2,MV-18190,1176,498,2,219.84
9604,CA-2023-129861,2023-06-17,2023-06-23,6,DM-13345,360,268,4,376.866
7744,CA-2023-133613,2023-06-17,2023-06-22,5,CP-12340,789,204,4,7.96
7745,CA-2023-133613,2023-06-17,2023-06-22,5,CP-12340,1884,204,4,566.97
7746,CA-2023-133613,2023-06-17,2023-06-22,5,CP-12340,602,204,4,9.84
3537,CA-2023-145842,2023-06-17,2023-06-20,3,FM-14380,1397,264,3,40.74
1552,CA-2023-159345,2023-06-17,2023-06-22,5,IG-15085,1198,525,4,111.96
9548,CA-2023-131744,2023-06-18,2023-06-20,2,SC-20770,1162,303,3,6.848
9549,CA-2023-131744,2023-06-18,2023-06-20,2,SC-20770,721,303,3,4.626
9550,CA-2023-131744,2023-06-18,2023-06-20,2,SC-20770,441,303,3,453.6
6849,US-2023-163461,2023-06-18,2023-06-21,3,BT-11440,1201,16,2,76.864
941,CA-2023-105760,2023-06-19,2023-06-20,1,KC-16255,1078,529,2,17.12
1945,CA-2023-108581,2023-06-20,2023-06-26,6,EA-14035,1539,134,4,95.968
1946,CA-2023-108581,2023-06-20,2023-06-26,6,EA-14035,1278,134,4,10.368
934,CA-2023-140081,2023-06-20,2023-06-24,4,CG-12040,1129,302,4,45.056
935,CA-2023-140081,2023-06-20,2023-06-24,4,CG-12040,795,302,4,29.718
936,CA-2023-140081,2023-06-20,2023-06-24,4,CG-12040,1274,302,4,15.552
937,CA-2023-140081,2023-06-20,2023-06-24,4,CG-12040,475,302,4,447.696
1307,CA-2023-141397,2023-06-20,2023-06-21,1,RC-19825,1158,511,2,46.76
1308,CA-2023-141397,2023-06-20,2023-06-21,1,RC-19825,751,511,2,17.712
1309,CA-2023-141397,2023-06-20,2023-06-21,1,RC-19825,401,511,2,21.78
1310,CA-2023-141397,2023-06-20,2023-06-21,1,RC-19825,1348,511,2,161.94
1311,CA-2023-141397,2023-06-20,2023-06-21,1,RC-19825,111,511,2,161.568
7287,CA-2023-149965,2023-06-20,2023-06-25,5,BS-11365,1500,119,4,6.9
7288,CA-2023-149965,2023-06-20,2023-06-25,5,BS-11365,238,119,4,57.69
851,CA-2023-152534,2023-06-20,2023-06-25,5,DP-13105,532,522,3,5.16
852,CA-2023-152534,2023-06-20,2023-06-25,5,DP-13105,1274,522,3,38.88
48,CA-2023-169194,2023-06-20,2023-06-25,5,LH-16900,1503,205,4,45.0
49,CA-2023-169194,2023-06-20,2023-06-25,5,LH-16900,1787,205,4,21.8
5226,CA-2023-119865,2023-06-21,2023-06-26,5,AS-10090,820,263,4,36.56
5227,CA-2023-119865,2023-06-21,2023-06-26,5,AS-10090,806,263,4,186.144
5228,CA-2023-119865,2023-06-21,2023-06-26,5,AS-10090,33,263,4,353.568
8659,CA-2023-168361,2023-06-21,2023-06-25,4,KB-16600,681,9,4,0.836
6928,CA-2023-140382,2023-06-23,2023-06-25,2,RD-19900,1379,528,3,93.68
6929,CA-2023-140382,2023-06-23,2023-06-25,2,RD-19900,1007,528,3,21.93
6930,CA-2023-140382,2023-06-23,2023-06-25,2,RD-19900,1810,528,3,862.344
6931,CA-2023-140382,2023-06-23,2023-06-25,2,RD-19900,1143,528,3,19.98
2085,CA-2023-140501,2023-06-23,2023-06-28,5,IM-15070,959,262,4,122.12
2086,CA-2023-140501,2023-06-23,2023-06-28,5,IM-15070,1011,262,4,18.45
2087,CA-2023-140501,2023-06-23,2023-06-28,5,IM-15070,1349,262,4,324.9
2088,CA-2023-140501,2023-06-23,2023-06-28,5,IM-15070,1117,262,4,146.73
2089,CA-2023-140501,2023-06-23,2023-06-28,5,IM-15070,955,262,4,3.96
3944,US-2023-142685,2023-06-23,2023-06-30,7,MG-17695,1463,254,4,835.17
7019,US-2023-154256,2023-06-23,2023-06-27,4,SM-20005,975,265,3,25.83
9166,CA-2023-100300,2023-06-24,2023-06-26,2,MJ-17740,1686,526,3,4476.8
9167,CA-2023-100300,2023-06-24,2023-06-26,2,MJ-17740,1149,526,3,104.85
9168,CA-2023-100300,2023-06-24,2023-06-26,2,MJ-17740,388,526,3,241.44
4688,CA-2023-101987,2023-06-24,2023-06-30,6,HL-15040,1823,49,4,440.91
3529,CA-2023-130680,2023-06-24,2023-06-29,5,BD-11320,1795,525,4,38.24
4704,CA-2023-166240,2023-06-24,2023-06-28,4,DH-13075,445,156,4,8.712
7426,CA-2023-101693,2023-06-25,2023-06-27,2,LC-17140,87,155,3,85.246
7427,CA-2023-101693,2023-06-25,2023-06-27,2,LC-17140,209,155,3,32.712
2191,CA-2023-118913,2023-06-25,2023-06-29,4,AS-10240,437,499,4,60.81
2146,US-2023-152051,2023-06-25,2023-06-29,4,TS-21160,76,307,4,422.058
2147,US-2023-152051,2023-06-25,2023-06-29,4,TS-21160,778,307,4,38.088
2148,US-2023-152051,2023-06-25,2023-06-29,4,TS-21160,1368,307,4,254.352
480,CA-2023-100790,2023-06-26,2023-07-02,6,JG-15805,615,264,4,14.7
481,CA-2023-100790,2023-06-26,2023-07-02,6,JG-15805,1362,264,4,704.25
9025,CA-2023-102127,2023-06-26,2023-07-02,6,VP-21760,1481,265,4,20.97
9026,CA-2023-102127,2023-06-26,2023-07-02,6,VP-21760,1592,265,4,139.96
9027,CA-2023-102127,2023-06-26,2023-07-02,6,VP-21760,169,265,4,37.74
3957,CA-2023-114951,2023-06-26,2023-07-03,7,DN-13690,216,528,4,22.14
8260,CA-2023-118101,2023-06-26,2023-06-26,0,SN-20560,1125,80,1,368.91
8261,CA-2023-118101,2023-06-26,2023-06-26,0,SN-20560,794,80,1,8.02
8262,CA-2023-118101,2023-06-26,2023-06-26,0,SN-20560,1402,80,1,171.04
1286,CA-2023-119445,2023-06-26,2023-07-03,7,GM-14500,1441,309,4,14.9
8687,CA-2023-144015,2023-06-26,2023-06-26,0,AH-10075,1475,497,1,231.72
8688,CA-2023-144015,2023-06-26,2023-06-26,0,AH-10075,933,497,1,17.9
8689,CA-2023-144015,2023-06-26,2023-06-26,0,AH-10075,1041,497,1,12.48
6506,CA-2023-152331,2023-06-26,2023-06-30,4,LD-16855,560,10,4,5.304
9774,CA-2023-160234,2023-06-26,2023-07-03,7,PF-19225,1742,370,4,135.95
1694,US-2023-158708,2023-06-26,2023-06-29,3,AB-10255,1578,171,3,13.616
2904,CA-2023-153577,2023-06-27,2023-07-01,4,KH-16330,1132,19,4,37.464
2905,CA-2023-153577,2023-06-27,2023-07-01,4,KH-16330,59,19,4,539.658
6149,CA-2023-161928,2023-06-27,2023-06-29,2,AC-10660,1813,528,3,201.584
3922,CA-2023-110044,2023-06-28,2023-07-02,4,RF-19735,1840,8,3,359.976
6751,CA-2023-154767,2023-06-28,2023-06-30,2,BP-11155,54,248,3,121.96
6752,CA-2023-154767,2023-06-28,2023-06-30,2,BP-11155,421,248,3,8.74
6753,CA-2023-154767,2023-06-28,2023-06-30,2,BP-11155,1227,248,3,61.96
6754,CA-2023-154767,2023-06-28,2023-06-30,2,BP-11155,789,248,3,7.96
6755,CA-2023-154767,2023-06-28,2023-06-30,2,BP-11155,450,248,3,275.24
4307,CA-2023-161095,2023-06-28,2023-06-28,0,CS-12250,815,496,1,7.752
4308,CA-2023-161095,2023-06-28,2023-06-28,0,CS-12250,755,496,1,33.568
1901,CA-2023-140543,2023-06-29,2023-07-03,4,Co-12640,1350,416,3,191.88
8882,CA-2023-135594,2023-06-30,2023-07-03,3,AH-10120,1517,2,3,50.12
8231,CA-2023-162355,2023-06-30,2023-07-02,2,PF-19165,527,376,3,35.97
8232,CA-2023-162355,2023-06-30,2023-07-02,2,PF-19165,23,376,3,1266.86
7473,CA-2023-139997,2023-07-01,2023-07-03,2,EM-14140,1636,601,2,1499.95
4173,CA-2023-152163,2023-07-01,2023-07-01,0,JF-15355,845,415,1,14.2
4174,CA-2023-152163,2023-07-01,2023-07-01,0,JF-15355,1283,415,1,12.96
4175,CA-2023-152163,2023-07-01,2023-07-01,0,JF-15355,706,415,1,58.34
8905,US-2023-126431,2023-07-01,2023-07-01,0,SU-20665,964,262,1,30.53
8906,US-2023-126431,2023-07-01,2023-07-01,0,SU-20665,1515,262,1,30.84
8907,US-2023-126431,2023-07-01,2023-07-01,0,SU-20665,1096,262,1,75.06
9753,US-2023-158680,2023-07-01,2023-07-02,1,NZ-18565,859,625,2,2.496
8337,CA-2023-101469,2023-07-02,2023-07-08,6,KH-16360,493,437,4,7.7
8777,CA-2023-102813,2023-07-02,2023-07-03,1,EA-14035,53,157,2,528.43
8778,CA-2023-102813,2023-07-02,2023-07-03,1,EA-14035,1273,157,2,41.472
1159,CA-2023-149314,2023-07-02,2023-07-07,5,GB-14530,100,494,3,195.184
9773,CA-2023-104983,2023-07-03,2023-07-03,0,FM-14215,1188,305,1,123.92
3565,CA-2023-130029,2023-07-03,2023-07-06,3,GT-14755,1271,499,2,12.96
3566,CA-2023-130029,2023-07-03,2023-07-06,3,GT-14755,930,499,2,3.96
8049,CA-2023-168543,2023-07-03,2023-07-07,4,DK-13225,397,265,4,706.86
5936,CA-2023-103107,2023-07-04,2023-07-04,0,RB-19465,279,623,1,25.4
5937,CA-2023-103107,2023-07-04,2023-07-04,0,RB-19465,1729,623,1,177.48
5938,CA-2023-103107,2023-07-04,2023-07-04,0,RB-19465,1816,623,1,71.976
4452,CA-2023-147137,2023-07-04,2023-07-06,2,AA-10645,279,528,2,25.4
4453,CA-2023-147137,2023-07-04,2023-07-06,2,AA-10645,879,528,2,43.96
4454,CA-2023-147137,2023-07-04,2023-07-06,2,AA-10645,4,528,2,1279.165
4455,CA-2023-147137,2023-07-04,2023-07-06,2,AA-10645,1346,528,2,27.92
1799,CA-2023-100965,2023-07-07,2023-07-11,4,RM-19375,257,532,4,215.65
8797,CA-2023-106397,2023-07-07,2023-07-13,6,MJ-17740,1300,604,4,12.96
8798,CA-2023-106397,2023-07-07,2023-07-13,6,MJ-17740,523,604,4,45.98
725,CA-2023-114713,2023-07-07,2023-07-12,5,SC-20695,1458,340,4,45.584
6524,CA-2023-129308,2023-07-07,2023-07-13,6,CC-12100,1019,302,4,10.08
6525,CA-2023-129308,2023-07-07,2023-07-13,6,CC-12100,1821,302,4,59.994
6526,CA-2023-129308,2023-07-07,2023-07-13,6,CC-12100,663,302,4,5.715
6527,CA-2023-129308,2023-07-07,2023-07-13,6,CC-12100,765,302,4,9.42
3983,CA-2023-135265,2023-07-07,2023-07-09,2,CC-12370,77,498,3,287.968
3984,CA-2023-135265,2023-07-07,2023-07-09,2,CC-12370,1632,498,3,2799.96
3985,CA-2023-135265,2023-07-07,2023-07-09,2,CC-12370,1207,498,3,48.94
2372,CA-2023-159940,2023-07-07,2023-07-11,4,BF-11020,247,2,3,60.288
2373,CA-2023-159940,2023-07-07,2023-07-11,4,BF-11020,917,2,3,2.632
2374,CA-2023-159940,2023-07-07,2023-07-11,4,BF-11020,1118,2,3,23.688
2375,CA-2023-159940,2023-07-07,2023-07-11,4,BF-11020,67,2,3,253.372
1938,CA-2023-112109,2023-07-08,2023-07-12,4,JE-15715,769,553,4,19.968
1939,CA-2023-112109,2023-07-08,2023-07-12,4,JE-15715,1383,553,4,33.488
1940,CA-2023-112109,2023-07-08,2023-07-12,4,JE-15715,836,553,4,8.736
1941,CA-2023-112109,2023-07-08,2023-07-12,4,JE-15715,133,553,4,662.88
3815,CA-2023-152471,2023-07-08,2023-07-08,0,ZD-21925,1779,343,1,823.96
3816,CA-2023-152471,2023-07-08,2023-07-08,0,ZD-21925,1184,343,1,15.984
7604,CA-2023-152520,2023-07-08,2023-07-12,4,TH-21115,1286,309,4,12.96
3255,CA-2023-155474,2023-07-08,2023-07-14,6,CC-12220,1793,624,4,107.984
3256,CA-2023-155474,2023-07-08,2023-07-14,6,CC-12220,732,624,4,19.296
1923,CA-2023-156685,2023-07-08,2023-07-10,2,SC-20230,1744,127,3,863.64
1924,CA-2023-156685,2023-07-08,2023-07-10,2,SC-20230,597,127,3,47.616
1412,CA-2023-136329,2023-07-09,2023-07-13,4,JD-15895,105,265,4,408.006
1413,CA-2023-136329,2023-07-09,2023-07-13,4,JD-15895,187,265,4,165.28
536,CA-2023-126613,2023-07-10,2023-07-16,6,AA-10375,1421,454,4,16.768
4823,CA-2023-134222,2023-07-10,2023-07-11,1,NZ-18565,767,461,1,44.856
7238,CA-2023-164924,2023-07-10,2023-07-10,0,EA-14035,1646,305,1,341.991
1733,US-2023-131149,2023-07-10,2023-07-14,4,LH-17155,1362,140,4,338.04
1734,US-2023-131149,2023-07-10,2023-07-14,4,LH-17155,521,140,4,154.24
478,CA-2023-103891,2023-07-12,2023-07-19,7,KH-16690,1748,495,4,95.76
2187,CA-2023-101378,2023-07-14,2023-07-14,0,RH-19600,1495,318,1,29.0
1306,CA-2023-101966,2023-07-14,2023-07-16,2,BM-11785,1737,153,3,419.944
7224,CA-2023-109953,2023-07-14,2023-07-18,4,RB-19360,1829,530,4,110.376
7225,CA-2023-109953,2023-07-14,2023-07-18,4,RB-19360,443,530,4,151.62
7226,CA-2023-109953,2023-07-14,2023-07-18,4,RB-19360,183,530,4,30.8
6666,CA-2023-115483,2023-07-14,2023-07-18,4,JS-15880,1176,158,3,219.84
2154,CA-2023-117282,2023-07-14,2023-07-18,4,DR-12880,764,262,4,14.16
599,CA-2023-120180,2023-07-14,2023-07-16,2,TP-21130,1459,303,2,11.632
542,CA-2023-136924,2023-07-14,2023-07-17,3,ES-14080,1788,460,2,380.864
1207,CA-2023-137050,2023-07-14,2023-07-18,4,SW-20755,1386,262,3,11.21
1208,CA-2023-137050,2023-07-14,2023-07-18,4,SW-20755,658,262,3,9.144
1209,CA-2023-137050,2023-07-14,2023-07-18,4,SW-20755,932,262,3,14.07
1210,CA-2023-137050,2023-07-14,2023-07-18,4,SW-20755,564,262,3,41.86
1211,CA-2023-137050,2023-07-14,2023-07-18,4,SW-20755,809,262,3,8.544
1212,CA-2023-137050,2023-07-14,2023-07-18,4,SW-20755,23,262,3,579.136
6957,CA-2023-157588,2023-07-14,2023-07-19,5,AR-10570,714,371,4,36.4
6958,CA-2023-157588,2023-07-14,2023-07-19,5,AR-10570,264,371,4,51.75
4682,CA-2023-169215,2023-07-14,2023-07-18,4,RE-19450,917,253,3,29.61
2238,CA-2023-122322,2023-07-15,2023-07-21,6,RH-19510,1466,606,4,44.4
7932,US-2023-168095,2023-07-15,2023-07-20,5,MC-17425,51,594,4,230.28
7933,US-2023-168095,2023-07-15,2023-07-20,5,MC-17425,1170,594,4,105.52
3365,CA-2023-130050,2023-07-16,2023-07-18,2,MC-17425,301,153,3,9.552
188,CA-2023-157000,2023-07-16,2023-07-22,6,AM-10360,1385,149,4,37.224
189,CA-2023-157000,2023-07-16,2023-07-22,6,AM-10360,1096,149,4,20.016
6963,CA-2023-157161,2023-07-16,2023-07-20,4,JD-15895,891,415,3,10.2
6964,CA-2023-157161,2023-07-16,2023-07-20,4,JD-15895,543,415,3,22.32
6965,CA-2023-157161,2023-07-16,2023-07-20,4,JD-15895,854,415,3,24.1
6966,CA-2023-157161,2023-07-16,2023-07-20,4,JD-15895,1506,415,3,75.98
6967,CA-2023-157161,2023-07-16,2023-07-20,4,JD-15895,815,415,3,6.46
6968,CA-2023-157161,2023-07-16,2023-07-20,4,JD-15895,1067,415,3,60.12
600,US-2023-100720,2023-07-16,2023-07-21,5,CK-12205,1799,302,4,143.982
601,US-2023-100720,2023-07-16,2023-07-21,5,CK-12205,1761,302,4,494.376
602,US-2023-100720,2023-07-16,2023-07-21,5,CK-12205,1462,302,4,5.84
43,CA-2023-101343,2023-07-17,2023-07-22,5,RA-19885,1339,499,4,77.88
7842,CA-2023-116603,2023-07-17,2023-07-22,5,AT-10735,409,264,4,45.96
3108,CA-2023-121671,2023-07-17,2023-07-22,5,AA-10480,1105,108,4,21.93
3109,CA-2023-121671,2023-07-17,2023-07-22,5,AA-10480,1326,108,4,242.94
3110,CA-2023-121671,2023-07-17,2023-07-22,5,AA-10480,1090,108,4,7.64
3111,CA-2023-121671,2023-07-17,2023-07-22,5,AA-10480,1262,108,4,51.84
3112,CA-2023-121671,2023-07-17,2023-07-22,5,AA-10480,1430,108,4,265.17
2046,CA-2023-131835,2023-07-17,2023-07-21,4,MC-17590,467,249,4,162.64
2047,CA-2023-131835,2023-07-17,2023-07-21,4,MC-17590,1739,249,4,597.0
2048,CA-2023-131835,2023-07-17,2023-07-21,4,MC-17590,1060,249,4,55.48
6274,US-2023-139087,2023-07-17,2023-07-22,5,DK-13375,219,624,3,12.42
6275,US-2023-139087,2023-07-17,2023-07-22,5,DK-13375,1494,624,3,428.4
6276,US-2023-139087,2023-07-17,2023-07-22,5,DK-13375,198,624,3,24.75
6277,US-2023-139087,2023-07-17,2023-07-22,5,DK-13375,1020,624,3,87.71
6278,US-2023-139087,2023-07-17,2023-07-22,5,DK-13375,1370,624,3,69.52
6279,US-2023-139087,2023-07-17,2023-07-22,5,DK-13375,1758,624,3,20.784
6280,US-2023-139087,2023-07-17,2023-07-22,5,DK-13375,808,624,3,12.816
8139,CA-2023-102561,2023-07-18,2023-07-22,4,NK-18490,576,304,4,11.264
8140,CA-2023-102561,2023-07-18,2023-07-22,4,NK-18490,1420,304,4,284.08
8141,CA-2023-102561,2023-07-18,2023-07-22,4,NK-18490,1226,304,4,18.496
1201,CA-2023-114727,2023-07-18,2023-07-24,6,LS-16945,105,556,4,544.008
1202,CA-2023-114727,2023-07-18,2023-07-24,6,LS-16945,816,556,4,1.872
1203,CA-2023-114727,2023-07-18,2023-07-24,6,LS-16945,98,556,4,854.352
1204,CA-2023-114727,2023-07-18,2023-07-24,6,LS-16945,1409,556,4,593.568
1205,CA-2023-114727,2023-07-18,2023-07-24,6,LS-16945,1362,556,4,338.04
4730,CA-2023-124681,2023-07-18,2023-07-23,5,SV-20935,1605,141,3,15.576
1842,CA-2023-157763,2023-07-18,2023-07-23,5,KH-16330,109,379,4,140.81
3661,CA-2023-161676,2023-07-18,2023-07-23,5,JP-15460,1464,453,4,33.8
6848,CA-2023-162110,2023-07-18,2023-07-22,4,NP-18670,1888,456,4,55.992
7278,CA-2023-157217,2023-07-19,2023-07-21,2,TC-21535,1771,529,2,35.984
7279,CA-2023-157217,2023-07-19,2023-07-21,2,TC-21535,1528,529,2,389.97
5985,CA-2023-163776,2023-07-19,2023-07-25,6,JS-16030,148,393,4,185.58
5986,CA-2023-163776,2023-07-19,2023-07-25,6,JS-16030,806,393,4,77.56
5987,CA-2023-163776,2023-07-19,2023-07-25,6,JS-16030,1396,393,4,87.92
5988,CA-2023-163776,2023-07-19,2023-07-25,6,JS-16030,1153,393,4,245.94
5989,CA-2023-163776,2023-07-19,2023-07-25,6,JS-16030,697,393,4,8.6
5990,CA-2023-163776,2023-07-19,2023-07-25,6,JS-16030,19,393,4,504.9
7987,CA-2023-137939,2023-07-20,2023-07-23,3,PJ-19015,1892,259,3,89.95
5664,CA-2023-141957,2023-07-21,2023-07-21,0,JG-15310,513,292,1,18.656
5665,CA-2023-141957,2023-07-21,2023-07-21,0,JG-15310,834,292,1,11.088
5666,CA-2023-141957,2023-07-21,2023-07-21,0,JG-15310,1407,292,1,66.688
5667,CA-2023-141957,2023-07-21,2023-07-21,0,JG-15310,1355,292,1,99.488
5833,CA-2023-142895,2023-07-21,2023-07-26,5,BP-11290,983,401,4,6.264
5834,CA-2023-142895,2023-07-21,2023-07-26,5,BP-11290,113,401,4,363.92
2071,CA-2023-146521,2023-07-21,2023-07-23,2,CC-12610,747,303,3,1.941
6560,CA-2023-160941,2023-07-21,2023-07-26,5,DK-12835,869,520,4,419.9
6561,CA-2023-160941,2023-07-21,2023-07-26,5,DK-12835,1023,520,4,3.15
8757,CA-2023-114307,2023-07-22,2023-07-26,4,MF-17665,411,213,4,37.68
8758,CA-2023-114307,2023-07-22,2023-07-26,4,MF-17665,1289,213,4,51.84
8759,CA-2023-114307,2023-07-22,2023-07-26,4,MF-17665,227,213,4,27.42
8760,CA-2023-114307,2023-07-22,2023-07-26,4,MF-17665,841,213,4,5.4
1527,CA-2023-122392,2023-07-22,2023-07-27,5,CJ-12010,483,297,4,4.16
1528,CA-2023-122392,2023-07-22,2023-07-27,5,CJ-12010,282,297,4,11.648
5453,CA-2023-140613,2023-07-22,2023-07-29,7,KN-16705,1465,582,4,86.2
1117,CA-2023-144855,2023-07-22,2023-07-24,2,DL-13495,1023,529,3,6.3
4441,US-2023-111290,2023-07-22,2023-07-26,4,DK-13375,1594,86,4,109.95
4442,US-2023-111290,2023-07-22,2023-07-26,4,DK-13375,1360,86,4,965.85
4443,US-2023-111290,2023-07-22,2023-07-26,4,DK-13375,494,86,4,29.2
4444,US-2023-111290,2023-07-22,2023-07-26,4,DK-13375,1182,86,4,32.4
8705,CA-2023-111318,2023-07-23,2023-07-26,3,IL-15100,1770,154,2,115.136
7072,CA-2023-112256,2023-07-23,2023-07-28,5,CK-12205,590,164,4,4.448
7073,CA-2023-112256,2023-07-23,2023-07-28,5,CK-12205,1306,164,4,5.184
7074,CA-2023-112256,2023-07-23,2023-07-28,5,CK-12205,510,164,4,175.92
7075,CA-2023-112256,2023-07-23,2023-07-28,5,CK-12205,823,164,4,4.752
7076,CA-2023-112256,2023-07-23,2023-07-28,5,CK-12205,1448,164,4,13.344
4237,CA-2023-162404,2023-07-23,2023-07-27,4,NF-18475,748,29,4,11.416
834,CA-2023-165316,2023-07-23,2023-07-27,4,JB-15400,514,367,4,35.216
835,CA-2023-165316,2023-07-23,2023-07-27,4,JB-15400,448,367,4,23.696
836,CA-2023-165316,2023-07-23,2023-07-27,4,JB-15400,1703,367,4,265.475
8741,CA-2023-102498,2023-07-24,2023-07-25,1,JG-15160,612,389,2,73.2
6762,CA-2023-162943,2023-07-24,2023-07-26,2,DB-12970,120,265,3,253.764
3106,CA-2023-103037,2023-07-25,2023-07-29,4,KH-16630,982,155,4,15.712
3579,CA-2023-104157,2023-07-25,2023-07-29,4,MT-17815,1321,394,4,7.89
3580,CA-2023-104157,2023-07-25,2023-07-29,4,MT-17815,1038,394,4,65.5
3581,CA-2023-104157,2023-07-25,2023-07-29,4,MT-17815,378,394,4,2430.08
2156,CA-2023-111115,2023-07-25,2023-07-27,2,LB-16735,933,496,3,21.48
3010,CA-2023-115525,2023-07-25,2023-07-29,4,RR-19525,480,295,4,243.88
497,CA-2023-126158,2023-07-25,2023-07-31,6,SC-20095,719,474,4,119.616
498,CA-2023-126158,2023-07-25,2023-07-31,6,SC-20095,265,474,4,255.76
499,CA-2023-126158,2023-07-25,2023-07-31,6,SC-20095,52,474,4,241.568
500,CA-2023-126158,2023-07-25,2023-07-31,6,SC-20095,183,474,4,69.3
5446,CA-2023-128307,2023-07-25,2023-07-29,4,BE-11335,892,154,4,20.936
1987,CA-2023-147417,2023-07-25,2023-07-27,2,CB-12415,1638,278,2,1439.976
8309,CA-2023-149335,2023-07-25,2023-07-25,0,BC-11125,575,530,1,37.17
5244,CA-2023-149454,2023-07-25,2023-07-26,1,KM-16375,673,437,2,10.44
8632,CA-2023-107783,2023-07-28,2023-07-29,1,OT-18730,39,299,2,177.45
8633,CA-2023-107783,2023-07-28,2023-07-29,1,OT-18730,744,299,2,1369.764
8634,CA-2023-107783,2023-07-28,2023-07-29,1,OT-18730,463,299,2,9.48
6927,CA-2023-140046,2023-07-28,2023-08-03,6,KM-16660,984,496,4,18.9
5679,CA-2023-143924,2023-07-28,2023-08-03,6,SC-20680,941,72,4,20.44
5680,CA-2023-143924,2023-07-28,2023-08-03,6,SC-20680,1148,72,4,109.92
9592,US-2023-105452,2023-07-28,2023-08-01,4,BF-11005,221,168,4,24.7
9593,US-2023-105452,2023-07-28,2023-08-01,4,BF-11005,309,168,4,302.72
3445,CA-2023-116344,2023-07-29,2023-08-02,4,JO-15145,1368,304,4,84.784
8649,CA-2023-164574,2023-07-29,2023-08-03,5,RH-19555,1354,400,4,704.76
8650,CA-2023-164574,2023-07-29,2023-08-03,5,RH-19555,804,400,4,27.396
4879,US-2023-131891,2023-07-29,2023-07-31,2,PW-19240,704,358,2,2.214
2174,CA-2023-112025,2023-07-30,2023-08-04,5,LS-16975,771,155,4,9.264
7908,CA-2023-112585,2023-07-30,2023-08-02,3,RW-19630,464,530,2,715.64
7455,CA-2023-137743,2023-07-30,2023-08-04,5,KH-16360,987,9,4,9.248
7456,CA-2023-137743,2023-07-30,2023-08-04,5,KH-16360,1429,9,4,1036.624
4672,CA-2023-133550,2023-07-31,2023-08-06,6,KL-16645,456,68,4,283.14
4673,CA-2023-133550,2023-07-31,2023-08-06,6,KL-16645,1754,68,4,635.96
4674,CA-2023-133550,2023-07-31,2023-08-06,6,KL-16645,1843,68,4,118.99
4675,CA-2023-133550,2023-07-31,2023-08-06,6,KL-16645,206,68,4,272.94
8168,CA-2023-144148,2023-07-31,2023-08-05,5,AH-10690,375,530,4,863.128
9155,CA-2023-132990,2023-08-01,2023-08-03,2,KM-16660,200,304,3,19.312
7102,CA-2023-144337,2023-08-01,2023-08-05,4,SG-20890,1052,126,3,19.648
7770,CA-2023-155978,2023-08-01,2023-08-01,0,TS-21205,1725,519,1,1039.728
7771,CA-2023-155978,2023-08-01,2023-08-01,0,TS-21205,409,519,1,45.96
5245,CA-2023-156265,2023-08-02,2023-08-04,2,BF-11020,333,496,3,136.464
5246,CA-2023-156265,2023-08-02,2023-08-04,2,BF-11020,1809,496,3,333.576
5247,CA-2023-156265,2023-08-02,2023-08-04,2,BF-11020,858,496,3,12.544
6158,CA-2023-104150,2023-08-03,2023-08-05,2,AG-10330,908,120,3,81.54
6159,CA-2023-104150,2023-08-03,2023-08-05,2,AG-10330,1616,120,3,167.28
1764,CA-2023-110254,2023-08-04,2023-08-08,4,ML-17755,1444,446,4,35.06
1765,CA-2023-110254,2023-08-04,2023-08-08,4,ML-17755,963,446,4,4.13
1766,CA-2023-110254,2023-08-04,2023-08-08,4,ML-17755,150,446,4,109.8
1767,CA-2023-110254,2023-08-04,2023-08-08,4,ML-17755,965,446,4,9.82
4086,CA-2023-111913,2023-08-04,2023-08-06,2,LC-16930,1797,521,3,302.384
4087,CA-2023-111913,2023-08-04,2023-08-06,2,LC-16930,849,521,3,20.952
4088,CA-2023-111913,2023-08-04,2023-08-06,2,LC-16930,807,521,3,11.784
2688,US-2023-128195,2023-08-04,2023-08-05,1,RA-19285,789,27,2,3.98
9490,US-2023-102232,2023-08-05,2023-08-11,6,MF-17665,524,318,4,197.05
9511,CA-2023-105263,2023-08-06,2023-08-11,5,LM-17065,537,264,4,38.34
5943,CA-2023-151092,2023-08-06,2023-08-13,7,VG-21790,1826,496,4,211.168
3447,CA-2023-158869,2023-08-06,2023-08-07,1,AH-10690,1054,264,2,70.88
6583,CA-2023-148516,2023-08-07,2023-08-11,4,DW-13585,1549,614,4,179.97
3497,CA-2023-107328,2023-08-08,2023-08-15,7,CA-12055,353,497,4,513.024
3498,CA-2023-107328,2023-08-08,2023-08-15,7,CA-12055,467,497,4,487.92
3499,CA-2023-107328,2023-08-08,2023-08-15,7,CA-12055,658,497,4,15.24
1800,CA-2023-121034,2023-08-08,2023-08-10,2,JF-15565,935,140,3,11.168
1801,CA-2023-121034,2023-08-08,2023-08-10,2,JF-15565,1073,140,3,53.952
5257,CA-2023-130078,2023-08-08,2023-08-14,6,CC-12145,1220,119,4,10.56
3196,CA-2023-169026,2023-08-08,2023-08-13,5,CM-12655,926,394,4,23.34
9160,CA-2023-118934,2023-08-09,2023-08-14,5,GH-14410,829,427,4,4.338
9161,CA-2023-118934,2023-08-09,2023-08-14,5,GH-14410,680,427,4,11.88
3517,US-2023-113649,2023-08-09,2023-08-12,3,HA-14920,1258,403,2,30.816
3518,US-2023-113649,2023-08-09,2023-08-12,3,HA-14920,1724,403,2,44.784
3519,US-2023-113649,2023-08-09,2023-08-12,3,HA-14920,472,403,2,569.536
8306,CA-2023-128671,2023-08-11,2023-08-16,5,MT-18070,1274,120,4,32.4
8307,CA-2023-128671,2023-08-11,2023-08-16,5,MT-18070,685,120,4,41.86
8308,CA-2023-128671,2023-08-11,2023-08-16,5,MT-18070,806,120,4,77.56
9403,CA-2023-105459,2023-08-12,2023-08-17,5,NP-18700,358,264,3,209.148
9404,CA-2023-105459,2023-08-12,2023-08-17,5,NP-18700,1430,264,3,1591.02
8137,CA-2023-118073,2023-08-12,2023-08-16,4,CS-12490,328,346,4,562.2925
4646,CA-2023-143910,2023-08-12,2023-08-16,4,BC-11125,70,263,4,145.764
2573,CA-2023-155845,2023-08-12,2023-08-15,3,CM-12235,1547,134,3,1399.944
1087,CA-2023-167584,2023-08-12,2023-08-12,0,LC-16870,1298,53,1,6.48
9717,US-2023-144477,2023-08-12,2023-08-14,2,DB-13270,513,303,3,37.312
7925,CA-2023-125843,2023-08-13,2023-08-16,3,RF-19840,686,445,2,22.32
7926,CA-2023-125843,2023-08-13,2023-08-16,3,RF-19840,957,445,2,103.6
1747,CA-2023-155670,2023-08-13,2023-08-17,4,EM-14065,668,409,3,11.232
1748,CA-2023-155670,2023-08-13,2023-08-17,4,EM-14065,1059,409,3,10.272
3763,CA-2023-156251,2023-08-13,2023-08-18,5,TS-21160,31,194,3,241.96
3764,CA-2023-156251,2023-08-13,2023-08-18,5,TS-21160,700,194,3,8.52
8876,US-2023-141264,2023-08-13,2023-08-19,6,CT-11995,1475,158,4,185.376
8877,US-2023-141264,2023-08-13,2023-08-19,6,CT-11995,385,158,4,58.924
6021,US-2023-156692,2023-08-13,2023-08-13,0,HG-15025,478,388,1,17.34
6022,US-2023-156692,2023-08-13,2023-08-13,0,HG-15025,1613,388,1,71.98
7049,CA-2023-119515,2023-08-14,2023-08-16,2,TR-21325,1271,434,2,15.552
5380,CA-2023-136021,2023-08-14,2023-08-18,4,JM-15580,1043,498,4,15.54
5381,CA-2023-136021,2023-08-14,2023-08-18,4,JM-15580,1698,498,4,105.552
8691,CA-2023-136770,2023-08-14,2023-08-18,4,SP-20650,1741,274,4,259.896
8692,CA-2023-136770,2023-08-14,2023-08-18,4,SP-20650,1839,274,4,247.188
8693,CA-2023-136770,2023-08-14,2023-08-18,4,SP-20650,1530,274,4,279.96
2555,CA-2023-118626,2023-08-15,2023-08-20,5,JC-15775,1773,365,4,705.544
2858,CA-2023-154690,2023-08-15,2023-08-17,2,CC-12370,109,403,3,225.296
1088,CA-2023-166163,2023-08-15,2023-08-20,5,CY-12745,1807,507,3,71.976
1089,CA-2023-166163,2023-08-15,2023-08-20,5,CY-12745,976,507,3,3.15
8895,CA-2023-167241,2023-08-15,2023-08-22,7,BD-11320,275,494,4,312.03
8896,CA-2023-167241,2023-08-15,2023-08-22,7,BD-11320,1383,494,4,17.94
8897,CA-2023-167241,2023-08-15,2023-08-22,7,BD-11320,1710,494,4,165.6
8898,CA-2023-167241,2023-08-15,2023-08-22,7,BD-11320,1087,494,4,37.52
637,US-2023-123470,2023-08-15,2023-08-21,6,ME-17725,805,552,4,18.882
638,US-2023-123470,2023-08-15,2023-08-21,6,ME-17725,482,552,4,122.328
7889,CA-2023-113117,2023-08-16,2023-08-22,6,JP-15520,1195,476,4,32.4
6134,CA-2023-148096,2023-08-16,2023-08-19,3,AO-10810,332,498,2,161.28
2659,CA-2023-150343,2023-08-16,2023-08-20,4,PK-19075,875,529,4,10.86
3350,US-2023-157308,2023-08-17,2023-08-21,4,NM-18520,664,624,4,15.712
6056,CA-2023-113551,2023-08-18,2023-08-20,2,NF-18385,777,144,2,2.068
6057,CA-2023-113551,2023-08-18,2023-08-20,2,NF-18385,1038,144,2,83.84
9125,CA-2023-128916,2023-08-18,2023-08-20,2,MA-17560,301,155,3,9.552
9126,CA-2023-128916,2023-08-18,2023-08-20,2,MA-17560,289,155,3,5.344
803,CA-2023-136133,2023-08-18,2023-08-23,5,HW-14935,402,264,3,355.32
2956,CA-2023-153353,2023-08-18,2023-08-24,6,GG-14650,1764,265,4,39.99
7096,CA-2023-101980,2023-08-19,2023-08-20,1,RP-19390,826,262,2,146.688
7097,CA-2023-101980,2023-08-19,2023-08-20,1,RP-19390,782,262,2,276.784
7098,CA-2023-101980,2023-08-19,2023-08-20,1,RP-19390,711,262,2,25.32
1902,CA-2023-151141,2023-08-20,2023-08-23,3,DW-13480,1857,68,2,14.78
5312,CA-2023-123414,2023-08-21,2023-08-27,6,SU-20665,978,407,4,9.216
5313,CA-2023-123414,2023-08-21,2023-08-27,6,SU-20665,1444,407,4,28.048
8831,CA-2023-167983,2023-08-21,2023-08-24,3,RP-19270,681,625,3,33.44
6865,US-2023-126452,2023-08-21,2023-08-28,7,SC-20230,680,494,4,12.672
6866,US-2023-126452,2023-08-21,2023-08-28,7,SC-20230,1802,494,4,91.96
6867,US-2023-126452,2023-08-21,2023-08-28,7,SC-20230,1548,494,4,254.97
6868,US-2023-126452,2023-08-21,2023-08-28,7,SC-20230,1723,494,4,31.984
6869,US-2023-126452,2023-08-21,2023-08-28,7,SC-20230,346,494,4,2887.056
6870,US-2023-126452,2023-08-21,2023-08-28,7,SC-20230,1266,494,4,12.96
6871,US-2023-126452,2023-08-21,2023-08-28,7,SC-20230,1191,494,4,47.52
5630,US-2023-146066,2023-08-21,2023-08-23,2,RB-19465,371,305,3,815.292
4900,CA-2023-130484,2023-08-22,2023-08-27,5,SG-20470,745,591,4,26.352
655,CA-2023-137239,2023-08-22,2023-08-28,6,CR-12730,481,278,4,113.552
656,CA-2023-137239,2023-08-22,2023-08-28,6,CR-12730,679,278,4,3.318
657,CA-2023-137239,2023-08-22,2023-08-28,6,CR-12730,868,278,4,134.288
9617,CA-2023-140256,2023-08-22,2023-08-29,7,PW-19030,598,499,4,5.76
7736,US-2023-106313,2023-08-22,2023-08-26,4,DG-13300,1274,624,4,19.44
9023,US-2023-141880,2023-08-22,2023-08-23,1,TC-21475,179,558,2,98.328
4107,US-2023-148334,2023-08-22,2023-08-26,4,DD-13570,766,154,4,4.312
3113,CA-2023-150350,2023-08-23,2023-08-30,7,MS-17770,1682,624,4,837.6
3114,CA-2023-150350,2023-08-23,2023-08-30,7,MS-17770,908,624,4,135.9
3115,CA-2023-150350,2023-08-23,2023-08-30,7,MS-17770,1245,624,4,34.68
3116,CA-2023-150350,2023-08-23,2023-08-30,7,MS-17770,131,624,4,532.704
3117,CA-2023-150350,2023-08-23,2023-08-30,7,MS-17770,394,624,4,43.1
3118,CA-2023-150350,2023-08-23,2023-08-30,7,MS-17770,1456,624,4,15.88
5615,CA-2023-158001,2023-08-23,2023-08-27,4,JP-15460,537,265,4,21.3
5616,CA-2023-158001,2023-08-23,2023-08-27,4,JP-15460,384,265,4,1040.8
5617,CA-2023-158001,2023-08-23,2023-08-27,4,JP-15460,582,265,4,29.34
7988,US-2023-117793,2023-08-23,2023-08-29,6,MA-17560,1019,190,4,25.2
7989,US-2023-117793,2023-08-23,2023-08-29,6,MA-17560,1006,190,4,37.59
7990,US-2023-117793,2023-08-23,2023-08-29,6,MA-17560,1387,190,4,14.97
7991,US-2023-117793,2023-08-23,2023-08-29,6,MA-17560,1556,190,4,1.98
3017,US-2023-160528,2023-08-23,2023-08-30,7,MH-18115,1399,170,4,727.296
3018,US-2023-160528,2023-08-23,2023-08-30,7,MH-18115,247,170,4,22.608
3019,US-2023-160528,2023-08-23,2023-08-30,7,MH-18115,1626,170,4,666.4
993,CA-2023-105585,2023-08-26,2023-08-27,1,RF-19735,922,532,2,10.23
994,CA-2023-105585,2023-08-26,2023-08-27,1,RF-19735,1246,532,2,154.9
7703,CA-2023-114601,2023-08-26,2023-09-02,7,AA-10480,1216,70,4,11.56
7704,CA-2023-114601,2023-08-26,2023-09-02,7,AA-10480,1755,70,4,209.97
7705,CA-2023-114601,2023-08-26,2023-09-02,7,AA-10480,363,70,4,447.84
7706,CA-2023-114601,2023-08-26,2023-09-02,7,AA-10480,1589,70,4,479.97
7707,CA-2023-114601,2023-08-26,2023-09-02,7,AA-10480,586,70,4,8.64
2857,CA-2023-128594,2023-08-26,2023-08-29,3,DJ-13510,86,526,2,1603.136
3932,CA-2023-132094,2023-08-26,2023-09-02,7,VG-21805,508,304,4,5.472
3933,CA-2023-132094,2023-08-26,2023-09-02,7,VG-21805,1539,304,4,47.984
1870,CA-2023-148201,2023-08-26,2023-08-29,3,CC-12145,1195,623,3,6.48
1463,CA-2023-152289,2023-08-26,2023-08-28,2,LC-16930,1533,168,2,159.984
1464,CA-2023-152289,2023-08-26,2023-08-28,2,LC-16930,100,168,2,1024.716
9586,CA-2023-160598,2023-08-26,2023-08-28,2,SV-20815,1209,349,2,31.008
8357,CA-2023-163174,2023-08-26,2023-08-30,4,XP-21865,188,369,4,186.54
4584,US-2023-100405,2023-08-26,2023-08-28,2,TS-21430,605,498,3,8.26
9311,US-2023-102141,2023-08-26,2023-08-31,5,KD-16615,723,264,4,146.688
5447,US-2023-127425,2023-08-26,2023-08-31,5,DR-12880,1867,265,4,33.0
5448,US-2023-127425,2023-08-26,2023-08-31,5,DR-12880,1593,265,4,249.95
6695,US-2023-163538,2023-08-26,2023-08-30,4,SS-20515,1572,184,4,47.97
7252,CA-2023-116764,2023-08-27,2023-09-02,6,EM-13825,972,341,4,9.216
5603,CA-2023-117919,2023-08-27,2023-08-29,2,TB-21355,1390,154,3,14.16
5604,CA-2023-117919,2023-08-27,2023-08-29,2,TB-21355,1099,154,3,79.92
3342,CA-2023-145982,2023-08-27,2023-09-01,5,TB-21055,1181,230,3,122.97
3343,CA-2023-145982,2023-08-27,2023-09-01,5,TB-21055,382,230,3,244.615
3344,CA-2023-145982,2023-08-27,2023-09-01,5,TB-21055,1848,230,3,59.97
3345,CA-2023-145982,2023-08-27,2023-09-01,5,TB-21055,1098,230,3,81.54
3346,CA-2023-145982,2023-08-27,2023-09-01,5,TB-21055,941,230,3,11.68
3347,CA-2023-145982,2023-08-27,2023-09-01,5,TB-21055,838,230,3,29.0
743,US-2023-146710,2023-08-27,2023-09-01,5,SS-20875,1473,142,4,51.52
744,US-2023-146710,2023-08-27,2023-09-01,5,SS-20875,1040,142,4,3.528
745,US-2023-146710,2023-08-27,2023-09-01,5,SS-20875,1226,142,4,4.624
746,US-2023-146710,2023-08-27,2023-09-01,5,SS-20875,1465,142,4,55.168
8426,CA-2023-137652,2023-08-28,2023-08-30,2,EB-13750,774,276,2,18.432
4070,CA-2023-145303,2023-08-28,2023-08-31,3,TP-21415,671,140,2,13.14
4071,CA-2023-145303,2023-08-28,2023-08-31,3,TP-21415,760,140,2,10.024
4072,CA-2023-145303,2023-08-28,2023-08-31,3,TP-21415,43,140,2,156.3728
2692,US-2023-144211,2023-08-28,2023-09-02,5,CS-12130,1127,557,4,15.48
2693,US-2023-144211,2023-08-28,2023-09-02,5,CS-12130,1709,557,4,108.576
1242,CA-2023-128727,2023-08-29,2023-09-04,6,MO-17800,1867,264,4,22.0
100,CA-2023-158568,2023-08-29,2023-09-02,4,RB-19465,1046,8,4,64.624
101,CA-2023-158568,2023-08-29,2023-09-02,4,RB-19465,1610,8,4,95.976
102,CA-2023-158568,2023-08-29,2023-09-02,4,RB-19465,688,8,4,1.788
4684,CA-2023-159912,2023-08-29,2023-09-03,5,GB-14530,332,302,4,241.92
4685,CA-2023-159912,2023-08-29,2023-09-03,5,GB-14530,27,302,4,163.88
4686,CA-2023-159912,2023-08-29,2023-09-03,5,GB-14530,727,302,4,3.486
4687,CA-2023-159912,2023-08-29,2023-09-03,5,GB-14530,939,302,4,10.584
1176,CA-2023-161207,2023-08-29,2023-09-03,5,AB-10060,1449,232,4,27.93
6337,CA-2023-165995,2023-08-30,2023-09-06,7,BG-11740,235,495,4,47.04
6338,CA-2023-165995,2023-08-30,2023-09-06,7,BG-11740,1825,495,4,339.96
327,US-2023-141544,2023-08-30,2023-09-01,2,PO-18850,1717,305,2,290.898
328,US-2023-141544,2023-08-30,2023-09-01,2,PO-18850,1366,305,2,54.224
329,US-2023-141544,2023-08-30,2023-09-01,2,PO-18850,95,305,2,786.744
330,US-2023-141544,2023-08-30,2023-09-01,2,PO-18850,1020,305,2,100.24
331,US-2023-141544,2023-08-30,2023-09-01,2,PO-18850,755,305,2,37.764
5774,CA-2023-117408,2023-08-31,2023-09-06,6,TP-21130,1424,181,4,23.968
6983,CA-2023-116526,2023-09-01,2023-09-05,4,JA-15970,854,69,4,24.1
6984,CA-2023-116526,2023-09-01,2023-09-05,4,JA-15970,1733,69,4,8.78
6985,CA-2023-116526,2023-09-01,2023-09-05,4,JA-15970,428,69,4,376.74
6986,CA-2023-116526,2023-09-01,2023-09-05,4,JA-15970,751,69,4,29.52
6987,CA-2023-116526,2023-09-01,2023-09-05,4,JA-15970,564,69,4,11.96
6988,CA-2023-116526,2023-09-01,2023-09-05,4,JA-15970,834,69,4,26.4
963,CA-2023-120859,2023-09-01,2023-09-04,3,CV-12805,912,529,2,21.88
7482,CA-2023-124583,2023-09-01,2023-09-03,2,LB-16795,877,484,3,12.78
350,CA-2023-129714,2023-09-01,2023-09-03,2,AB-10060,1602,262,2,6.79
351,CA-2023-129714,2023-09-01,2023-09-03,2,AB-10060,1140,262,2,24.56
352,CA-2023-129714,2023-09-01,2023-09-03,2,AB-10060,658,262,2,3.048
353,CA-2023-129714,2023-09-01,2023-09-03,2,AB-10060,1140,262,2,49.12
354,CA-2023-129714,2023-09-01,2023-09-03,2,AB-10060,739,262,2,4355.168
6077,CA-2023-151561,2023-09-01,2023-09-07,6,PG-18820,1491,263,4,468.9
6078,CA-2023-151561,2023-09-01,2023-09-07,6,PG-18820,1579,263,4,72.48
6079,CA-2023-151561,2023-09-01,2023-09-07,6,PG-18820,1462,263,4,10.95
6080,CA-2023-151561,2023-09-01,2023-09-07,6,PG-18820,265,263,4,191.82
2143,CA-2023-155481,2023-09-01,2023-09-05,4,DK-13225,1113,304,4,30.48
2144,CA-2023-155481,2023-09-01,2023-09-05,4,DK-13225,1721,304,4,23.988
2145,CA-2023-155481,2023-09-01,2023-09-05,4,DK-13225,944,304,4,16.688
9069,CA-2023-106278,2023-09-02,2023-09-05,3,BM-11140,77,613,3,215.976
9070,CA-2023-106278,2023-09-02,2023-09-05,3,BM-11140,879,613,3,65.94
7078,CA-2023-106950,2023-09-02,2023-09-06,4,JE-15715,780,400,4,22.911
7079,CA-2023-106950,2023-09-02,2023-09-06,4,JE-15715,412,400,4,309.456
7080,CA-2023-106950,2023-09-02,2023-09-06,4,JE-15715,646,400,4,19.456
7081,CA-2023-106950,2023-09-02,2023-09-06,4,JE-15715,369,400,4,472.518
7082,CA-2023-106950,2023-09-02,2023-09-06,4,JE-15715,1597,400,4,1012.68
7083,CA-2023-106950,2023-09-02,2023-09-06,4,JE-15715,752,400,4,17.22
8679,CA-2023-112739,2023-09-02,2023-09-07,5,RD-19810,660,155,3,8.608
8680,CA-2023-112739,2023-09-02,2023-09-07,5,RD-19810,1551,155,3,159.56
5429,CA-2023-113096,2023-09-02,2023-09-04,2,SZ-20035,1425,530,2,46.53
3416,CA-2023-116540,2023-09-02,2023-09-02,0,SS-20590,931,188,1,1.81
3417,CA-2023-116540,2023-09-02,2023-09-02,0,SS-20590,649,188,1,8.26
9233,CA-2023-126732,2023-09-02,2023-09-06,4,LR-16915,322,497,4,94.68
9234,CA-2023-126732,2023-09-02,2023-09-06,4,LR-16915,1321,497,4,23.67
9235,CA-2023-126732,2023-09-02,2023-09-06,4,LR-16915,1750,497,4,1091.168
9236,CA-2023-126732,2023-09-02,2023-09-06,4,LR-16915,509,497,4,18.69
9237,CA-2023-126732,2023-09-02,2023-09-06,4,LR-16915,357,497,4,568.728
9238,CA-2023-126732,2023-09-02,2023-09-06,4,LR-16915,820,497,4,7.312
6937,CA-2023-129847,2023-09-02,2023-09-04,2,TA-21385,184,10,2,84.272
1408,CA-2023-130407,2023-09-02,2023-09-06,4,KD-16270,608,264,4,75.48
1409,CA-2023-130407,2023-09-02,2023-09-06,4,KD-16270,303,264,4,39.98
6763,CA-2023-144764,2023-09-02,2023-09-08,6,RL-19615,1021,9,4,29.24
6764,CA-2023-144764,2023-09-02,2023-09-08,6,RL-19615,1396,9,4,35.168
6765,CA-2023-144764,2023-09-02,2023-09-08,6,RL-19615,1684,9,4,1362.9
8179,CA-2023-166429,2023-09-02,2023-09-08,6,TG-21310,1637,613,4,999.98
2283,CA-2023-132143,2023-09-03,2023-09-05,2,FM-14215,1031,200,2,48.16
8660,CA-2023-153185,2023-09-03,2023-09-08,5,MH-17620,1127,276,4,30.96
870,CA-2023-158099,2023-09-03,2023-09-05,2,PK-18910,744,305,2,1141.47
871,CA-2023-158099,2023-09-03,2023-09-05,2,PK-18910,1746,305,2,280.782
2160,CA-2023-159737,2023-09-03,2023-09-09,6,CS-11950,857,8,4,8.808
2772,CA-2023-163986,2023-09-03,2023-09-10,7,JJ-15445,1332,192,4,54.5
1382,US-2023-100566,2023-09-03,2023-09-09,6,JK-16120,304,2,4,83.952
5354,US-2023-101616,2023-09-03,2023-09-06,3,CY-12745,780,391,2,87.28
7563,US-2023-104815,2023-09-03,2023-09-07,4,RB-19570,40,8,4,198.744
6779,US-2023-147711,2023-09-03,2023-09-08,5,HF-14995,43,211,3,344.94
6780,US-2023-147711,2023-09-03,2023-09-08,5,HF-14995,216,211,3,14.76
6781,US-2023-147711,2023-09-03,2023-09-08,5,HF-14995,655,211,3,12.76
6782,US-2023-147711,2023-09-03,2023-09-08,5,HF-14995,974,211,3,58.48
9602,CA-2023-117604,2023-09-04,2023-09-09,5,JP-15520,1145,325,4,239.5
5331,CA-2023-123120,2023-09-04,2023-09-08,4,CV-12295,266,263,4,63.94
5332,CA-2023-123120,2023-09-04,2023-09-08,4,CV-12295,802,263,4,60.6
5333,CA-2023-123120,2023-09-04,2023-09-08,4,CV-12295,1455,263,4,22.72
6037,CA-2023-131205,2023-09-04,2023-09-08,4,AA-10645,157,381,4,42.6
6038,CA-2023-131205,2023-09-04,2023-09-08,4,AA-10645,803,381,4,113.94
6039,CA-2023-131205,2023-09-04,2023-09-08,4,AA-10645,1356,381,4,129.92
6040,CA-2023-131205,2023-09-04,2023-09-08,4,AA-10645,606,381,4,5.28
9073,CA-2023-142524,2023-09-04,2023-09-08,4,MB-18085,904,108,4,16.56
9074,CA-2023-142524,2023-09-04,2023-09-08,4,MB-18085,1615,108,4,279.95
5807,CA-2023-149783,2023-09-04,2023-09-07,3,DL-13315,1085,430,3,12.192
5808,CA-2023-149783,2023-09-04,2023-09-07,3,DL-13315,400,430,3,87.168
5809,CA-2023-149783,2023-09-04,2023-09-07,3,DL-13315,620,430,3,31.744
8737,CA-2023-168774,2023-09-04,2023-09-09,5,RP-19855,1371,99,4,535.41
3788,CA-2023-169971,2023-09-04,2023-09-09,5,IL-15100,546,154,4,3.912
3789,CA-2023-169971,2023-09-04,2023-09-09,5,IL-15100,501,154,4,62.376
141,CA-2023-110366,2023-09-05,2023-09-07,2,JD-15895,264,304,3,82.8
441,CA-2023-115756,2023-09-05,2023-09-07,2,PK-19075,151,69,3,12.22
442,CA-2023-115756,2023-09-05,2023-09-07,2,PK-19075,1349,69,3,194.94
443,CA-2023-115756,2023-09-05,2023-09-07,2,PK-19075,1343,69,3,70.95
444,CA-2023-115756,2023-09-05,2023-09-07,2,PK-19075,1310,69,3,91.36
445,CA-2023-115756,2023-09-05,2023-09-07,2,PK-19075,125,69,3,242.94
446,CA-2023-115756,2023-09-05,2023-09-07,2,PK-19075,1012,69,3,22.05
5880,CA-2023-133319,2023-09-05,2023-09-11,6,MV-17485,1144,263,4,192.16
3874,CA-2023-136231,2023-09-05,2023-09-07,2,DM-13015,898,429,3,23.472
3875,CA-2023-136231,2023-09-05,2023-09-07,2,DM-13015,850,429,3,86.058
3876,CA-2023-136231,2023-09-05,2023-09-07,2,DM-13015,1812,429,3,108.784
3877,CA-2023-136231,2023-09-05,2023-09-07,2,DM-13015,1238,429,3,10.272
7550,CA-2023-136595,2023-09-05,2023-09-07,2,EM-13825,236,153,2,21.204
3524,CA-2023-137673,2023-09-05,2023-09-10,5,ML-17395,1495,527,4,116.0
9142,CA-2023-139409,2023-09-05,2023-09-07,2,FW-14395,1787,263,2,43.6
1795,CA-2023-140774,2023-09-05,2023-09-10,5,BE-11455,611,61,4,107.94
4615,CA-2023-144540,2023-09-05,2023-09-10,5,GH-14410,428,155,4,62.79
4616,CA-2023-144540,2023-09-05,2023-09-10,5,GH-14410,918,155,4,28.44
5382,CA-2023-149195,2023-09-05,2023-09-07,2,DM-13525,1274,155,3,25.92
5383,CA-2023-149195,2023-09-05,2023-09-07,2,DM-13525,943,155,3,15.808
5384,CA-2023-149195,2023-09-05,2023-09-07,2,DM-13525,1194,155,3,10.368
4945,CA-2023-151372,2023-09-05,2023-09-06,1,JH-15985,1029,517,2,96.08
4946,CA-2023-151372,2023-09-05,2023-09-06,1,JH-15985,671,517,2,11.68
4947,CA-2023-151372,2023-09-05,2023-09-06,1,JH-15985,920,517,2,4.36
3617,CA-2023-154536,2023-09-05,2023-09-09,4,JC-15340,708,302,4,9.555
7591,CA-2023-158778,2023-09-05,2023-09-09,4,DB-13210,145,303,4,58.248
7592,CA-2023-158778,2023-09-05,2023-09-09,4,DB-13210,85,303,4,71.246
7593,CA-2023-158778,2023-09-05,2023-09-09,4,DB-13210,579,303,4,7.872
7594,CA-2023-158778,2023-09-05,2023-09-09,4,DB-13210,56,303,4,887.271
1281,CA-2023-160815,2023-09-05,2023-09-06,1,TR-21325,1766,52,2,278.4
7522,CA-2023-162383,2023-09-05,2023-09-11,6,MD-17350,813,287,4,8.952
7523,CA-2023-162383,2023-09-05,2023-09-11,6,MD-17350,810,287,4,8.856
7524,CA-2023-162383,2023-09-05,2023-09-11,6,MD-17350,81,287,4,85.246
7071,CA-2023-164490,2023-09-05,2023-09-10,5,SU-20665,1226,10,3,9.248
6876,US-2023-121013,2023-09-05,2023-09-10,5,MM-17920,990,439,4,25.06
6877,US-2023-121013,2023-09-05,2023-09-10,5,MM-17920,354,439,4,1652.94
3145,US-2023-148110,2023-09-05,2023-09-11,6,AR-10825,138,128,4,347.802
6777,US-2023-152373,2023-09-05,2023-09-11,6,PT-19090,1339,176,4,93.456
1042,CA-2023-102981,2023-09-06,2023-09-09,3,MO-17500,1557,265,3,31.86
1043,CA-2023-102981,2023-09-06,2023-09-09,3,MO-17500,4,265,3,722.352
5352,CA-2023-123932,2023-09-06,2023-09-12,6,YC-21895,1038,141,4,41.92
5353,CA-2023-123932,2023-09-06,2023-09-12,6,YC-21895,1713,141,4,329.584
2686,CA-2023-133123,2023-09-06,2023-09-11,5,KB-16315,871,412,4,95.952
2687,CA-2023-133123,2023-09-06,2023-09-11,5,KB-16315,809,412,4,3.204
4514,CA-2023-145240,2023-09-06,2023-09-08,2,BG-11740,1427,155,2,10.784
99,CA-2023-149223,2023-09-06,2023-09-11,5,ER-13855,435,98,4,77.88
7464,CA-2023-103709,2023-09-08,2023-09-15,7,LP-17095,543,546,4,14.88
7465,CA-2023-103709,2023-09-08,2023-09-15,7,LP-17095,1162,546,4,34.24
7466,CA-2023-103709,2023-09-08,2023-09-15,7,LP-17095,1378,546,4,261.74
4393,CA-2023-108868,2023-09-08,2023-09-12,4,KB-16585,510,140,4,70.368
4394,CA-2023-108868,2023-09-08,2023-09-12,4,KB-16585,1734,140,4,59.96
399,CA-2023-108987,2023-09-08,2023-09-10,2,AG-10675,1424,153,3,35.952
400,CA-2023-108987,2023-09-08,2023-09-10,2,AG-10675,36,153,3,2396.2656
401,CA-2023-108987,2023-09-08,2023-09-10,2,AG-10675,1331,153,3,131.136
402,CA-2023-108987,2023-09-08,2023-09-10,2,AG-10675,1613,153,3,57.584
7401,CA-2023-110009,2023-09-08,2023-09-13,5,TR-21325,257,623,4,43.13
7402,CA-2023-110009,2023-09-08,2023-09-13,5,TR-21325,1040,623,4,30.87
2027,CA-2023-113516,2023-09-08,2023-09-10,2,VM-21685,821,492,3,33.024
2028,CA-2023-113516,2023-09-08,2023-09-10,2,VM-21685,805,492,3,67.136
3005,CA-2023-131499,2023-09-08,2023-09-10,2,MG-17875,473,263,2,207.48
6834,CA-2023-153101,2023-09-08,2023-09-08,0,PJ-19015,376,535,1,146.04
5083,CA-2023-155138,2023-09-08,2023-09-12,4,JM-15580,1570,410,4,35.168
5084,CA-2023-155138,2023-09-08,2023-09-12,4,JM-15580,1082,410,4,64.704
2544,US-2023-114174,2023-09-08,2023-09-14,6,AP-10720,13,227,4,173.94
2545,US-2023-114174,2023-09-08,2023-09-14,6,AP-10720,1011,227,4,14.76
2591,US-2023-115455,2023-09-08,2023-09-14,6,SE-20110,236,34,4,14.136
2592,US-2023-115455,2023-09-08,2023-09-14,6,SE-20110,346,34,4,601.47
992,CA-2023-110023,2023-09-09,2023-09-11,2,TS-21610,710,264,2,14.624
2995,CA-2023-112893,2023-09-09,2023-09-13,4,AT-10735,832,539,3,55.36
3568,CA-2023-137176,2023-09-09,2023-09-14,5,DB-12910,214,142,3,15.008
6707,CA-2023-112277,2023-09-10,2023-09-15,5,SC-20695,1766,339,4,519.68
9086,CA-2023-126102,2023-09-10,2023-09-12,2,DV-13465,782,499,3,276.784
2494,CA-2023-146206,2023-09-10,2023-09-14,4,KT-16480,373,156,3,300.93
2495,CA-2023-146206,2023-09-10,2023-09-14,4,KT-16480,1845,156,3,719.96
2206,CA-2023-164350,2023-09-10,2023-09-12,2,CG-12040,524,422,3,67.56
8615,CA-2023-165918,2023-09-10,2023-09-14,4,BD-11770,975,614,4,7.38
8616,CA-2023-165918,2023-09-10,2023-09-14,4,BD-11770,823,614,4,14.256
8617,CA-2023-165918,2023-09-10,2023-09-14,4,BD-11770,1210,614,4,81.98
8618,CA-2023-165918,2023-09-10,2023-09-14,4,BD-11770,795,614,4,39.624
1619,US-2023-118780,2023-09-10,2023-09-14,4,PN-18775,1313,263,3,59.48
1620,US-2023-118780,2023-09-10,2023-09-14,4,PN-18775,1132,263,3,6.69
4640,CA-2023-102162,2023-09-11,2023-09-16,5,JF-15565,1631,442,4,1599.92
4641,CA-2023-102162,2023-09-11,2023-09-16,5,JF-15565,861,442,4,11.09
5240,CA-2023-116561,2023-09-11,2023-09-17,6,EB-14110,1423,532,4,332.94
5241,CA-2023-116561,2023-09-11,2023-09-17,6,EB-14110,767,532,4,39.872
613,CA-2023-121223,2023-09-11,2023-09-13,2,GD-14590,1239,305,3,8.448
614,CA-2023-121223,2023-09-11,2023-09-13,2,GD-14590,1740,305,3,728.946
7208,CA-2023-143476,2023-09-11,2023-09-13,2,LC-16930,530,456,2,2.912
7209,CA-2023-143476,2023-09-11,2023-09-13,2,LC-16930,1243,456,2,20.736
7210,CA-2023-143476,2023-09-11,2023-09-13,2,LC-16930,1065,456,2,9.568
251,CA-2023-145625,2023-09-11,2023-09-17,6,KC-16540,1134,526,4,7.61
252,CA-2023-145625,2023-09-11,2023-09-17,6,KC-16540,1552,526,4,3347.37
6109,CA-2023-150007,2023-09-11,2023-09-16,5,AS-10090,1024,10,4,6.0
6110,CA-2023-150007,2023-09-11,2023-09-16,5,AS-10090,793,10,4,1.908
5414,CA-2023-153157,2023-09-11,2023-09-14,3,TB-21625,1835,63,2,224.75
3594,CA-2023-164154,2023-09-11,2023-09-17,6,NZ-18565,767,295,4,22.428
3595,CA-2023-164154,2023-09-11,2023-09-17,6,NZ-18565,1418,295,4,37.52
8807,CA-2023-113082,2023-09-12,2023-09-16,4,MC-17590,165,271,4,40.48
6842,CA-2023-123946,2023-09-12,2023-09-17,5,AJ-10795,1500,445,4,20.7
6843,CA-2023-123946,2023-09-12,2023-09-17,5,AJ-10795,946,445,4,11.34
6844,CA-2023-123946,2023-09-12,2023-09-17,5,AJ-10795,1397,445,4,67.9
6845,CA-2023-123946,2023-09-12,2023-09-17,5,AJ-10795,108,445,4,1059.12
6725,CA-2023-128811,2023-09-12,2023-09-16,4,SF-20200,935,623,4,10.47
6726,CA-2023-128811,2023-09-12,2023-09-16,4,SF-20200,975,623,4,11.07
6727,CA-2023-128811,2023-09-12,2023-09-16,4,SF-20200,747,623,4,20.704
310,CA-2023-142902,2023-09-12,2023-09-14,2,BP-11185,153,551,3,15.136
311,CA-2023-142902,2023-09-12,2023-09-14,2,BP-11185,96,551,3,466.768
312,CA-2023-142902,2023-09-12,2023-09-14,2,BP-11185,212,551,3,15.232
313,CA-2023-142902,2023-09-12,2023-09-14,2,BP-11185,999,551,3,6.264
8770,CA-2023-151148,2023-09-12,2023-09-13,1,PO-19180,1794,562,1,146.952
8771,CA-2023-151148,2023-09-12,2023-09-13,1,PO-19180,83,562,1,83.136
7253,CA-2023-152457,2023-09-12,2023-09-18,6,SC-20695,1260,80,4,68.52
7380,CA-2023-105732,2023-09-13,2023-09-18,5,AG-10270,1397,112,4,40.74
7381,CA-2023-105732,2023-09-13,2023-09-18,5,AG-10270,978,112,4,14.4
7382,CA-2023-105732,2023-09-13,2023-09-18,5,AG-10270,1738,112,4,149.95
7383,CA-2023-105732,2023-09-13,2023-09-18,5,AG-10270,1464,112,4,16.9
7384,CA-2023-105732,2023-09-13,2023-09-18,5,AG-10270,1114,112,4,17.61
7385,CA-2023-105732,2023-09-13,2023-09-18,5,AG-10270,441,112,4,378.0
7386,CA-2023-105732,2023-09-13,2023-09-18,5,AG-10270,1034,112,4,17.64
7387,CA-2023-105732,2023-09-13,2023-09-18,5,AG-10270,1355,112,4,373.08
7388,CA-2023-105732,2023-09-13,2023-09-18,5,AG-10270,231,112,4,1336.44
7389,CA-2023-105732,2023-09-13,2023-09-18,5,AG-10270,1796,112,4,29.97
9781,CA-2023-153178,2023-09-14,2023-09-18,4,CL-12565,1881,259,4,437.85
9782,CA-2023-153178,2023-09-14,2023-09-18,4,CL-12565,736,259,4,673.568
2554,CA-2023-155439,2023-09-14,2023-09-18,4,PN-18775,1298,415,4,25.92
8783,CA-2023-116911,2023-09-15,2023-09-20,5,JD-16150,687,572,4,20.416
8784,CA-2023-116911,2023-09-15,2023-09-20,5,JD-16150,347,572,4,1128.39
817,CA-2023-149370,2023-09-15,2023-09-19,4,DB-13210,1234,304,4,5.344
925,CA-2023-149797,2023-09-15,2023-09-20,5,AH-10075,737,263,4,841.568
9427,CA-2023-160479,2023-09-15,2023-09-20,5,AH-10585,625,624,4,35.4
4517,US-2023-128678,2023-09-15,2023-09-20,5,RB-19570,1107,624,4,21.4
4518,US-2023-128678,2023-09-15,2023-09-20,5,RB-19570,716,624,4,48.664
7271,CA-2023-123337,2023-09-16,2023-09-22,6,KD-16495,47,532,4,273.666
7272,CA-2023-123337,2023-09-16,2023-09-22,6,KD-16495,425,532,4,17.48
8892,CA-2023-162159,2023-09-16,2023-09-18,2,CR-12625,87,371,2,121.78
6999,US-2023-134369,2023-09-16,2023-09-22,6,BC-11125,1232,488,4,12.96
3720,CA-2023-105900,2023-09-17,2023-09-23,6,BS-11590,631,37,4,33.4
90,CA-2023-109806,2023-09-17,2023-09-22,5,JS-15685,645,497,4,20.1
91,CA-2023-109806,2023-09-17,2023-09-22,5,JS-15685,1829,497,4,73.584
92,CA-2023-109806,2023-09-17,2023-09-22,5,JS-15685,1264,497,4,6.48
3311,CA-2023-111416,2023-09-17,2023-09-22,5,LW-17215,674,265,4,232.4
9090,CA-2023-131093,2023-09-17,2023-09-20,3,TS-21610,1404,294,3,295.4
1508,CA-2023-134208,2023-09-17,2023-09-23,6,CS-12505,1678,371,4,396.0
3249,CA-2023-159730,2023-09-17,2023-09-21,4,SJ-20125,92,623,4,113.888
3250,CA-2023-159730,2023-09-17,2023-09-21,4,SJ-20125,1751,623,4,105.584
2256,CA-2023-164091,2023-09-17,2023-09-22,5,LA-16780,1881,209,4,437.85
2257,CA-2023-164091,2023-09-17,2023-09-22,5,LA-16780,154,209,4,109.48
9449,US-2023-148957,2023-09-17,2023-09-23,6,CC-12430,969,621,4,12.32
9028,US-2023-152415,2023-09-17,2023-09-22,5,PO-18865,155,228,4,14.82
9029,US-2023-152415,2023-09-17,2023-09-22,5,PO-18865,265,228,4,191.82
71,CA-2023-106075,2023-09-18,2023-09-23,5,HM-14980,676,262,4,4.616
9613,CA-2023-110086,2023-09-18,2023-09-22,4,BD-11320,1840,549,4,239.984
4664,CA-2023-111409,2023-09-18,2023-09-22,4,PO-18850,968,343,4,3.0
4347,CA-2023-120355,2023-09-18,2023-09-25,7,MM-17260,75,261,4,631.782
4348,CA-2023-120355,2023-09-18,2023-09-25,7,MM-17260,174,261,4,60.72
5881,CA-2023-133935,2023-09-18,2023-09-22,4,JW-15220,86,527,4,801.568
5882,CA-2023-133935,2023-09-18,2023-09-22,4,JW-15220,1210,527,4,368.91
5883,CA-2023-133935,2023-09-18,2023-09-22,4,JW-15220,71,527,4,885.528
756,CA-2023-140928,2023-09-18,2023-09-22,4,NB-18655,358,343,4,383.438
2014,CA-2023-145905,2023-09-18,2023-09-23,5,AM-10705,128,314,4,350.98
2015,CA-2023-145905,2023-09-18,2023-09-23,5,AM-10705,1100,314,4,13.08
2016,CA-2023-145905,2023-09-18,2023-09-23,5,AM-10705,1432,314,4,900.08
3542,CA-2023-157511,2023-09-18,2023-09-20,2,SV-20365,223,278,2,5.352
3543,CA-2023-157511,2023-09-18,2023-09-20,2,SV-20365,138,278,2,99.372
3544,CA-2023-157511,2023-09-18,2023-09-20,2,SV-20365,545,278,2,2.672
2881,CA-2023-102932,2023-09-19,2023-09-23,4,SD-20485,824,246,3,25.44
2882,CA-2023-102932,2023-09-19,2023-09-23,4,SD-20485,1449,246,3,27.93
4582,CA-2023-120250,2023-09-19,2023-09-22,3,AP-10720,288,304,2,25.632
2118,CA-2023-130267,2023-09-19,2023-09-23,4,SW-20245,1310,539,4,159.88
3718,CA-2023-142370,2023-09-19,2023-09-23,4,TP-21130,1471,371,4,5.04
3719,CA-2023-142370,2023-09-19,2023-09-23,4,TP-21130,1544,371,4,249.95
7166,CA-2023-158610,2023-09-19,2023-09-22,3,CK-12595,1370,309,2,69.52
2021,CA-2023-168354,2023-09-19,2023-09-21,2,RH-19510,1371,309,2,1606.23
2022,CA-2023-168354,2023-09-19,2023-09-21,2,RH-19510,1033,309,2,17.04
2023,CA-2023-168354,2023-09-19,2023-09-21,2,RH-19510,795,309,2,49.53
2024,CA-2023-168354,2023-09-19,2023-09-21,2,RH-19510,114,309,2,872.32
8468,CA-2023-168557,2023-09-19,2023-09-23,4,FH-14275,686,530,4,8.928
4770,US-2023-114888,2023-09-19,2023-09-24,5,CC-12430,713,528,3,11.952
4771,US-2023-114888,2023-09-19,2023-09-24,5,CC-12430,1470,528,3,6.24
658,US-2023-156097,2023-09-19,2023-09-19,0,EH-14125,86,2,1,701.372
659,US-2023-156097,2023-09-19,2023-09-19,0,EH-14125,676,2,1,2.308
3411,CA-2023-100244,2023-09-20,2023-09-24,4,GM-14695,1105,530,4,65.79
3412,CA-2023-100244,2023-09-20,2023-09-24,4,GM-14695,728,530,4,271.984
3413,CA-2023-100244,2023-09-20,2023-09-24,4,GM-14695,595,530,4,11.76
3414,CA-2023-100244,2023-09-20,2023-09-24,4,GM-14695,1209,530,4,77.52
3415,CA-2023-100244,2023-09-20,2023-09-24,4,GM-14695,787,530,4,48.64
8484,CA-2023-126284,2023-09-20,2023-09-24,4,EN-13780,753,71,4,83.7
5606,CA-2023-134516,2023-09-20,2023-09-25,5,FM-14215,180,406,4,17.088
5607,CA-2023-134516,2023-09-20,2023-09-25,5,FM-14215,71,406,4,98.392
8046,CA-2023-145611,2023-09-20,2023-09-24,4,HA-14905,456,265,4,393.25
9281,CA-2023-166772,2023-09-20,2023-09-24,4,HJ-14875,27,624,4,163.88
3621,CA-2023-109743,2023-09-22,2023-09-29,7,SH-19975,503,435,4,40.776
3622,CA-2023-109743,2023-09-22,2023-09-29,7,SH-19975,1830,435,4,63.936
4665,CA-2023-116232,2023-09-22,2023-09-26,4,AC-10450,667,357,4,7.506
4666,CA-2023-116232,2023-09-22,2023-09-26,4,AC-10450,1013,357,4,16.56
9721,CA-2023-119641,2023-09-22,2023-09-26,4,CS-12250,173,185,4,18.96
3965,CA-2023-120257,2023-09-22,2023-09-28,6,PW-19240,600,304,4,7.872
9554,CA-2023-125724,2023-09-22,2023-09-27,5,SM-20950,151,553,4,68.432
8177,CA-2023-135965,2023-09-22,2023-09-25,3,SZ-20035,1413,265,2,128.34
7354,CA-2023-151974,2023-09-22,2023-09-29,7,RD-19660,963,303,4,16.52
9447,CA-2023-158617,2023-09-22,2023-09-28,6,AC-10660,1155,43,4,35.88
6465,US-2023-155404,2023-09-22,2023-09-28,6,AS-10630,250,383,4,13.28
5634,CA-2023-101742,2023-09-23,2023-09-28,5,CR-12580,647,262,3,10.528
5299,CA-2023-106656,2023-09-23,2023-09-26,3,DV-13045,891,526,2,4.08
5300,CA-2023-106656,2023-09-23,2023-09-26,3,DV-13045,1000,526,2,18.9
5242,CA-2023-110730,2023-09-23,2023-09-26,3,CM-11815,1447,625,3,13.68
6053,CA-2023-124016,2023-09-23,2023-09-26,3,JS-15940,1237,287,3,11.952
6054,CA-2023-124016,2023-09-23,2023-09-26,3,JS-15940,199,287,3,28.0
6055,CA-2023-124016,2023-09-23,2023-09-26,3,JS-15940,727,287,3,12.201
3746,CA-2023-149979,2023-09-23,2023-09-28,5,RA-19915,1343,371,3,118.25
3747,CA-2023-149979,2023-09-23,2023-09-28,5,RA-19915,106,371,3,368.97
9351,CA-2023-159009,2023-09-23,2023-09-27,4,DP-13105,649,625,4,13.216
9352,CA-2023-159009,2023-09-23,2023-09-27,4,DP-13105,64,625,4,184.752
2369,US-2023-129469,2023-09-23,2023-09-27,4,KL-16555,291,282,4,532.704
2370,US-2023-129469,2023-09-23,2023-09-27,4,KL-16555,541,282,4,4.912
6284,CA-2023-100944,2023-09-24,2023-09-28,4,EH-13765,909,499,4,304.9
6285,CA-2023-100944,2023-09-24,2023-09-28,4,EH-13765,109,499,4,563.24
5662,CA-2023-108875,2023-09-24,2023-10-01,7,CL-12700,230,552,4,21.44
5663,CA-2023-108875,2023-09-24,2023-10-01,7,CL-12700,1410,552,4,511.056
6263,CA-2023-132479,2023-09-24,2023-09-26,2,MK-17905,758,29,2,442.372
5681,CA-2023-141551,2023-09-24,2023-09-30,6,BP-11230,687,114,4,6.38
5682,CA-2023-141551,2023-09-24,2023-09-30,6,BP-11230,1307,114,4,6.48
5872,CA-2023-154235,2023-09-24,2023-09-28,4,RD-19900,185,36,4,127.95
2331,CA-2023-155187,2023-09-24,2023-09-26,2,LA-16780,1434,494,3,41.96
2332,CA-2023-155187,2023-09-24,2023-09-26,2,LA-16780,1084,494,3,41.7
1314,US-2023-134488,2023-09-24,2023-10-01,7,PK-19075,121,278,4,155.372
5397,US-2023-147340,2023-09-24,2023-09-24,0,EB-13750,285,529,1,63.2
4519,CA-2023-101385,2023-09-25,2023-10-01,6,JW-16075,497,528,4,16.56
7725,CA-2023-113978,2023-09-25,2023-09-29,4,TS-21505,464,277,4,286.256
7726,CA-2023-113978,2023-09-25,2023-09-29,4,TS-21505,1342,277,4,24.224
7727,CA-2023-113978,2023-09-25,2023-09-29,4,TS-21505,1401,277,4,331.536
1459,CA-2023-123722,2023-09-25,2023-10-01,6,NH-18610,988,158,4,15.936
4081,CA-2023-140417,2023-09-25,2023-09-29,4,KE-16420,1084,598,4,60.048
4082,CA-2023-140417,2023-09-25,2023-09-29,4,KE-16420,753,598,4,5.022
9538,CA-2023-148747,2023-09-25,2023-09-27,2,AS-10045,3,529,2,477.666
1410,US-2023-122245,2023-09-25,2023-09-30,5,AB-10105,336,456,4,393.165
5620,US-2023-124163,2023-09-25,2023-09-30,5,SC-20695,1543,187,4,499.95
5621,US-2023-124163,2023-09-25,2023-09-30,5,SC-20695,553,187,4,3.04
5622,US-2023-124163,2023-09-25,2023-09-30,5,SC-20695,69,187,4,201.96
5623,US-2023-124163,2023-09-25,2023-09-30,5,SC-20695,213,187,4,68.64
9414,CA-2023-132017,2023-09-26,2023-09-27,1,MH-17620,763,154,2,6.816
9087,CA-2023-143406,2023-09-26,2023-09-30,4,LR-17035,458,154,4,93.032
9088,CA-2023-143406,2023-09-26,2023-09-30,4,LR-17035,94,154,4,454.965
5213,CA-2023-145898,2023-09-26,2023-09-26,0,CM-12445,1320,516,1,51.45
5214,CA-2023-145898,2023-09-26,2023-09-26,0,CM-12445,983,516,1,7.83
5215,CA-2023-145898,2023-09-26,2023-09-26,0,CM-12445,625,516,1,35.4
5216,CA-2023-145898,2023-09-26,2023-09-26,0,CM-12445,1065,516,1,29.9
4190,CA-2023-157714,2023-09-26,2023-10-01,5,CS-12175,1069,55,3,9.99
5724,CA-2023-165820,2023-09-26,2023-09-30,4,DW-13585,1166,528,4,12.96
4032,CA-2023-169957,2023-09-26,2023-09-30,4,SN-20710,402,612,4,236.88
4033,CA-2023-169957,2023-09-26,2023-09-30,4,SN-20710,1119,612,4,29.9
4034,CA-2023-169957,2023-09-26,2023-09-30,4,SN-20710,1581,612,4,100.0
7730,US-2023-109260,2023-09-26,2023-10-01,5,TN-21040,1553,365,4,431.976
2651,US-2023-146794,2023-09-26,2023-10-01,5,SH-19975,5,483,4,424.9575
8322,US-2023-149790,2023-09-26,2023-10-01,5,SC-20380,791,156,4,15.624
458,US-2023-157945,2023-09-26,2023-10-01,5,NF-18385,98,12,4,747.558
459,US-2023-157945,2023-09-26,2023-10-01,5,NF-18385,899,12,4,8.928
7126,CA-2023-123176,2023-09-27,2023-09-29,2,JG-15160,1231,370,3,17.94
7127,CA-2023-123176,2023-09-27,2023-09-29,2,JG-15160,504,370,3,13.89
6908,CA-2023-140249,2023-09-27,2023-10-03,6,SW-20455,1863,623,4,1001.584
5399,CA-2023-163202,2023-09-27,2023-10-02,5,BM-11650,815,287,4,2.907
2404,US-2023-110170,2023-09-27,2023-10-03,6,HM-14860,35,157,4,956.6648
377,US-2023-134656,2023-09-28,2023-10-01,3,MM-18280,1227,28,2,99.136
8088,CA-2023-106621,2023-09-29,2023-10-01,2,DM-12955,604,461,3,10.496
9332,CA-2023-108056,2023-09-29,2023-10-03,4,ES-14080,1882,597,4,859.2
3500,CA-2023-108616,2023-09-29,2023-10-03,4,JK-15730,1530,319,4,209.97
3501,CA-2023-108616,2023-09-29,2023-10-03,4,JK-15730,805,319,4,62.94
3502,CA-2023-108616,2023-09-29,2023-10-03,4,JK-15730,627,319,4,25.92
868,CA-2023-134362,2023-09-29,2023-10-02,3,LS-16945,971,304,2,15.936
5357,CA-2023-138037,2023-09-29,2023-10-03,4,AR-10540,701,528,4,27.24
1077,CA-2023-161781,2023-09-29,2023-09-30,1,CC-12100,578,37,2,40.88
1683,US-2023-101497,2023-09-29,2023-10-01,2,PS-18760,1146,495,3,18.97
6946,CA-2023-106243,2023-09-30,2023-10-04,4,GM-14680,30,263,4,523.92
4225,CA-2023-108644,2023-09-30,2023-10-03,3,SJ-20215,807,28,2,1.964
2667,CA-2023-111794,2023-10-01,2023-10-01,0,HG-15025,1499,126,1,79.512
2668,CA-2023-111794,2023-10-01,2023-10-01,0,HG-15025,1054,126,1,28.352
7192,CA-2023-116918,2023-10-01,2023-10-06,5,JK-15205,693,340,3,5.388
7193,CA-2023-116918,2023-10-01,2023-10-06,5,JK-15205,640,340,3,30.976
2229,CA-2023-139157,2023-10-01,2023-10-05,4,GM-14680,354,264,4,330.588
1264,CA-2023-155992,2023-10-01,2023-10-02,1,CC-12220,1834,41,2,69.9
1265,CA-2023-155992,2023-10-01,2023-10-02,1,CC-12220,324,41,2,41.85
1068,CA-2023-157686,2023-10-01,2023-10-02,1,BD-11620,87,530,2,194.848
6826,CA-2023-118689,2023-10-02,2023-10-09,7,TC-20980,1315,42,4,32.48
6827,CA-2023-118689,2023-10-02,2023-10-09,7,TC-20980,1635,42,4,17499.95
6828,CA-2023-118689,2023-10-02,2023-10-09,7,TC-20980,785,42,4,735.98
6829,CA-2023-118689,2023-10-02,2023-10-09,7,TC-20980,664,42,4,34.37
6830,CA-2023-118689,2023-10-02,2023-10-09,7,TC-20980,635,42,4,33.96
4513,CA-2023-118969,2023-10-02,2023-10-03,1,LP-17095,804,456,2,54.792
2993,CA-2023-134376,2023-10-02,2023-10-06,4,TT-21265,468,264,4,61.44
7872,CA-2023-101672,2023-10-03,2023-10-07,4,DB-12910,1025,490,4,6.16
7873,CA-2023-101672,2023-10-03,2023-10-07,4,DB-12910,60,490,4,915.136
7874,CA-2023-101672,2023-10-03,2023-10-07,4,DB-12910,1162,490,4,8.56
7875,CA-2023-101672,2023-10-03,2023-10-07,4,DB-12910,1151,490,4,97.82
6370,CA-2023-103919,2023-10-03,2023-10-07,4,TP-21565,212,149,4,38.08
897,CA-2023-140634,2023-10-03,2023-10-06,3,HL-15040,898,156,3,15.648
981,CA-2023-144939,2023-10-03,2023-10-08,5,EB-13870,121,265,4,599.292
4304,CA-2023-121601,2023-10-04,2023-10-04,0,MO-17500,882,179,1,59.752
8157,CA-2023-131296,2023-10-04,2023-10-09,5,MS-17830,351,211,4,239.372
8922,CA-2023-145709,2023-10-04,2023-10-08,4,AH-10690,1866,334,4,52.68
8923,CA-2023-145709,2023-10-04,2023-10-08,4,AH-10690,276,334,4,11.568
7666,US-2023-140158,2023-10-04,2023-10-08,4,DR-12940,787,309,4,30.4
7667,US-2023-140158,2023-10-04,2023-10-08,4,DR-12940,1638,309,4,5399.91
7668,US-2023-140158,2023-10-04,2023-10-08,4,DR-12940,1376,309,4,119.1
6265,US-2023-115952,2023-10-06,2023-10-06,0,JH-15910,676,120,1,28.85
7642,US-2023-157490,2023-10-06,2023-10-07,1,LB-16795,1702,565,2,703.71
7643,US-2023-157490,2023-10-06,2023-10-07,1,LB-16795,813,565,2,17.904
7644,US-2023-157490,2023-10-06,2023-10-07,1,LB-16795,684,565,2,11.976
7645,US-2023-157490,2023-10-06,2023-10-07,1,LB-16795,1568,565,2,67.96
4751,CA-2023-127649,2023-10-07,2023-10-09,2,DL-13495,1682,626,2,837.6
8007,CA-2023-139808,2023-10-07,2023-10-11,4,MC-18100,926,618,4,93.36
5004,CA-2023-155033,2023-10-07,2023-10-12,5,CC-12475,1045,496,4,10.56
3449,CA-2023-162614,2023-10-07,2023-10-13,6,TB-21250,763,499,4,27.264
6377,CA-2023-163216,2023-10-07,2023-10-10,3,AW-10930,1002,305,2,4.928
5975,CA-2023-135636,2023-10-08,2023-10-13,5,DB-13615,1353,400,4,387.72
5767,CA-2023-149685,2023-10-08,2023-10-15,7,PM-19135,990,176,4,60.144
2557,US-2023-126844,2023-10-08,2023-10-14,6,BW-11110,160,155,4,51.712
5507,US-2023-162026,2023-10-08,2023-10-08,0,JE-15745,1188,497,1,61.96
7357,CA-2023-114748,2023-10-09,2023-10-14,5,MZ-17335,559,456,4,1.408
7358,CA-2023-114748,2023-10-09,2023-10-14,5,MZ-17335,305,456,4,169.568
2785,CA-2023-116974,2023-10-09,2023-10-15,6,MP-17965,1796,296,4,23.976
6507,US-2023-128909,2023-10-09,2023-10-11,2,SP-20545,1212,305,3,19.136
6508,US-2023-128909,2023-10-09,2023-10-11,2,SP-20545,275,305,3,332.832
7968,CA-2023-157707,2023-10-10,2023-10-12,2,CC-12610,14,556,2,90.882
7969,CA-2023-157707,2023-10-10,2023-10-12,2,CC-12610,1890,556,2,15.992
7970,CA-2023-157707,2023-10-10,2023-10-12,2,CC-12610,80,556,2,120.784
7273,US-2023-150357,2023-10-10,2023-10-14,4,EB-13975,1473,406,4,20.608
7274,US-2023-150357,2023-10-10,2023-10-14,4,EB-13975,811,406,4,4.095
9751,CA-2023-113390,2023-10-11,2023-10-15,4,EP-13915,488,8,4,5.344
9752,CA-2023-113390,2023-10-11,2023-10-15,4,EP-13915,557,8,4,27.72
6441,CA-2023-101161,2023-10-13,2023-10-20,7,BW-11110,499,264,4,34.7
6442,CA-2023-101161,2023-10-13,2023-10-20,7,BW-11110,1351,264,4,99.87
6443,CA-2023-101161,2023-10-13,2023-10-20,7,BW-11110,1051,264,4,37.94
6444,CA-2023-101161,2023-10-13,2023-10-20,7,BW-11110,1015,264,4,24.9
6445,CA-2023-101161,2023-10-13,2023-10-20,7,BW-11110,267,264,4,82.26
134,CA-2023-145583,2023-10-13,2023-10-19,6,LC-16885,1215,520,4,20.04
135,CA-2023-145583,2023-10-13,2023-10-19,6,LC-16885,1139,520,4,35.44
136,CA-2023-145583,2023-10-13,2023-10-19,6,LC-16885,627,520,4,11.52
137,CA-2023-145583,2023-10-13,2023-10-19,6,LC-16885,932,520,4,4.02
138,CA-2023-145583,2023-10-13,2023-10-19,6,LC-16885,778,520,4,76.176
139,CA-2023-145583,2023-10-13,2023-10-19,6,LC-16885,1467,520,4,65.88
140,CA-2023-145583,2023-10-13,2023-10-19,6,LC-16885,270,520,4,43.12
2164,CA-2023-154018,2023-10-13,2023-10-19,6,HA-14920,1599,160,4,191.976
2165,CA-2023-154018,2023-10-13,2023-10-19,6,HA-14920,1043,160,4,8.288
2166,CA-2023-154018,2023-10-13,2023-10-19,6,HA-14920,304,160,4,139.92
2167,CA-2023-154018,2023-10-13,2023-10-19,6,HA-14920,585,160,4,15.872
2168,CA-2023-154018,2023-10-13,2023-10-19,6,HA-14920,693,160,4,6.286
1864,US-2023-100839,2023-10-13,2023-10-17,4,NC-18625,364,552,4,727.45
1865,US-2023-100839,2023-10-13,2023-10-17,4,NC-18625,245,552,4,24.96
9505,CA-2023-113607,2023-10-14,2023-10-18,4,PW-19030,1803,262,4,1091.93
9506,CA-2023-113607,2023-10-14,2023-10-18,4,PW-19030,1169,262,4,111.96
9514,CA-2023-125220,2023-10-14,2023-10-19,5,BE-11410,1595,182,4,1649.75
3801,CA-2023-156503,2023-10-14,2023-10-20,6,NC-18415,134,409,4,102.592
3802,CA-2023-156503,2023-10-14,2023-10-20,6,NC-18415,1558,409,4,22.704
3803,CA-2023-156503,2023-10-14,2023-10-20,6,NC-18415,1209,409,4,93.024
3804,CA-2023-156503,2023-10-14,2023-10-20,6,NC-18415,1477,409,4,12.768
3805,CA-2023-156503,2023-10-14,2023-10-20,6,NC-18415,912,409,4,35.008
3806,CA-2023-156503,2023-10-14,2023-10-20,6,NC-18415,1178,409,4,39.152
1485,US-2023-108098,2023-10-14,2023-10-18,4,CP-12340,1627,625,4,177.0
2519,CA-2023-124352,2023-10-15,2023-10-21,6,CD-12790,978,119,4,20.16
2520,CA-2023-124352,2023-10-15,2023-10-21,6,CD-12790,998,119,4,29.46
2521,CA-2023-124352,2023-10-15,2023-10-21,6,CD-12790,465,119,4,868.59
2522,CA-2023-124352,2023-10-15,2023-10-21,6,CD-12790,1268,119,4,12.96
2523,CA-2023-124352,2023-10-15,2023-10-21,6,CD-12790,1867,119,4,5.5
2524,CA-2023-124352,2023-10-15,2023-10-21,6,CD-12790,787,119,4,121.6
2176,CA-2023-125738,2023-10-15,2023-10-21,6,PB-18805,1250,607,4,45.68
2177,CA-2023-125738,2023-10-15,2023-10-21,6,PB-18805,1254,607,4,60.12
2178,CA-2023-125738,2023-10-15,2023-10-21,6,PB-18805,653,607,4,41.72
2179,CA-2023-125738,2023-10-15,2023-10-21,6,PB-18805,1086,607,4,71.6
3695,CA-2023-142097,2023-10-15,2023-10-20,5,QJ-19255,769,445,4,232.96
3696,CA-2023-142097,2023-10-15,2023-10-20,5,QJ-19255,861,445,4,66.54
3697,CA-2023-142097,2023-10-15,2023-10-20,5,QJ-19255,447,445,4,43.26
7317,CA-2023-132066,2023-10-16,2023-10-20,4,NB-18655,357,263,4,142.182
1499,CA-2023-141586,2023-10-17,2023-10-20,3,NK-18490,678,530,2,18.16
8890,CA-2023-147256,2023-10-17,2023-10-21,4,FC-14245,1828,100,3,449.97
8891,CA-2023-147256,2023-10-17,2023-10-21,4,FC-14245,453,100,3,1927.59
9201,CA-2023-152688,2023-10-17,2023-10-20,3,NR-18550,31,249,2,120.98
9202,CA-2023-152688,2023-10-17,2023-10-20,3,NR-18550,758,249,2,315.98
8371,CA-2023-163972,2023-10-17,2023-10-21,4,MG-17890,40,482,4,120.666
2886,US-2023-159856,2023-10-18,2023-10-22,4,EP-13915,64,459,4,307.92
8086,CA-2023-105753,2023-10-20,2023-10-26,6,LC-16960,151,437,4,61.1
513,CA-2023-106341,2023-10-20,2023-10-23,3,LF-17185,619,292,2,7.152
6206,CA-2023-133697,2023-10-20,2023-10-24,4,CM-12445,1049,156,3,51.016
6207,CA-2023-133697,2023-10-20,2023-10-24,4,CM-12445,948,156,3,25.248
6208,CA-2023-133697,2023-10-20,2023-10-24,4,CM-12445,125,156,3,56.686
8273,CA-2023-139549,2023-10-20,2023-10-25,5,MY-18295,103,478,4,387.136
6219,CA-2023-160220,2023-10-20,2023-10-26,6,JS-16030,1889,85,4,125.7
6220,CA-2023-160220,2023-10-20,2023-10-26,6,JS-16030,1849,85,4,191.98
6221,CA-2023-160220,2023-10-20,2023-10-26,6,JS-16030,1441,85,4,20.86
6611,CA-2023-168921,2023-10-20,2023-10-22,2,AG-10495,732,499,2,19.296
4186,CA-2023-111493,2023-10-21,2023-10-22,1,CM-12160,1524,211,2,98.16
1105,CA-2023-112340,2023-10-21,2023-10-27,6,NM-18520,1090,519,4,22.92
6286,CA-2023-125080,2023-10-21,2023-10-26,5,VW-21775,354,286,4,661.176
6204,CA-2023-133669,2023-10-21,2023-10-27,6,SV-20935,1823,278,4,235.152
7817,CA-2023-138478,2023-10-21,2023-10-26,5,DP-13390,608,580,3,113.22
7818,CA-2023-138478,2023-10-21,2023-10-26,5,DP-13390,1193,580,3,35.88
7819,CA-2023-138478,2023-10-21,2023-10-26,5,DP-13390,783,580,3,4535.976
2776,CA-2023-144729,2023-10-21,2023-10-25,4,JE-15745,1324,526,4,154.44
3486,CA-2023-151169,2023-10-21,2023-10-26,5,MY-18295,699,206,4,7.92
367,CA-2023-155516,2023-10-21,2023-10-21,0,MK-17905,856,198,1,23.2
368,CA-2023-155516,2023-10-21,2023-10-21,0,MK-17905,1478,198,1,7.36
369,CA-2023-155516,2023-10-21,2023-10-21,0,MK-17905,1387,198,1,104.79
370,CA-2023-155516,2023-10-21,2023-10-21,0,MK-17905,2,198,1,1043.92
9707,CA-2023-161746,2023-10-21,2023-10-27,6,CS-11950,130,498,4,242.136
9708,CA-2023-161746,2023-10-21,2023-10-27,6,CS-11950,605,498,4,12.39
9709,CA-2023-161746,2023-10-21,2023-10-27,6,CS-11950,218,498,4,19.96
9710,CA-2023-161746,2023-10-21,2023-10-27,6,CS-11950,1399,498,4,340.92
8030,CA-2023-166373,2023-10-21,2023-10-25,4,JF-15565,1609,176,4,106.08
7822,CA-2023-169334,2023-10-21,2023-10-24,3,GW-14605,1426,428,3,111.672
884,CA-2023-165148,2023-10-22,2023-10-24,2,PM-19135,194,69,2,31.4
6580,CA-2023-169887,2023-10-22,2023-10-22,0,MS-17530,1254,624,1,6.68
6581,CA-2023-169887,2023-10-22,2023-10-22,0,MS-17530,616,624,1,8.34
6582,CA-2023-169887,2023-10-22,2023-10-22,0,MS-17530,269,624,1,101.94
3977,US-2023-116400,2023-10-22,2023-10-24,2,EB-13930,218,443,2,39.92
652,CA-2023-132661,2023-10-23,2023-10-29,6,SR-20740,1092,264,4,379.4
5136,CA-2023-151323,2023-10-23,2023-10-28,5,AB-10255,922,623,4,17.05
1810,CA-2023-165484,2023-10-23,2023-10-29,6,HK-14890,167,8,4,16.156
1811,CA-2023-165484,2023-10-23,2023-10-29,6,HK-14890,1192,8,4,54.816
8694,CA-2023-118311,2023-10-24,2023-10-28,4,ED-13885,1590,529,4,450.0
6287,CA-2023-121020,2023-10-24,2023-10-31,7,CG-12040,1726,431,4,239.976
5624,CA-2023-121748,2023-10-24,2023-10-28,4,VW-21775,1581,496,3,100.0
5625,CA-2023-121748,2023-10-24,2023-10-28,4,VW-21775,1553,496,3,359.98
7760,CA-2023-158925,2023-10-24,2023-10-28,4,JP-15460,1063,154,4,15.552
6634,CA-2023-166275,2023-10-24,2023-10-24,0,SS-20590,1600,528,1,199.99
2801,CA-2023-153318,2023-10-25,2023-10-28,3,JS-15595,1827,351,2,783.96
9533,CA-2023-116596,2023-10-27,2023-10-31,4,BW-11200,115,263,4,427.644
9534,CA-2023-116596,2023-10-27,2023-10-31,4,BW-11200,921,263,4,40.67
9535,CA-2023-116596,2023-10-27,2023-10-31,4,BW-11200,1398,263,4,33.48
9536,CA-2023-116596,2023-10-27,2023-10-31,4,BW-11200,812,263,4,9.728
4515,CA-2023-120873,2023-10-27,2023-11-01,5,BW-11200,68,440,3,290.98
479,CA-2023-152632,2023-10-27,2023-11-02,6,JE-15475,230,270,4,40.2
4387,CA-2023-156811,2023-10-27,2023-11-02,6,BP-11095,477,530,4,43.92
4388,CA-2023-156811,2023-10-27,2023-11-02,6,BP-11095,653,530,4,25.032
8598,US-2023-117387,2023-10-27,2023-10-31,4,PA-19060,690,530,4,67.136
7203,CA-2023-120369,2023-10-28,2023-10-28,0,VB-21745,309,268,1,756.8
4951,CA-2023-125815,2023-10-28,2023-11-01,4,DL-13330,497,262,3,12.42
218,CA-2023-130162,2023-10-28,2023-11-01,4,JH-15910,1385,496,4,93.06
219,CA-2023-130162,2023-10-28,2023-11-01,4,JH-15910,1719,496,4,302.376
382,CA-2023-134775,2023-10-28,2023-10-29,1,AS-10285,1101,528,2,50.96
383,CA-2023-134775,2023-10-28,2023-10-29,1,AS-10285,821,528,2,49.536
3878,CA-2023-140641,2023-10-28,2023-11-02,5,EP-13915,709,367,4,38.19
299,CA-2023-142545,2023-10-28,2023-11-03,6,JD-15895,1297,237,4,32.4
300,CA-2023-142545,2023-10-28,2023-11-03,6,JD-15895,1439,237,4,1082.48
301,CA-2023-142545,2023-10-28,2023-11-03,6,JD-15895,1203,237,4,56.91
302,CA-2023-142545,2023-10-28,2023-11-03,6,JD-15895,248,237,4,77.6
303,CA-2023-142545,2023-10-28,2023-11-03,6,JD-15895,696,237,4,14.28
1235,CA-2023-144344,2023-10-28,2023-10-28,0,PG-18820,140,333,1,47.952
1236,CA-2023-144344,2023-10-28,2023-10-28,0,PG-18820,796,333,1,37.425
1237,CA-2023-144344,2023-10-28,2023-10-28,0,PG-18820,224,333,1,63.968
1238,CA-2023-144344,2023-10-28,2023-10-28,0,PG-18820,263,333,1,165.048
1262,US-2023-144393,2023-10-28,2023-11-04,7,SM-20950,857,407,4,17.616
1536,CA-2023-112389,2023-10-29,2023-11-02,4,JM-15655,1397,238,4,40.74
1537,CA-2023-112389,2023-10-29,2023-11-02,4,JM-15655,419,238,4,11.67
3168,CA-2023-146682,2023-10-29,2023-10-31,2,KW-16435,230,74,2,67.0
6241,US-2023-131912,2023-10-29,2023-11-01,3,LH-17155,857,495,3,11.744
9702,CA-2023-105291,2023-10-30,2023-11-04,5,SP-20920,927,533,4,3.62
9203,CA-2023-153836,2023-10-30,2023-11-03,4,EH-13765,750,263,4,28.752
9204,CA-2023-153836,2023-10-30,2023-11-03,4,EH-13765,523,263,4,114.95
3292,CA-2023-167290,2023-10-30,2023-11-04,5,JF-15295,561,83,4,11.68
2448,CA-2023-119165,2023-10-31,2023-11-06,6,BD-11320,109,305,4,492.835
6419,CA-2023-140130,2023-10-31,2023-11-05,5,HW-14935,1467,120,4,21.96
6420,CA-2023-140130,2023-10-31,2023-11-05,5,HW-14935,106,120,4,368.97
6421,CA-2023-140130,2023-10-31,2023-11-05,5,HW-14935,558,120,4,12.39
6422,CA-2023-140130,2023-10-31,2023-11-05,5,HW-14935,1329,120,4,332.94
3787,CA-2023-144218,2023-10-31,2023-11-04,4,JD-15895,1337,498,4,1085.42
9760,CA-2023-146913,2023-10-31,2023-11-05,5,SF-20965,128,528,4,1403.92
6138,US-2023-142251,2023-10-31,2023-11-04,4,FO-14305,1158,341,3,32.064
3378,CA-2023-100671,2023-11-01,2023-11-04,3,CS-12490,1426,137,2,111.672
4061,CA-2023-129196,2023-11-01,2023-11-07,6,XP-21865,1558,8,4,68.112
1401,CA-2023-159212,2023-11-01,2023-11-05,4,KM-16375,1787,444,4,21.8
1402,CA-2023-159212,2023-11-01,2023-11-05,4,KM-16375,868,444,4,251.79
4481,CA-2023-109365,2023-11-03,2023-11-08,5,XP-21865,953,499,4,15.26
4482,CA-2023-109365,2023-11-03,2023-11-08,5,XP-21865,443,499,4,43.32
4483,CA-2023-109365,2023-11-03,2023-11-08,5,XP-21865,678,499,4,43.584
4484,CA-2023-109365,2023-11-03,2023-11-08,5,XP-21865,1152,499,4,116.28
4485,CA-2023-109365,2023-11-03,2023-11-08,5,XP-21865,727,499,4,9.296
4486,CA-2023-109365,2023-11-03,2023-11-08,5,XP-21865,1293,499,4,19.44
4487,CA-2023-109365,2023-11-03,2023-11-08,5,XP-21865,1080,499,4,314.55
2474,CA-2023-114972,2023-11-03,2023-11-06,3,PF-19225,61,496,2,217.584
2475,CA-2023-114972,2023-11-03,2023-11-06,3,PF-19225,1510,496,2,82.95
2476,CA-2023-114972,2023-11-03,2023-11-06,3,PF-19225,990,496,2,87.71
2477,CA-2023-114972,2023-11-03,2023-11-06,3,PF-19225,453,496,2,1101.48
575,CA-2023-127250,2023-11-03,2023-11-07,4,SF-20200,583,618,4,8.82
112,CA-2023-128867,2023-11-03,2023-11-10,7,CL-12565,551,57,4,75.96
113,CA-2023-128867,2023-11-03,2023-11-10,7,CL-12565,678,57,4,27.24
8967,CA-2023-134180,2023-11-03,2023-11-07,4,JP-16135,1590,302,4,72.0
8968,CA-2023-134180,2023-11-03,2023-11-07,4,JP-16135,51,302,4,470.155
8942,CA-2023-159023,2023-11-03,2023-11-05,2,NW-18400,699,594,2,4.158
8943,CA-2023-159023,2023-11-03,2023-11-05,2,NW-18400,1681,594,2,179.991
7046,CA-2023-160136,2023-11-03,2023-11-09,6,PJ-18835,1245,141,4,9.248
4431,CA-2023-168893,2023-11-03,2023-11-08,5,AP-10915,919,382,3,20.0
4432,CA-2023-168893,2023-11-03,2023-11-08,5,AP-10915,544,382,3,7.98
4433,CA-2023-168893,2023-11-03,2023-11-08,5,AP-10915,276,382,3,24.1
4434,CA-2023-168893,2023-11-03,2023-11-08,5,AP-10915,512,382,3,8.75
4435,CA-2023-168893,2023-11-03,2023-11-08,5,AP-10915,359,382,3,842.94
6773,CA-2023-119018,2023-11-04,2023-11-08,4,CW-11905,829,494,4,7.712
6774,CA-2023-119018,2023-11-04,2023-11-08,4,CW-11905,654,494,4,4.176
6775,CA-2023-119018,2023-11-04,2023-11-08,4,CW-11905,1303,494,4,38.88
665,CA-2023-143308,2023-11-04,2023-11-04,0,RC-19825,936,383,1,10.74
6135,CA-2023-146766,2023-11-04,2023-11-04,0,TT-21220,521,470,1,192.8
8869,CA-2023-158260,2023-11-04,2023-11-08,4,CC-12475,1680,526,4,686.4
7783,CA-2023-162236,2023-11-04,2023-11-06,2,ER-13855,1344,400,3,45.248
7784,CA-2023-162236,2023-11-04,2023-11-06,2,ER-13855,328,400,3,876.3
7785,CA-2023-162236,2023-11-04,2023-11-06,2,ER-13855,1475,400,3,185.376
6306,CA-2023-163328,2023-11-04,2023-11-06,2,TP-21565,1476,590,3,17.584
6307,CA-2023-163328,2023-11-04,2023-11-06,2,TP-21565,123,590,3,104.784
6308,CA-2023-163328,2023-11-04,2023-11-06,2,TP-21565,1099,590,3,47.952
6309,CA-2023-163328,2023-11-04,2023-11-06,2,TP-21565,65,590,3,650.352
6310,CA-2023-163328,2023-11-04,2023-11-06,2,TP-21565,1017,590,3,629.184
6311,CA-2023-163328,2023-11-04,2023-11-06,2,TP-21565,1146,590,3,15.176
703,CA-2023-163755,2023-11-04,2023-11-08,4,AS-10285,304,623,3,209.88
6729,CA-2023-165827,2023-11-04,2023-11-09,5,MF-17665,322,351,4,50.496
2946,CA-2023-166443,2023-11-04,2023-11-05,1,LH-17020,149,530,2,38.29
9322,US-2023-111563,2023-11-04,2023-11-08,4,SM-20005,173,154,4,11.376
9323,US-2023-111563,2023-11-04,2023-11-08,4,SM-20005,187,154,4,66.112
6939,CA-2023-125094,2023-11-05,2023-11-09,4,NP-18700,1488,624,4,479.72
2450,CA-2023-140207,2023-11-05,2023-11-10,5,CS-12400,714,532,4,29.12
5699,CA-2023-143441,2023-11-05,2023-11-05,0,EB-14170,979,160,1,11.84
7307,CA-2023-144092,2023-11-05,2023-11-07,2,LH-17155,1514,532,3,72.0
7308,CA-2023-144092,2023-11-05,2023-11-07,2,LH-17155,92,532,3,113.888
7309,CA-2023-144092,2023-11-05,2023-11-07,2,LH-17155,906,532,3,158.13
5177,CA-2023-148908,2023-11-05,2023-11-08,3,JH-15985,769,528,2,53.248
8963,CA-2023-157280,2023-11-05,2023-11-07,2,LW-17125,144,447,2,273.96
8964,CA-2023-157280,2023-11-05,2023-11-07,2,LW-17125,1585,447,2,89.97
8965,CA-2023-157280,2023-11-05,2023-11-07,2,LW-17125,309,447,2,756.8
2784,US-2023-106677,2023-11-05,2023-11-10,5,AS-10285,1723,303,4,23.988
4265,US-2023-131611,2023-11-05,2023-11-09,4,EP-13915,375,153,4,863.128
4266,US-2023-131611,2023-11-05,2023-11-09,4,EP-13915,823,153,4,3.564
4267,US-2023-131611,2023-11-05,2023-11-09,4,EP-13915,35,153,4,956.6648
4268,US-2023-131611,2023-11-05,2023-11-09,4,EP-13915,805,153,4,12.588
4269,US-2023-131611,2023-11-05,2023-11-09,4,EP-13915,1542,153,4,171.96
4370,US-2023-165078,2023-11-05,2023-11-10,5,MA-17995,805,43,4,104.9
4371,US-2023-165078,2023-11-05,2023-11-10,5,MA-17995,620,43,4,39.68
4372,US-2023-165078,2023-11-05,2023-11-10,5,MA-17995,994,43,4,51.75
4984,CA-2023-109925,2023-11-06,2023-11-10,4,IM-15070,1344,527,3,84.84
129,US-2023-125969,2023-11-06,2023-11-10,4,LS-16975,85,494,3,81.424
130,US-2023-125969,2023-11-06,2023-11-10,4,LS-16975,205,494,3,238.56
4971,US-2023-153815,2023-11-06,2023-11-09,3,KL-16555,94,343,2,207.984
4972,US-2023-153815,2023-11-06,2023-11-09,3,KL-16555,1062,343,2,36.112
4973,US-2023-153815,2023-11-06,2023-11-09,3,KL-16555,241,343,2,35.568
4974,US-2023-153815,2023-11-06,2023-11-09,3,KL-16555,1060,343,2,88.768
164,CA-2023-113817,2023-11-07,2023-11-11,4,MJ-17740,848,625,4,27.68
8212,CA-2023-116337,2023-11-07,2023-11-12,5,MC-17845,242,142,4,44.46
8213,CA-2023-116337,2023-11-07,2023-11-12,5,MC-17845,1378,142,4,314.088
9716,CA-2023-116379,2023-11-07,2023-11-12,5,LD-17005,773,530,4,57.584
8063,CA-2023-132997,2023-11-07,2023-11-09,2,LW-17215,1715,268,2,263.96
8064,CA-2023-132997,2023-11-07,2023-11-09,2,LW-17215,1780,268,2,359.97
8065,CA-2023-132997,2023-11-07,2023-11-09,2,LW-17215,1304,268,2,12.96
8066,CA-2023-132997,2023-11-07,2023-11-09,2,LW-17215,1339,268,2,116.82
8067,CA-2023-132997,2023-11-07,2023-11-09,2,LW-17215,782,268,2,276.784
3061,CA-2023-144554,2023-11-07,2023-11-12,5,DM-13345,1593,292,4,119.976
1684,CA-2023-147585,2023-11-07,2023-11-12,5,CB-12535,155,529,4,14.82
5870,CA-2023-152247,2023-11-07,2023-11-12,5,MA-17995,86,628,4,1603.136
843,CA-2023-161669,2023-11-07,2023-11-09,2,EM-14095,726,497,2,37.44
844,CA-2023-161669,2023-11-07,2023-11-09,2,EM-14095,788,497,2,26.976
845,CA-2023-161669,2023-11-07,2023-11-09,2,EM-14095,1455,497,2,11.36
846,CA-2023-161669,2023-11-07,2023-11-09,2,EM-14095,974,497,2,14.62
4975,CA-2023-164896,2023-11-07,2023-11-12,5,PS-19045,1127,508,4,12.9
9044,CA-2023-168830,2023-11-07,2023-11-13,6,ML-17395,1589,530,4,479.97
4844,US-2023-139388,2023-11-07,2023-11-09,2,CC-12475,940,242,2,14.96
1,CA-2023-152156,2023-11-08,2023-11-11,3,CG-12520,12,382,3,261.96
2,CA-2023-152156,2023-11-08,2023-11-11,3,CG-12520,101,382,3,731.94
8614,CA-2023-138233,2023-11-09,2023-11-14,5,PF-19165,1541,507,4,479.97
895,CA-2023-105494,2023-11-10,2023-11-12,2,PC-18745,1365,530,2,155.82
896,CA-2023-105494,2023-11-10,2023-11-12,2,PC-18745,706,530,2,70.008
2868,CA-2023-115588,2023-11-10,2023-11-12,2,AF-10885,1478,295,3,14.72
2869,CA-2023-115588,2023-11-10,2023-11-12,2,AF-10885,1315,295,3,38.976
4511,CA-2023-119935,2023-11-10,2023-11-14,4,KM-16225,143,108,4,37.3
4512,CA-2023-119935,2023-11-10,2023-11-14,4,KM-16225,850,108,4,81.96
4863,CA-2023-125164,2023-11-10,2023-11-14,4,SH-19975,709,263,4,20.368
4864,CA-2023-125164,2023-11-10,2023-11-14,4,SH-19975,837,263,4,49.848
9249,CA-2023-127761,2023-11-10,2023-11-14,4,SW-20275,811,262,4,3.64
9250,CA-2023-127761,2023-11-10,2023-11-14,4,SW-20275,1736,262,4,881.93
2341,CA-2023-137736,2023-11-10,2023-11-15,5,DC-13285,564,378,4,41.86
8802,CA-2023-140935,2023-11-10,2023-11-12,2,AB-10015,1858,119,2,221.98
8803,CA-2023-140935,2023-11-10,2023-11-12,2,AB-10015,46,119,2,341.96
3634,CA-2023-145177,2023-11-10,2023-11-14,4,PP-18955,1014,294,4,9.216
3635,CA-2023-145177,2023-11-10,2023-11-14,4,PP-18955,1876,294,4,41.958
3636,CA-2023-145177,2023-11-10,2023-11-14,4,PP-18955,1141,294,4,89.568
3637,CA-2023-145177,2023-11-10,2023-11-14,4,PP-18955,1133,294,4,22.248
3638,CA-2023-145177,2023-11-10,2023-11-14,4,PP-18955,428,294,4,334.88
3639,CA-2023-145177,2023-11-10,2023-11-14,4,PP-18955,171,294,4,148.288
3640,CA-2023-145177,2023-11-10,2023-11-14,4,PP-18955,1187,294,4,4.624
3641,CA-2023-145177,2023-11-10,2023-11-14,4,PP-18955,1569,294,4,178.92
3642,CA-2023-145177,2023-11-10,2023-11-14,4,PP-18955,769,294,4,69.888
8374,CA-2023-152940,2023-11-10,2023-11-13,3,RO-19780,1313,529,2,29.74
5042,CA-2023-158694,2023-11-10,2023-11-13,3,AI-10855,1062,497,3,67.71
5043,CA-2023-158694,2023-11-10,2023-11-13,3,AI-10855,413,497,3,129.92
5044,CA-2023-158694,2023-11-10,2023-11-13,3,AI-10855,258,497,3,467.46
5045,CA-2023-158694,2023-11-10,2023-11-13,3,AI-10855,1197,497,3,61.4
5046,CA-2023-158694,2023-11-10,2023-11-13,3,AI-10855,1417,497,3,720.76
5047,CA-2023-158694,2023-11-10,2023-11-13,3,AI-10855,800,497,3,5.184
5048,CA-2023-158694,2023-11-10,2023-11-13,3,AI-10855,589,497,3,14.7
6792,CA-2023-162348,2023-11-10,2023-11-15,5,BF-11170,218,521,4,9.98
1291,CA-2023-163384,2023-11-10,2023-11-12,2,CC-12430,649,530,2,13.216
1292,CA-2023-163384,2023-11-10,2023-11-12,2,CC-12430,1265,530,2,32.4
8568,US-2023-136581,2023-11-10,2023-11-12,2,SV-20365,1301,296,2,31.104
3894,US-2023-144547,2023-11-10,2023-11-14,4,MS-17770,1512,153,4,279.944
9400,CA-2023-103128,2023-11-11,2023-11-15,4,SC-20845,583,1,4,14.112
8120,CA-2023-116722,2023-11-11,2023-11-16,5,LP-17080,277,529,4,41.96
8121,CA-2023-116722,2023-11-11,2023-11-16,5,LP-17080,104,529,4,451.152
8122,CA-2023-116722,2023-11-11,2023-11-16,5,LP-17080,695,529,4,31.504
2514,CA-2023-124506,2023-11-11,2023-11-17,6,BB-11545,1484,9,4,95.968
2515,CA-2023-124506,2023-11-11,2023-11-17,6,BB-11545,55,9,4,47.992
1780,CA-2023-124667,2023-11-11,2023-11-16,5,BD-11770,1583,263,4,59.97
1781,CA-2023-124667,2023-11-11,2023-11-16,5,BD-11770,1407,263,4,83.36
2884,CA-2023-130799,2023-11-11,2023-11-16,5,BK-11260,226,529,3,6.96
4725,CA-2023-131968,2023-11-11,2023-11-15,4,LB-16795,792,331,4,9.888
4726,CA-2023-131968,2023-11-11,2023-11-15,4,LB-16795,475,331,4,671.544
2783,CA-2023-139878,2023-11-11,2023-11-16,5,LD-17005,1760,70,4,257.98
7030,CA-2023-145548,2023-11-11,2023-11-16,5,EB-13750,1418,263,4,28.14
7031,CA-2023-145548,2023-11-11,2023-11-16,5,EB-13750,1514,263,4,36.0
7032,CA-2023-145548,2023-11-11,2023-11-16,5,EB-13750,525,263,4,92.94
7033,CA-2023-145548,2023-11-11,2023-11-16,5,EB-13750,89,263,4,245.646
7034,CA-2023-145548,2023-11-11,2023-11-16,5,EB-13750,723,263,4,55.008
7035,CA-2023-145548,2023-11-11,2023-11-16,5,EB-13750,857,263,4,35.232
8469,US-2023-164196,2023-11-11,2023-11-17,6,AS-10285,330,47,4,2678.94
6111,CA-2023-124590,2023-11-12,2023-11-16,4,SP-20920,78,293,4,1474.802
6112,CA-2023-124590,2023-11-12,2023-11-16,4,SP-20920,450,293,4,110.096
6113,CA-2023-124590,2023-11-12,2023-11-16,4,SP-20920,935,293,4,16.752
6114,CA-2023-124590,2023-11-12,2023-11-16,4,SP-20920,101,293,4,1537.074
6115,CA-2023-124590,2023-11-12,2023-11-16,4,SP-20920,97,293,4,449.372
1074,CA-2023-134348,2023-11-12,2023-11-19,7,MS-17710,681,454,4,6.27
1075,CA-2023-134348,2023-11-12,2023-11-19,7,MS-17710,816,454,4,4.368
1076,CA-2023-134348,2023-11-12,2023-11-19,7,MS-17710,1583,454,4,31.984
7331,CA-2023-149349,2023-11-12,2023-11-13,1,SP-20650,163,9,2,22.752
1137,CA-2023-152170,2023-11-12,2023-11-15,3,FH-14275,907,41,3,287.52
1138,CA-2023-152170,2023-11-12,2023-11-15,3,FH-14275,411,41,3,37.68
1139,CA-2023-152170,2023-11-12,2023-11-15,3,FH-14275,1156,41,3,19.98
1140,CA-2023-152170,2023-11-12,2023-11-15,3,FH-14275,583,41,3,20.58
1141,CA-2023-152170,2023-11-12,2023-11-15,3,FH-14275,717,41,3,17.38
7190,CA-2023-164399,2023-11-12,2023-11-15,3,DW-13480,1825,525,2,203.976
7191,CA-2023-164399,2023-11-12,2023-11-15,3,DW-13480,359,525,2,674.352
4627,CA-2023-101336,2023-11-13,2023-11-18,5,CK-12760,1425,263,4,77.55
4628,CA-2023-101336,2023-11-13,2023-11-18,5,CK-12760,1347,263,4,24.88
4629,CA-2023-101336,2023-11-13,2023-11-18,5,CK-12760,520,263,4,140.75
4630,CA-2023-101336,2023-11-13,2023-11-18,5,CK-12760,1389,263,4,36.63
1884,CA-2023-118570,2023-11-13,2023-11-17,4,CC-12430,1124,305,4,217.056
1478,CA-2023-121958,2023-11-13,2023-11-17,4,CS-12505,1449,412,4,52.136
5138,CA-2023-128972,2023-11-13,2023-11-17,4,TS-21430,283,119,4,30.36
7196,CA-2023-147683,2023-11-13,2023-11-17,4,PO-19180,172,623,4,19.54
1802,CA-2023-149461,2023-11-13,2023-11-19,6,AS-10135,220,609,4,4.18
1001,CA-2023-155488,2023-11-13,2023-11-17,4,FM-14290,514,627,4,44.02
6117,US-2023-113677,2023-11-13,2023-11-19,6,CM-12655,1886,263,4,2279.96
6118,US-2023-113677,2023-11-13,2023-11-19,6,CM-12655,988,263,4,14.94
3260,US-2023-162103,2023-11-13,2023-11-17,4,LB-16795,858,19,4,3.136
4531,CA-2023-118759,2023-11-14,2023-11-17,3,MB-17305,105,262,2,408.006
4532,CA-2023-118759,2023-11-14,2023-11-17,3,MB-17305,1427,262,2,40.44
4812,CA-2023-121370,2023-11-14,2023-11-19,5,EB-14110,67,303,3,380.058
4813,CA-2023-121370,2023-11-14,2023-11-19,5,EB-14110,1640,303,3,1199.976
4814,CA-2023-121370,2023-11-14,2023-11-19,5,EB-14110,165,303,3,48.576
2264,CA-2023-131065,2023-11-14,2023-11-16,2,AA-10375,1547,370,3,499.98
2265,CA-2023-131065,2023-11-14,2023-11-16,2,AA-10375,1308,370,3,5.28
2266,CA-2023-131065,2023-11-14,2023-11-16,2,AA-10375,649,370,3,8.26
4530,CA-2023-134691,2023-11-14,2023-11-18,4,KC-16540,705,154,4,2.296
2504,CA-2023-149482,2023-11-14,2023-11-19,5,RR-19315,1011,529,4,7.38
9178,CA-2023-166618,2023-11-14,2023-11-18,4,DP-13000,1873,265,4,13.98
9179,CA-2023-166618,2023-11-14,2023-11-18,4,DP-13000,522,265,4,23.65
6030,US-2023-112970,2023-11-14,2023-11-15,1,TB-21250,602,499,2,9.84
7128,US-2023-117541,2023-11-14,2023-11-20,6,JM-16195,1118,206,4,16.45
7129,US-2023-117541,2023-11-14,2023-11-20,6,JM-16195,300,206,4,19.92
7180,US-2023-144351,2023-11-14,2023-11-18,4,RC-19960,1738,211,4,89.97
1911,CA-2023-105963,2023-11-15,2023-11-22,7,SC-20770,1499,495,4,99.39
8411,CA-2023-130820,2023-11-15,2023-11-15,0,ON-18715,369,397,1,630.024
2240,CA-2023-146633,2023-11-15,2023-11-17,2,TG-21310,730,499,3,1016.792
2241,CA-2023-146633,2023-11-15,2023-11-17,2,TG-21310,701,499,3,38.136
4397,CA-2023-148740,2023-11-15,2023-11-19,4,AH-10690,1842,525,4,361.376
6791,CA-2023-124527,2023-11-16,2023-11-17,1,IM-15055,816,520,2,8.32
163,CA-2023-154508,2023-11-16,2023-11-20,4,RD-19900,901,584,4,28.4
8666,CA-2023-118500,2023-11-17,2023-11-18,1,HJ-14875,1460,530,2,49.5
8566,CA-2023-134110,2023-11-17,2023-11-18,1,BG-11035,1724,179,2,67.176
8567,CA-2023-134110,2023-11-17,2023-11-18,1,BG-11035,1111,179,2,15.232
5115,CA-2023-150658,2023-11-17,2023-11-22,5,MS-17365,693,584,4,10.776
8158,CA-2023-103464,2023-11-18,2023-11-22,4,PG-18820,1626,527,4,595.0
9587,CA-2023-108630,2023-11-18,2023-11-18,0,BE-11410,814,473,1,61.12
5163,CA-2023-115378,2023-11-18,2023-11-23,5,AJ-10945,118,84,3,301.96
3948,CA-2023-119963,2023-11-18,2023-11-22,4,SN-20710,485,168,4,6.368
3949,CA-2023-119963,2023-11-18,2023-11-22,4,SN-20710,959,168,4,48.848
3950,CA-2023-119963,2023-11-18,2023-11-22,4,SN-20710,1140,168,4,19.648
3951,CA-2023-119963,2023-11-18,2023-11-22,4,SN-20710,88,168,4,255.108
2511,CA-2023-136812,2023-11-18,2023-11-23,5,AW-10930,1438,119,4,1117.92
4375,CA-2023-158575,2023-11-18,2023-11-24,6,SB-20290,443,285,4,103.968
4960,CA-2023-166226,2023-11-18,2023-11-22,4,TC-21535,1769,495,4,61.192
4961,CA-2023-166226,2023-11-18,2023-11-22,4,TC-21535,436,495,4,67.84
5517,US-2023-138408,2023-11-18,2023-11-21,3,KC-16255,1555,318,3,1319.96
5236,CA-2023-111143,2023-11-19,2023-11-22,3,TT-21265,390,40,2,54.96
1475,CA-2023-113138,2023-11-19,2023-11-25,6,NP-18685,592,266,4,17.28
1476,CA-2023-113138,2023-11-19,2023-11-25,6,NP-18685,751,266,4,17.712
9466,CA-2023-126858,2023-11-19,2023-11-23,4,JM-15265,310,625,4,31.96
8323,CA-2023-130778,2023-11-19,2023-11-25,6,ND-18370,421,259,4,8.74
8324,CA-2023-130778,2023-11-19,2023-11-25,6,ND-18370,1086,259,4,44.75
6029,CA-2023-157364,2023-11-19,2023-11-21,2,LT-17110,534,409,2,18.48
681,CA-2023-164511,2023-11-19,2023-11-24,5,DJ-13630,685,264,4,14.352
682,CA-2023-164511,2023-11-19,2023-11-24,5,DJ-13630,1356,264,4,64.96
683,CA-2023-164511,2023-11-19,2023-11-24,5,DJ-13630,1320,264,4,68.6
1106,US-2023-110156,2023-11-19,2023-11-24,5,EH-13945,1434,154,4,100.704
1107,US-2023-110156,2023-11-19,2023-11-24,5,EH-13945,253,154,4,2.328
1108,US-2023-110156,2023-11-19,2023-11-24,5,EH-13945,766,154,4,10.78
1109,US-2023-110156,2023-11-19,2023-11-24,5,EH-13945,950,154,4,58.368
1110,US-2023-110156,2023-11-19,2023-11-24,5,EH-13945,893,154,4,40.968
1111,US-2023-110156,2023-11-19,2023-11-24,5,EH-13945,1892,154,4,71.96
1112,US-2023-110156,2023-11-19,2023-11-24,5,EH-13945,1166,154,4,10.368
1113,US-2023-110156,2023-11-19,2023-11-24,5,EH-13945,688,154,4,1.192
4407,CA-2023-100041,2023-11-20,2023-11-25,5,BF-10975,1042,37,4,9.08
4408,CA-2023-100041,2023-11-20,2023-11-25,5,BF-10975,1149,37,4,314.55
4409,CA-2023-100041,2023-11-20,2023-11-25,5,BF-10975,807,37,4,4.91
5366,CA-2023-107790,2023-11-20,2023-11-24,4,EH-13990,1884,154,4,151.192
1034,CA-2023-109820,2023-11-20,2023-11-22,2,AG-10390,1097,276,2,15.696
1035,CA-2023-109820,2023-11-20,2023-11-22,2,AG-10390,651,276,2,2.628
1036,CA-2023-109820,2023-11-20,2023-11-22,2,AG-10390,698,276,2,14.427
290,CA-2023-110772,2023-11-20,2023-11-24,4,NZ-18565,922,278,3,19.096
291,CA-2023-110772,2023-11-20,2023-11-24,4,NZ-18565,1003,278,3,18.496
292,CA-2023-110772,2023-11-20,2023-11-24,4,NZ-18565,1541,278,3,255.984
293,CA-2023-110772,2023-11-20,2023-11-24,4,NZ-18565,16,278,3,86.97
6492,CA-2023-113845,2023-11-20,2023-11-25,5,FA-14230,23,354,4,289.568
6493,CA-2023-113845,2023-11-20,2023-11-25,5,FA-14230,1322,354,4,39.72
6494,CA-2023-113845,2023-11-20,2023-11-25,5,FA-14230,1769,354,4,244.768
159,CA-2023-114104,2023-11-20,2023-11-24,4,NP-18670,1010,115,4,14.62
160,CA-2023-114104,2023-11-20,2023-11-24,4,NP-18670,1731,115,4,944.93
5479,CA-2023-121356,2023-11-20,2023-11-24,4,SJ-20500,842,206,4,128.4
6835,CA-2023-142615,2023-11-20,2023-11-24,4,BM-11575,1616,503,4,27.88
5398,CA-2023-145492,2023-11-20,2023-11-27,7,MC-17605,418,494,4,39.0
3239,US-2023-127971,2023-11-20,2023-11-27,7,DW-13195,89,156,4,318.43
3240,US-2023-127971,2023-11-20,2023-11-27,7,DW-13195,1866,156,4,122.92
3241,US-2023-127971,2023-11-20,2023-11-27,7,DW-13195,228,156,4,7.068
6371,CA-2023-113425,2023-11-21,2023-11-21,0,JK-16120,22,262,1,113.568
3522,CA-2023-114482,2023-11-21,2023-11-25,4,DM-13345,1255,53,3,40.46
3523,CA-2023-114482,2023-11-21,2023-11-25,4,DM-13345,1793,53,3,404.94
5983,CA-2023-114895,2023-11-21,2023-11-28,7,MV-18190,1242,265,4,12.96
4824,CA-2023-140018,2023-11-21,2023-11-26,5,CK-12205,1697,278,4,30.345
4825,CA-2023-140018,2023-11-21,2023-11-26,5,CK-12205,88,278,4,127.554
4826,CA-2023-140018,2023-11-21,2023-11-26,5,CK-12205,158,278,4,77.952
5891,CA-2023-146157,2023-11-21,2023-11-26,5,RD-19720,1172,8,4,38.432
5892,CA-2023-146157,2023-11-21,2023-11-26,5,RD-19720,1427,8,4,21.568
5893,CA-2023-146157,2023-11-21,2023-11-26,5,RD-19720,1521,8,4,81.576
9216,CA-2023-152646,2023-11-21,2023-11-26,5,TH-21235,1296,499,4,32.4
3033,US-2023-114293,2023-11-21,2023-11-26,5,JH-16180,116,591,4,195.136
2774,CA-2023-131576,2023-11-22,2023-11-26,4,RD-19585,792,68,4,49.44
1288,CA-2023-154711,2023-11-22,2023-11-26,4,TB-21355,272,262,4,39.88
1289,CA-2023-154711,2023-11-22,2023-11-26,4,TB-21355,665,262,4,12.192
1290,CA-2023-154711,2023-11-22,2023-11-26,4,TB-21355,499,262,4,20.82
6083,US-2023-132577,2023-11-22,2023-11-27,5,JE-15475,847,156,4,6.216
6084,US-2023-132577,2023-11-22,2023-11-27,5,JE-15475,600,156,4,23.616
6085,US-2023-132577,2023-11-22,2023-11-27,5,JE-15475,1516,156,4,24.032
6086,US-2023-132577,2023-11-22,2023-11-27,5,JE-15475,983,156,4,2.088
6087,US-2023-132577,2023-11-22,2023-11-27,5,JE-15475,669,156,4,4.488
8080,US-2023-164945,2023-11-22,2023-11-27,5,CA-12055,755,262,4,134.272
2919,CA-2023-160129,2023-11-23,2023-11-23,0,LS-17200,918,304,1,15.8
2920,CA-2023-160129,2023-11-23,2023-11-23,0,LS-17200,286,304,1,14.368
2921,CA-2023-160129,2023-11-23,2023-11-23,0,LS-17200,169,304,1,70.448
1894,CA-2023-100083,2023-11-24,2023-11-29,5,CD-11980,1071,593,4,24.784
1503,CA-2023-100468,2023-11-24,2023-12-01,7,AT-10435,1889,498,4,33.52
1504,CA-2023-100468,2023-11-24,2023-12-01,7,AT-10435,175,498,4,9.94
1060,CA-2023-105284,2023-11-24,2023-12-01,7,MG-17650,952,305,4,4.416
8373,CA-2023-113726,2023-11-24,2023-12-01,7,SC-20680,267,624,4,82.26
9770,CA-2023-123533,2023-11-24,2023-11-30,6,SC-20050,29,340,4,339.92
9771,CA-2023-123533,2023-11-24,2023-11-30,6,SC-20050,1118,340,4,10.528
9772,CA-2023-123533,2023-11-24,2023-11-30,6,SC-20050,434,340,4,42.384
4272,CA-2023-123806,2023-11-24,2023-11-27,3,LA-16780,258,211,3,207.76
1397,CA-2023-124485,2023-11-24,2023-11-26,2,NC-18340,661,265,2,17.216
1398,CA-2023-124485,2023-11-24,2023-11-26,2,NC-18340,1226,265,2,11.56
1399,CA-2023-124485,2023-11-24,2023-11-26,2,NC-18340,1609,265,2,88.4
1400,CA-2023-124485,2023-11-24,2023-11-26,2,NC-18340,1290,265,2,6.48
5701,CA-2023-125661,2023-11-24,2023-11-26,2,CA-12055,872,277,2,40.752
5702,CA-2023-125661,2023-11-24,2023-11-26,2,CA-12055,1619,277,2,139.96
1664,CA-2023-128531,2023-11-24,2023-11-26,2,NS-18505,1421,141,3,41.92
1665,CA-2023-128531,2023-11-24,2023-11-26,2,NS-18505,1527,141,3,297.576
1666,CA-2023-128531,2023-11-24,2023-11-26,2,NS-18505,931,141,3,4.344
1667,CA-2023-128531,2023-11-24,2023-11-26,2,NS-18505,1525,141,3,94.992
1668,CA-2023-128531,2023-11-24,2023-11-26,2,NS-18505,1188,141,3,74.352
1669,CA-2023-128531,2023-11-24,2023-11-26,2,NS-18505,536,141,3,14.04
3525,CA-2023-132731,2023-11-24,2023-11-28,4,GA-14515,1708,140,4,657.552
4116,CA-2023-163573,2023-11-24,2023-11-27,3,AC-10450,784,624,2,1219.96
6244,CA-2023-165561,2023-11-24,2023-11-28,4,CR-12580,1464,610,4,25.35
3891,US-2023-163881,2023-11-24,2023-11-30,6,SP-20860,1595,497,4,659.9
3892,US-2023-163881,2023-11-24,2023-11-30,6,SP-20860,75,497,4,1684.752
3893,US-2023-163881,2023-11-24,2023-11-30,6,SP-20860,1530,497,4,559.92
7772,CA-2023-108196,2023-11-25,2023-12-02,7,CS-12505,744,287,4,456.588
7773,CA-2023-108196,2023-11-25,2023-12-02,7,CS-12505,1656,287,4,4499.985
7774,CA-2023-108196,2023-11-25,2023-12-02,7,CS-12505,1591,287,4,59.976
8647,CA-2023-113341,2023-11-25,2023-11-29,4,MH-17455,132,496,4,194.352
8343,CA-2023-132549,2023-11-25,2023-11-30,5,JK-15370,1421,318,4,73.36
6574,CA-2023-160535,2023-11-25,2023-11-30,5,BP-11050,1362,250,4,563.4
6575,CA-2023-160535,2023-11-25,2023-11-30,5,BP-11050,1673,250,4,319.92
3464,CA-2023-165470,2023-11-25,2023-11-30,5,HJ-14875,1113,343,4,5.08
7687,CA-2023-169838,2023-11-25,2023-11-29,4,BB-11545,358,73,4,1568.61
7688,CA-2023-169838,2023-11-25,2023-11-29,4,BB-11545,848,73,4,17.3
7689,CA-2023-169838,2023-11-25,2023-11-29,4,BB-11545,1577,73,4,160.0
6978,US-2023-119298,2023-11-25,2023-11-28,3,EP-13915,1816,325,2,59.98
7729,CA-2023-106915,2023-11-26,2023-12-02,6,GA-14515,533,145,4,17.856
9650,CA-2023-107104,2023-11-26,2023-11-30,4,MS-17365,17,498,4,3406.664
9651,CA-2023-107104,2023-11-26,2023-11-30,4,MS-17365,558,498,4,37.17
9652,CA-2023-107104,2023-11-26,2023-11-30,4,MS-17365,413,498,4,64.96
9653,CA-2023-107104,2023-11-26,2023-11-30,4,MS-17365,252,498,4,595.38
2073,CA-2023-129693,2023-11-26,2023-12-02,6,TC-20980,799,624,4,7.312
5924,CA-2023-130288,2023-11-26,2023-11-30,4,DK-13225,337,263,3,313.176
1452,CA-2023-133711,2023-11-26,2023-11-29,3,MC-17425,1056,319,2,70.98
1453,CA-2023-133711,2023-11-26,2023-11-29,3,MC-17425,826,319,2,91.68
1454,CA-2023-133711,2023-11-26,2023-11-29,3,MC-17425,840,319,2,33.75
1455,CA-2023-133711,2023-11-26,2023-11-29,3,MC-17425,1666,319,2,3040.0
8384,CA-2023-145135,2023-11-26,2023-11-28,2,CD-12790,1583,203,2,59.97
8385,CA-2023-145135,2023-11-26,2023-11-28,2,CD-12790,1225,203,2,13.36
2242,US-2023-126893,2023-11-26,2023-12-01,5,CT-11995,1798,303,4,494.982
9124,US-2023-158288,2023-11-26,2023-11-28,2,EH-13945,706,302,3,78.759
5274,US-2023-158309,2023-11-26,2023-11-29,3,PA-19060,859,349,2,3.744
7201,CA-2023-104276,2023-11-27,2023-12-03,6,HF-14995,1881,339,4,116.76
7202,CA-2023-104276,2023-11-27,2023-12-03,6,HF-14995,372,339,4,331.023
1772,CA-2023-129686,2023-11-27,2023-11-29,2,GG-14650,1400,9,3,97.984
1773,CA-2023-129686,2023-11-27,2023-11-29,2,GG-14650,1575,9,3,62.4
3476,CA-2023-144911,2023-11-27,2023-11-30,3,RW-19630,1623,62,2,34.95
3477,CA-2023-144911,2023-11-27,2023-11-30,3,RW-19630,787,62,2,152.0
1932,CA-2023-152121,2023-11-27,2023-11-29,2,CC-12670,1805,457,3,271.992
5902,CA-2023-159639,2023-11-27,2023-12-02,5,PC-18745,322,252,4,31.56
2212,CA-2023-162313,2023-11-27,2023-11-30,3,VB-21745,430,75,2,167.292
8623,US-2023-114230,2023-11-27,2023-12-01,4,CM-12235,1347,456,4,39.808
186,CA-2023-105018,2023-11-28,2023-12-02,4,SK-19990,695,197,4,7.16
2850,CA-2023-123617,2023-11-28,2023-12-03,5,AJ-10780,650,356,4,7.434
7364,CA-2023-127243,2023-11-28,2023-12-04,6,DS-13180,1884,304,4,340.182
7365,CA-2023-127243,2023-11-28,2023-12-04,6,DS-13180,955,304,4,12.672
7366,CA-2023-127243,2023-11-28,2023-12-04,6,DS-13180,752,304,4,6.888
7367,CA-2023-127243,2023-11-28,2023-12-04,6,DS-13180,1431,304,4,32.544
7368,CA-2023-127243,2023-11-28,2023-12-04,6,DS-13180,138,304,4,347.802
4887,CA-2023-163167,2023-11-28,2023-12-01,3,RF-19345,81,374,3,182.67
4888,CA-2023-163167,2023-11-28,2023-12-01,3,RF-19345,1518,374,3,101.7
4889,CA-2023-163167,2023-11-28,2023-12-01,3,RF-19345,1437,374,3,1126.02
4890,CA-2023-163167,2023-11-28,2023-12-01,3,RF-19345,1312,374,3,1263.3
7879,CA-2023-160241,2023-11-29,2023-12-04,5,DR-12940,309,2,3,242.176
3612,US-2023-131674,2023-11-29,2023-12-01,2,NC-18535,1573,141,3,58.416
8531,CA-2023-156748,2023-11-30,2023-12-06,6,BS-11755,1084,69,4,33.36
8532,CA-2023-156748,2023-11-30,2023-12-06,6,BS-11755,1031,69,4,13.76
8533,CA-2023-156748,2023-11-30,2023-12-06,6,BS-11755,1410,69,4,496.86
8534,CA-2023-156748,2023-11-30,2023-12-06,6,BS-11755,94,69,4,389.97
3487,US-2023-134761,2023-11-30,2023-11-30,0,DB-13210,1709,408,1,36.192
9205,CA-2023-104689,2023-12-01,2023-12-05,4,FH-14365,627,494,4,23.04
1178,CA-2023-113621,2023-12-01,2023-12-05,4,JE-15745,93,217,4,172.5
1179,CA-2023-113621,2023-12-01,2023-12-05,4,JE-15745,1776,217,4,179.97
4683,CA-2023-127698,2023-12-01,2023-12-01,0,MV-18190,1780,411,1,863.928
103,CA-2023-129903,2023-12-01,2023-12-04,3,GZ-14470,1119,95,3,23.92
8112,CA-2023-130393,2023-12-01,2023-12-03,2,JM-15865,138,175,3,248.43
8113,CA-2023-130393,2023-12-01,2023-12-03,2,JM-15865,391,175,3,11.648
8114,CA-2023-130393,2023-12-01,2023-12-03,2,JM-15865,81,175,3,85.246
2055,CA-2023-136434,2023-12-01,2023-12-07,6,RD-19480,167,49,4,17.31
2197,CA-2023-136483,2023-12-01,2023-12-06,5,AG-10390,595,430,4,4.704
8393,CA-2023-142594,2023-12-01,2023-12-06,5,EJ-14155,1784,222,3,137.94
8394,CA-2023-142594,2023-12-01,2023-12-06,5,EJ-14155,240,222,3,111.15
8395,CA-2023-142594,2023-12-01,2023-12-06,5,EJ-14155,454,222,3,901.95
8396,CA-2023-142594,2023-12-01,2023-12-06,5,EJ-14155,358,222,3,366.009
8681,CA-2023-143805,2023-12-01,2023-12-03,2,JD-15895,454,443,3,2104.55
8682,CA-2023-143805,2023-12-01,2023-12-03,2,JD-15895,1458,443,3,40.7
4249,CA-2023-157336,2023-12-01,2023-12-05,4,SJ-20500,857,197,3,88.08
4250,CA-2023-157336,2023-12-01,2023-12-05,4,SJ-20500,104,197,3,751.92
3471,US-2023-150035,2023-12-01,2023-12-05,4,CL-11890,324,530,4,16.74
9171,US-2023-155768,2023-12-01,2023-12-01,0,LB-16795,310,510,1,31.96
9172,US-2023-155768,2023-12-01,2023-12-01,0,LB-16795,1145,510,1,47.9
9173,US-2023-155768,2023-12-01,2023-12-01,0,LB-16795,1409,510,1,1112.94
9174,US-2023-155768,2023-12-01,2023-12-01,0,LB-16795,865,510,1,22.92
9251,CA-2023-105354,2023-12-02,2023-12-06,4,PW-19030,776,56,4,115.84
8496,CA-2023-143154,2023-12-02,2023-12-08,6,AS-10225,1625,561,4,165.6
6468,CA-2023-163804,2023-12-02,2023-12-08,6,DB-13270,1335,309,4,2079.4
6469,CA-2023-163804,2023-12-02,2023-12-08,6,DB-13270,1879,309,4,629.95
6470,CA-2023-163804,2023-12-02,2023-12-08,6,DB-13270,200,309,4,72.42
9485,CA-2023-164770,2023-12-02,2023-12-04,2,MY-18295,44,153,3,781.864
9486,CA-2023-164770,2023-12-02,2023-12-04,2,MY-18295,1228,153,3,30.816
1480,US-2023-108455,2023-12-02,2023-12-08,6,MK-18160,1182,530,4,25.92
1481,US-2023-108455,2023-12-02,2023-12-08,6,MK-18160,1068,530,4,40.46
1482,US-2023-108455,2023-12-02,2023-12-08,6,MK-18160,1442,530,4,33.87
5908,US-2023-113985,2023-12-02,2023-12-07,5,KD-16495,771,532,4,24.704
5909,US-2023-113985,2023-12-02,2023-12-07,5,KD-16495,444,532,4,59.7
5910,US-2023-113985,2023-12-02,2023-12-07,5,KD-16495,225,532,4,14.52
5911,US-2023-113985,2023-12-02,2023-12-07,5,KD-16495,817,532,4,104.184
6696,US-2023-155103,2023-12-02,2023-12-07,5,JF-15190,782,264,4,415.176
6697,US-2023-155103,2023-12-02,2023-12-07,5,JF-15190,857,264,4,35.232
6698,US-2023-155103,2023-12-02,2023-12-07,5,JF-15190,1066,264,4,54.96
5830,CA-2023-122063,2023-12-03,2023-12-07,4,MM-17920,364,49,4,581.96
5831,CA-2023-122063,2023-12-03,2023-12-07,4,MM-17920,82,49,4,29.98
7909,CA-2023-149762,2023-12-03,2023-12-07,4,RD-19720,363,505,4,268.704
7910,CA-2023-149762,2023-12-03,2023-12-07,4,RD-19720,623,505,4,21.92
7911,CA-2023-149762,2023-12-03,2023-12-07,4,RD-19720,1315,505,4,48.72
7912,CA-2023-149762,2023-12-03,2023-12-07,4,RD-19720,31,505,4,205.666
5426,CA-2023-153598,2023-12-03,2023-12-06,3,NM-18520,1555,498,2,1649.95
5427,CA-2023-153598,2023-12-03,2023-12-06,3,NM-18520,143,498,2,111.9
6160,CA-2023-161025,2023-12-03,2023-12-09,6,GM-14440,1360,499,4,772.68
728,US-2023-150861,2023-12-03,2023-12-06,3,EG-13900,1230,267,2,182.72
729,US-2023-150861,2023-12-03,2023-12-06,3,EG-13900,343,267,2,400.032
730,US-2023-150861,2023-12-03,2023-12-06,3,EG-13900,1386,267,2,33.63
731,US-2023-150861,2023-12-03,2023-12-06,3,EG-13900,76,267,2,542.646
732,US-2023-150861,2023-12-03,2023-12-06,3,EG-13900,1012,267,2,6.3
4198,US-2023-161683,2023-12-03,2023-12-08,5,CJ-12010,455,303,4,394.816
4199,US-2023-161683,2023-12-03,2023-12-08,5,CJ-12010,735,303,4,18.192
5777,CA-2023-105277,2023-12-04,2023-12-08,4,LM-17065,747,253,4,15.528
5778,CA-2023-112060,2023-12-04,2023-12-09,5,KT-16465,1177,528,4,104.85
1223,CA-2023-126004,2023-12-04,2023-12-05,1,BM-11140,207,264,2,113.79
1224,CA-2023-126004,2023-12-04,2023-12-05,1,BM-11140,1491,264,2,78.15
1225,CA-2023-126004,2023-12-04,2023-12-05,1,BM-11140,800,264,2,1.728
1226,CA-2023-126004,2023-12-04,2023-12-05,1,BM-11140,1056,264,2,40.56
1227,CA-2023-126004,2023-12-04,2023-12-05,1,BM-11140,1328,264,2,182.94
1228,CA-2023-126004,2023-12-04,2023-12-05,1,BM-11140,1353,264,2,193.86
1534,CA-2023-139885,2023-12-04,2023-12-08,4,EB-13840,1325,265,4,212.88
3593,CA-2023-108434,2023-12-05,2023-12-07,2,JG-15160,1337,264,3,465.18
5060,CA-2023-109722,2023-12-05,2023-12-07,2,TP-21130,1862,381,3,699.98
5061,CA-2023-109722,2023-12-05,2023-12-07,2,TP-21130,1349,381,3,584.82
148,CA-2023-114489,2023-12-05,2023-12-09,4,JE-16165,1834,184,4,384.45
149,CA-2023-114489,2023-12-05,2023-12-09,4,JE-16165,1722,184,4,149.97
150,CA-2023-114489,2023-12-05,2023-12-09,4,JE-16165,101,184,4,1951.84
151,CA-2023-114489,2023-12-05,2023-12-09,4,JE-16165,757,184,4,171.55
3009,CA-2023-124772,2023-12-05,2023-12-06,1,JG-15160,266,384,2,191.82
4597,CA-2023-140564,2023-12-05,2023-12-10,5,TC-21475,496,208,3,33.92
4185,CA-2023-143749,2023-12-05,2023-12-07,2,AG-10300,27,222,2,81.94
6872,CA-2023-145009,2023-12-05,2023-12-08,3,RF-19345,971,8,3,11.952
14,CA-2023-161389,2023-12-05,2023-12-10,5,IM-15070,728,623,4,407.976
8776,CA-2023-163636,2023-12-05,2023-12-09,4,MP-18175,560,9,3,3.536
8569,CA-2023-162390,2023-12-06,2023-12-12,6,DP-13105,782,256,4,968.744
8570,CA-2023-162390,2023-12-06,2023-12-12,6,DP-13105,827,256,4,222.352
8571,CA-2023-162390,2023-12-06,2023-12-12,6,DP-13105,1628,256,4,479.984
1133,US-2023-114776,2023-12-06,2023-12-07,1,GG-14650,1289,463,2,19.44
2934,US-2023-169040,2023-12-06,2023-12-12,6,GT-14710,1833,624,4,156.792
2935,US-2023-169040,2023-12-06,2023-12-12,6,GT-14710,1767,624,4,431.976
2936,US-2023-169040,2023-12-06,2023-12-12,6,GT-14710,880,624,4,35.89
2937,US-2023-169040,2023-12-06,2023-12-12,6,GT-14710,788,624,4,47.208
2938,US-2023-169040,2023-12-06,2023-12-12,6,GT-14710,1139,624,4,248.08
2939,US-2023-169040,2023-12-06,2023-12-12,6,GT-14710,1092,624,4,189.7
2940,US-2023-169040,2023-12-06,2023-12-12,6,GT-14710,767,624,4,59.808
5747,CA-2023-113733,2023-12-08,2023-12-12,4,LH-16900,1746,407,4,249.584
5748,CA-2023-113733,2023-12-08,2023-12-12,4,LH-16900,1558,407,4,68.112
5749,CA-2023-113733,2023-12-08,2023-12-12,4,LH-16900,1500,407,4,16.56
5590,CA-2023-115224,2023-12-08,2023-12-11,3,DB-13615,1411,529,3,34.05
5591,CA-2023-115224,2023-12-08,2023-12-11,3,DB-13615,1354,529,3,352.38
36,CA-2023-117590,2023-12-08,2023-12-10,2,GH-14485,1763,173,2,1097.544
37,CA-2023-117590,2023-12-08,2023-12-10,2,GH-14485,231,173,2,190.92
3104,CA-2023-124562,2023-12-08,2023-12-12,4,JP-16135,831,278,4,12.957
3479,CA-2023-131289,2023-12-08,2023-12-14,6,SP-20620,593,529,4,8.56
3480,CA-2023-131289,2023-12-08,2023-12-14,6,SP-20620,1276,529,4,45.36
3481,CA-2023-131289,2023-12-08,2023-12-14,6,SP-20620,366,529,4,1421.664
1299,CA-2023-134425,2023-12-08,2023-12-12,4,QJ-19255,1802,98,3,114.95
8441,CA-2023-158302,2023-12-08,2023-12-12,4,JB-16045,1040,278,3,10.584
9162,CA-2023-160108,2023-12-08,2023-12-12,4,AG-10900,13,183,4,405.86
9163,CA-2023-160108,2023-12-08,2023-12-12,4,AG-10900,105,183,4,680.01
8555,CA-2023-102092,2023-12-09,2023-12-11,2,PM-18940,371,445,2,1056.86
2033,CA-2023-128923,2023-12-09,2023-12-13,4,GB-14530,1114,146,4,9.392
2034,CA-2023-128923,2023-12-09,2023-12-13,4,GB-14530,549,146,4,9.328
3739,CA-2023-133340,2023-12-09,2023-12-13,4,LH-17155,1787,73,4,10.9
3740,CA-2023-133340,2023-12-09,2023-12-13,4,LH-17155,1539,73,4,59.98
3741,CA-2023-133340,2023-12-09,2023-12-13,4,LH-17155,450,73,4,61.929
22,CA-2023-137330,2023-12-09,2023-12-13,4,KB-16585,567,109,4,19.46
23,CA-2023-137330,2023-12-09,2023-12-13,4,KB-16585,394,109,4,60.34
1312,CA-2023-141082,2023-12-09,2023-12-13,4,FM-14380,1008,224,4,3.69
1313,CA-2023-141082,2023-12-09,2023-12-13,4,FM-14380,964,224,4,122.12
6711,CA-2023-149503,2023-12-09,2023-12-12,3,SP-20650,842,539,2,273.92
4752,CA-2023-159989,2023-12-09,2023-12-13,4,EB-13870,1705,426,4,40.68
4980,US-2023-131114,2023-12-09,2023-12-13,4,RW-19630,1454,8,3,20.568
4981,US-2023-131114,2023-12-09,2023-12-13,4,RW-19630,401,8,3,4.356
4982,US-2023-131114,2023-12-09,2023-12-13,4,RW-19630,1520,8,3,19.04
3258,US-2023-161844,2023-12-09,2023-12-14,5,DK-12835,365,426,3,79.974
3259,US-2023-161844,2023-12-09,2023-12-14,5,DK-12835,664,426,3,2.946
8188,CA-2023-127194,2023-12-10,2023-12-16,6,BW-11110,1032,264,4,62.82
2192,CA-2023-128412,2023-12-10,2023-12-17,7,AP-10915,740,624,4,153.552
2193,CA-2023-128412,2023-12-10,2023-12-17,7,AP-10915,445,624,4,65.34
2194,CA-2023-128412,2023-12-10,2023-12-17,7,AP-10915,1256,624,4,123.92
2195,CA-2023-128412,2023-12-10,2023-12-17,7,AP-10915,442,624,4,35.1
2196,CA-2023-128412,2023-12-10,2023-12-17,7,AP-10915,1517,624,4,44.75
7617,CA-2023-144309,2023-12-10,2023-12-16,6,CM-12235,1133,272,4,18.54
7618,CA-2023-144309,2023-12-10,2023-12-16,6,CM-12235,728,272,4,679.96
253,CA-2023-146941,2023-12-10,2023-12-13,3,DL-13315,1358,264,2,80.58
254,CA-2023-146941,2023-12-10,2023-12-13,3,DL-13315,910,264,2,361.92
5525,CA-2023-147123,2023-12-10,2023-12-12,2,SJ-20125,1132,493,2,80.28
250,CA-2023-154739,2023-12-10,2023-12-15,5,LH-17155,76,528,3,321.568
3940,US-2023-143448,2023-12-10,2023-12-10,0,MH-17455,58,39,1,1424.9
54,CA-2023-105816,2023-12-11,2023-12-17,6,JM-15265,920,264,4,15.26
55,CA-2023-105816,2023-12-11,2023-12-17,6,JM-15265,1713,264,4,1029.95
6185,CA-2023-143609,2023-12-11,2023-12-13,2,DB-13270,69,594,2,403.92
649,CA-2023-160745,2023-12-11,2023-12-16,5,AR-10825,142,627,3,14.8
650,CA-2023-160745,2023-12-11,2023-12-16,5,AR-10825,1716,627,3,302.376
651,CA-2023-160745,2023-12-11,2023-12-16,5,AR-10825,1493,627,3,316.0
5994,CA-2023-162187,2023-12-11,2023-12-11,0,NS-18640,1315,278,1,64.96
5995,CA-2023-162187,2023-12-11,2023-12-11,0,NS-18640,1464,278,1,13.52
5996,CA-2023-162187,2023-12-11,2023-12-11,0,NS-18640,123,278,1,458.43
5997,CA-2023-162187,2023-12-11,2023-12-11,0,NS-18640,399,278,1,387.136
5998,CA-2023-162187,2023-12-11,2023-12-11,0,NS-18640,376,278,1,328.59
7051,CA-2023-165330,2023-12-11,2023-12-11,0,WB-21850,786,462,1,209.6
7052,CA-2023-165330,2023-12-11,2023-12-11,0,WB-21850,513,462,1,23.32
7053,CA-2023-165330,2023-12-11,2023-12-11,0,WB-21850,1071,462,1,30.98
7054,CA-2023-165330,2023-12-11,2023-12-11,0,WB-21850,1585,462,1,119.96
7055,CA-2023-165330,2023-12-11,2023-12-11,0,WB-21850,89,462,1,363.92
7056,CA-2023-165330,2023-12-11,2023-12-11,0,WB-21850,813,462,1,35.808
7057,CA-2023-165330,2023-12-11,2023-12-11,0,WB-21850,763,462,1,122.688
7058,CA-2023-165330,2023-12-11,2023-12-11,0,WB-21850,367,462,1,892.136
7059,CA-2023-165330,2023-12-11,2023-12-11,0,WB-21850,1398,462,1,50.22
7060,CA-2023-165330,2023-12-11,2023-12-11,0,WB-21850,431,462,1,83.42
7061,CA-2023-165330,2023-12-11,2023-12-11,0,WB-21850,707,462,1,5.872
1603,US-2023-132857,2023-12-11,2023-12-17,6,CA-12775,617,435,4,6.672
631,US-2023-135720,2023-12-11,2023-12-13,2,FM-14380,1436,552,3,243.384
632,US-2023-135720,2023-12-11,2023-12-13,2,FM-14380,1501,552,3,119.8
633,US-2023-135720,2023-12-11,2023-12-13,2,FM-14380,1778,552,3,300.768
1136,US-2023-148803,2023-12-11,2023-12-11,0,LR-16915,1420,342,1,85.224
9696,US-2023-151260,2023-12-11,2023-12-14,3,SC-20695,409,294,2,73.536
5577,CA-2023-136686,2023-12-12,2023-12-16,4,RF-19840,265,511,4,383.64
5578,CA-2023-136686,2023-12-12,2023-12-16,4,RF-19840,411,511,4,56.52
4574,CA-2023-139395,2023-12-12,2023-12-18,6,MG-17650,1778,73,4,657.93
4575,CA-2023-139395,2023-12-12,2023-12-18,6,MG-17650,324,73,4,33.48
4576,CA-2023-139395,2023-12-12,2023-12-18,6,MG-17650,584,73,4,13.9
4577,CA-2023-139395,2023-12-12,2023-12-18,6,MG-17650,1352,73,4,26.86
4035,US-2023-108777,2023-12-12,2023-12-12,0,JM-15655,837,288,1,18.693
4036,US-2023-108777,2023-12-12,2023-12-12,0,JM-15655,1532,288,1,383.952
5251,US-2023-169369,2023-12-12,2023-12-18,6,EC-14050,1487,371,4,249.95
5252,US-2023-169369,2023-12-12,2023-12-18,6,EC-14050,1168,371,4,49.12
456,CA-2023-100153,2023-12-13,2023-12-17,4,KH-16630,1576,118,4,63.88
3687,CA-2023-102792,2023-12-13,2023-12-19,6,JC-15340,531,519,4,9.84
942,CA-2023-142958,2023-12-13,2023-12-20,7,RW-19630,662,543,4,6.096
943,CA-2023-142958,2023-12-13,2023-12-20,7,RW-19630,345,543,4,1114.272
6392,CA-2023-129126,2023-12-14,2023-12-19,5,PK-19075,1105,263,4,14.62
6393,CA-2023-129126,2023-12-14,2023-12-19,5,PK-19075,961,263,4,5.76
6394,CA-2023-129126,2023-12-14,2023-12-19,5,PK-19075,936,263,4,21.48
6395,CA-2023-129126,2023-12-14,2023-12-19,5,PK-19075,252,263,4,396.92
6396,CA-2023-129126,2023-12-14,2023-12-19,5,PK-19075,1320,263,4,17.15
6397,CA-2023-129126,2023-12-14,2023-12-19,5,PK-19075,666,263,4,23.12
3469,CA-2023-146143,2023-12-14,2023-12-19,5,MC-17845,240,394,4,133.38
7941,CA-2023-146325,2023-12-14,2023-12-17,3,DS-13180,85,526,2,81.424
7942,CA-2023-146325,2023-12-14,2023-12-17,3,DS-13180,1427,526,2,134.8
8263,CA-2023-100307,2023-12-15,2023-12-19,4,TC-21475,1224,323,4,19.44
8047,CA-2023-113600,2023-12-15,2023-12-17,2,SH-20395,704,279,3,2.214
722,CA-2023-142335,2023-12-15,2023-12-19,4,MP-17965,355,68,4,1652.94
723,CA-2023-142335,2023-12-15,2023-12-19,4,MP-17965,1392,68,4,296.37
6378,US-2023-116442,2023-12-15,2023-12-22,7,BP-11230,216,494,4,14.76
6647,US-2023-127334,2023-12-15,2023-12-21,6,MP-18175,347,597,4,564.195
6648,US-2023-127334,2023-12-15,2023-12-21,6,MP-18175,400,597,4,87.168
6203,CA-2023-118332,2023-12-16,2023-12-23,7,PK-19075,120,464,4,563.92
6720,CA-2023-130442,2023-12-16,2023-12-19,3,SF-20065,391,405,2,34.944
8685,CA-2023-155446,2023-12-16,2023-12-23,7,TN-21040,1508,525,4,21.21
470,US-2023-100419,2023-12-16,2023-12-20,4,CC-12670,712,8,3,4.788
1465,US-2023-104794,2023-12-16,2023-12-19,3,KD-16495,952,262,2,3.68
9040,CA-2023-117121,2023-12-17,2023-12-21,4,AB-10105,744,68,4,9892.74
9016,CA-2023-131639,2023-12-17,2023-12-23,6,NS-18640,788,584,4,13.488
9017,CA-2023-131639,2023-12-17,2023-12-23,6,NS-18640,748,584,4,11.416
8414,CA-2023-147109,2023-12-17,2023-12-21,4,AH-10075,1287,127,4,51.84
8415,CA-2023-147109,2023-12-17,2023-12-21,4,AH-10075,1625,127,4,165.6
5912,CA-2023-155383,2023-12-17,2023-12-22,5,SC-20680,1385,625,4,46.53
3771,CA-2023-155530,2023-12-17,2023-12-21,4,CM-12160,348,530,4,2003.52
4861,CA-2023-101546,2023-12-18,2023-12-24,6,GK-14620,742,244,4,1793.98
287,CA-2023-112697,2023-12-18,2023-12-20,2,AH-10195,772,366,3,254.058
288,CA-2023-112697,2023-12-18,2023-12-20,2,AH-10195,393,366,3,194.528
289,CA-2023-112697,2023-12-18,2023-12-20,2,AH-10195,1474,366,3,961.48
5022,CA-2023-133795,2023-12-18,2023-12-24,6,JE-15475,1606,526,4,72.64
5023,CA-2023-133795,2023-12-18,2023-12-24,6,JE-15475,1552,526,4,772.47
5024,CA-2023-133795,2023-12-18,2023-12-24,6,JE-15475,218,526,4,39.92
7579,CA-2023-138597,2023-12-18,2023-12-21,3,PN-18775,104,112,2,563.94
8908,CA-2023-139934,2023-12-18,2023-12-20,2,AY-10555,1774,529,2,66.976
5655,CA-2023-145261,2023-12-18,2023-12-21,3,AH-10120,833,596,2,45.24
5656,CA-2023-145261,2023-12-18,2023-12-21,3,AH-10120,561,596,2,18.688
5657,CA-2023-145261,2023-12-18,2023-12-21,3,AH-10120,1048,596,2,11.648
5658,CA-2023-145261,2023-12-18,2023-12-21,3,AH-10120,1617,596,2,112.776
5659,CA-2023-145261,2023-12-18,2023-12-21,3,AH-10120,371,596,2,377.45
5660,CA-2023-145261,2023-12-18,2023-12-21,3,AH-10120,1015,596,2,15.936
5661,CA-2023-145261,2023-12-18,2023-12-21,3,AH-10120,1795,596,2,28.68
1315,CA-2023-145919,2023-12-18,2023-12-23,5,HG-14965,1063,496,4,38.88
1316,CA-2023-145919,2023-12-18,2023-12-23,5,HG-14965,292,496,4,183.84
1317,CA-2023-145919,2023-12-18,2023-12-23,5,HG-14965,1475,496,4,579.3
641,CA-2023-147067,2023-12-18,2023-12-22,4,JD-16150,194,93,4,18.84
3505,CA-2023-150945,2023-12-18,2023-12-20,2,JK-16120,1432,262,3,900.08
7792,CA-2023-108364,2023-12-19,2023-12-24,5,BP-11050,841,9,4,1.8
8430,CA-2023-118129,2023-12-19,2023-12-21,2,CL-12565,192,306,3,303.92
5543,CA-2023-134936,2023-12-19,2023-12-25,6,ES-14080,381,460,4,455.97
5544,CA-2023-134936,2023-12-19,2023-12-25,6,ES-14080,838,460,4,10.44
5545,CA-2023-134936,2023-12-19,2023-12-25,6,ES-14080,716,460,4,5.214
6171,CA-2023-141523,2023-12-19,2023-12-24,5,MH-17440,748,265,3,34.248
6172,CA-2023-141523,2023-12-19,2023-12-24,5,MH-17440,576,265,3,3.52
3721,CA-2023-151155,2023-12-20,2023-12-24,4,AB-10255,153,394,4,18.92
3722,CA-2023-151155,2023-12-20,2023-12-24,4,AB-10255,721,394,4,15.42
3516,CA-2023-168536,2023-12-20,2023-12-24,4,SC-20800,1609,394,4,66.3
7029,US-2023-157840,2023-12-20,2023-12-23,3,MC-17575,1106,109,3,33.9
8512,CA-2023-103359,2023-12-22,2023-12-26,4,LC-16885,754,265,4,25.584
9349,CA-2023-114860,2023-12-22,2023-12-28,6,DN-13690,184,504,4,842.72
9350,CA-2023-114860,2023-12-22,2023-12-28,6,DN-13690,277,504,4,41.96
8668,CA-2023-149916,2023-12-22,2023-12-24,2,ED-13885,848,625,3,55.36
8669,CA-2023-149916,2023-12-22,2023-12-24,2,ED-13885,1697,625,3,11.56
1825,CA-2023-167507,2023-12-22,2023-12-28,6,SA-20830,673,595,4,31.32
1826,CA-2023-167507,2023-12-22,2023-12-28,6,SA-20830,142,595,4,11.84
1827,CA-2023-167507,2023-12-22,2023-12-28,6,SA-20830,294,595,4,22.784
9673,CA-2023-114867,2023-12-23,2023-12-28,5,FM-14290,1218,305,4,7.968
9674,CA-2023-114867,2023-12-23,2023-12-28,5,FM-14290,1790,305,4,1499.97
2306,CA-2023-115574,2023-12-23,2023-12-24,1,BP-11185,15,9,2,141.372
8558,CA-2023-132829,2023-12-23,2023-12-26,3,LA-16780,1884,154,3,453.576
8559,CA-2023-132829,2023-12-23,2023-12-26,3,LA-16780,1019,154,3,45.36
8560,CA-2023-132829,2023-12-23,2023-12-26,3,LA-16780,1744,154,3,287.88
8561,CA-2023-132829,2023-12-23,2023-12-26,3,LA-16780,1745,154,3,131.88
8562,CA-2023-132829,2023-12-23,2023-12-26,3,LA-16780,253,154,3,2.328
4891,CA-2023-135776,2023-12-23,2023-12-30,7,EH-13765,566,623,4,8.82
4892,CA-2023-135776,2023-12-23,2023-12-30,7,EH-13765,1051,623,4,37.94
4893,CA-2023-135776,2023-12-23,2023-12-30,7,EH-13765,630,623,4,4.2
4894,CA-2023-135776,2023-12-23,2023-12-30,7,EH-13765,1399,623,4,227.28
4895,CA-2023-135776,2023-12-23,2023-12-30,7,EH-13765,1173,623,4,47.9
4896,CA-2023-135776,2023-12-23,2023-12-30,7,EH-13765,905,623,4,61.96
4897,CA-2023-135776,2023-12-23,2023-12-30,7,EH-13765,1438,623,4,1117.92
4842,CA-2023-136049,2023-12-23,2023-12-28,5,NM-18520,831,275,4,5.553
1301,CA-2023-137043,2023-12-23,2023-12-25,2,LC-17140,231,445,3,572.76
1302,CA-2023-137043,2023-12-23,2023-12-25,2,LC-17140,231,445,3,286.38
6528,CA-2023-157791,2023-12-23,2023-12-28,5,CA-11965,1637,310,3,1999.96
3251,CA-2023-157868,2023-12-23,2023-12-29,6,MC-17590,915,71,4,24.85
7239,CA-2023-101651,2023-12-24,2023-12-30,6,SC-20305,197,532,4,43.96
7240,CA-2023-101651,2023-12-24,2023-12-30,6,SC-20305,901,532,4,39.76
4750,CA-2023-123526,2023-12-24,2023-12-25,1,BV-11245,1158,623,2,33.4
6831,CA-2023-140438,2023-12-24,2023-12-27,3,PW-19030,1868,262,3,197.97
6191,CA-2023-157259,2023-12-24,2023-12-28,4,JM-15535,271,265,4,799.56
1258,US-2023-168620,2023-12-24,2023-12-28,4,RB-19795,749,400,3,27.882
1259,US-2023-168620,2023-12-24,2023-12-28,4,RB-19795,1432,400,3,540.048
1260,US-2023-168620,2023-12-24,2023-12-28,4,RB-19795,1587,400,3,255.68
6032,CA-2023-101168,2023-12-25,2024-01-01,7,SS-20140,278,234,4,21.12
6631,CA-2023-105081,2023-12-25,2023-12-30,5,JE-15715,68,625,4,698.352
6632,CA-2023-105081,2023-12-25,2023-12-30,5,JE-15715,382,625,4,1747.25
6800,CA-2023-109827,2023-12-25,2024-01-01,7,LW-16825,374,456,4,35.445
6801,CA-2023-109827,2023-12-25,2024-01-01,7,LW-16825,1688,456,4,269.97
6802,CA-2023-109827,2023-12-25,2024-01-01,7,LW-16825,1504,456,4,45.12
6803,CA-2023-109827,2023-12-25,2024-01-01,7,LW-16825,1496,456,4,100.8
6804,CA-2023-109827,2023-12-25,2024-01-01,7,LW-16825,82,456,4,47.968
7396,CA-2023-110975,2023-12-25,2023-12-30,5,DB-12970,337,264,4,313.176
7397,CA-2023-110975,2023-12-25,2023-12-30,5,DB-12970,97,264,4,866.646
5330,CA-2023-111941,2023-12-25,2023-12-28,3,BD-11620,755,265,3,33.568
7890,CA-2023-148684,2023-12-25,2023-12-29,4,TS-21655,577,323,4,19.89
7891,CA-2023-148684,2023-12-25,2023-12-29,4,TS-21655,1600,323,4,399.98
7892,CA-2023-148684,2023-12-25,2023-12-29,4,TS-21655,263,323,4,343.85
7893,CA-2023-148684,2023-12-25,2023-12-29,4,TS-21655,1167,323,4,106.32
8272,CA-2023-169670,2023-12-25,2023-12-31,6,JE-15715,98,262,4,2563.056
1806,US-2023-116729,2023-12-25,2023-12-28,3,GK-14620,1860,499,2,2575.944
1807,US-2023-116729,2023-12-25,2023-12-28,3,GK-14620,1299,499,2,45.36
1808,US-2023-116729,2023-12-25,2023-12-28,3,GK-14620,1606,499,2,254.24
4403,CA-2023-114538,2023-12-26,2023-12-27,1,RC-19825,625,554,2,11.328
5178,CA-2023-123015,2023-12-26,2023-12-30,4,AJ-10795,816,264,4,4.992
4591,CA-2023-129868,2023-12-26,2023-12-31,5,MC-18130,1466,494,4,17.76
4592,CA-2023-129868,2023-12-26,2023-12-31,5,MC-18130,1797,494,4,302.384
4593,CA-2023-129868,2023-12-26,2023-12-31,5,MC-18130,54,494,4,146.352
4594,CA-2023-129868,2023-12-26,2023-12-31,5,MC-18130,463,494,4,7.9
4595,CA-2023-129868,2023-12-26,2023-12-31,5,MC-18130,347,494,4,902.712
4596,CA-2023-129868,2023-12-26,2023-12-31,5,MC-18130,554,494,4,53.97
3351,CA-2023-147536,2023-12-26,2023-12-31,5,AR-10510,1484,264,4,89.97
3726,CA-2023-151512,2023-12-26,2024-01-02,7,SH-19975,442,556,4,18.72
5033,CA-2023-155166,2023-12-26,2024-01-02,7,BB-11545,119,251,4,212.94
5034,CA-2023-155166,2023-12-26,2024-01-02,7,BB-11545,434,251,4,26.49
1435,US-2023-153129,2023-12-26,2023-12-30,4,FP-14320,1106,624,4,33.9
8390,CA-2023-102596,2023-12-27,2023-12-30,3,RD-19810,936,274,2,17.184
8580,CA-2023-111605,2023-12-27,2024-01-02,6,JW-15955,966,383,4,2.61
7182,CA-2023-138667,2023-12-27,2023-12-30,3,MW-18220,1581,287,3,40.0
4439,CA-2023-162726,2023-12-27,2024-01-02,6,MT-17815,1287,172,4,10.368
4440,CA-2023-162726,2023-12-27,2024-01-02,6,MT-17815,1074,172,4,23.68
8149,US-2023-131058,2023-12-27,2023-12-31,4,EM-14140,1014,535,4,20.16
2845,US-2023-162852,2023-12-27,2023-12-31,4,BG-11695,80,35,4,845.488
8763,CA-2023-112578,2023-12-29,2024-01-02,4,FO-14305,1391,521,4,14.03
8764,CA-2023-112578,2023-12-29,2024-01-02,4,FO-14305,1468,521,4,27.96
5363,CA-2023-122017,2023-12-29,2024-01-02,4,CD-11920,235,63,4,70.56
5364,CA-2023-122017,2023-12-29,2024-01-02,4,CD-11920,405,63,4,81.96
2643,CA-2023-124051,2023-12-29,2023-12-30,1,KA-16525,1124,2,2,186.048
4155,CA-2023-139689,2023-12-29,2024-01-03,5,MP-17965,778,422,4,38.088
4156,CA-2023-139689,2023-12-29,2024-01-03,5,MP-17965,859,422,4,2.808
2415,CA-2023-156300,2023-12-29,2024-01-02,4,TB-21595,74,189,4,754.45
7063,CA-2023-157742,2023-12-29,2023-12-31,2,KL-16645,889,597,3,27.792
8724,US-2023-135209,2023-12-29,2023-12-31,2,MH-17290,1158,350,3,37.408
8725,US-2023-135209,2023-12-29,2023-12-31,2,MH-17290,1045,350,3,25.344
5423,US-2023-163258,2023-12-29,2024-01-02,4,PF-19225,668,498,4,11.232
7562,CA-2023-105746,2023-12-30,2024-01-01,2,BD-11605,101,301,2,170.786
4139,CA-2023-117226,2023-12-30,2024-01-01,2,KD-16495,676,143,2,6.924
4762,CA-2023-117660,2023-12-30,2024-01-04,5,BM-11785,975,278,4,5.904
4763,CA-2023-117660,2023-12-30,2024-01-04,5,BM-11785,1454,278,4,13.712
9283,CA-2023-160486,2023-12-30,2024-01-04,5,EH-14185,1062,368,4,72.224
8667,CA-2023-163951,2023-12-30,2024-01-02,3,CJ-11875,558,304,2,16.52
5760,US-2023-111528,2023-12-30,2023-12-30,0,JP-16135,1372,496,1,481.32
5761,US-2023-111528,2023-12-30,2023-12-30,0,JP-16135,712,496,1,6.384
2822,CA-2023-100202,2023-12-31,2024-01-05,5,BD-11620,1719,462,4,302.376
5739,CA-2023-156139,2023-12-31,2024-01-06,6,BP-11155,754,528,4,38.376
1153,CA-2023-160395,2023-12-31,2024-01-06,6,KL-16555,530,581,4,3.64
1154,CA-2023-160395,2023-12-31,2024-01-06,6,KL-16555,797,581,4,159.768
6342,US-2023-105830,2023-12-31,2024-01-02,2,DB-13660,1433,287,2,156.512
4613,US-2023-165953,2023-12-31,2024-01-06,6,EP-13915,597,343,4,47.616
4614,US-2023-165953,2023-12-31,2024-01-06,6,EP-13915,1114,343,4,23.48
849,CA-2024-107503,2024-01-01,2024-01-06,5,GA-14725,268,288,4,48.896
4010,CA-2024-144463,2024-01-01,2024-01-05,4,SC-20725,256,497,4,474.43
8070,CA-2024-151750,2024-01-01,2024-01-05,4,JM-15250,1399,157,4,454.56
8071,CA-2024-151750,2024-01-01,2024-01-05,4,JM-15250,308,157,4,141.42
8072,CA-2024-151750,2024-01-01,2024-01-05,4,JM-15250,121,157,4,310.744
8073,CA-2024-151750,2024-01-01,2024-01-05,4,JM-15250,547,157,4,12.736
8074,CA-2024-151750,2024-01-01,2024-01-05,4,JM-15250,747,157,4,6.47
8075,CA-2024-151750,2024-01-01,2024-01-05,4,JM-15250,807,157,4,13.748
8076,CA-2024-151750,2024-01-01,2024-01-05,4,JM-15250,440,157,4,15.224
6683,CA-2024-154466,2024-01-01,2024-01-02,1,DP-13390,841,184,2,3.6
1341,CA-2024-113481,2024-01-02,2024-01-04,2,AS-10045,1652,409,2,695.7
1342,CA-2024-113481,2024-01-02,2024-01-04,2,AS-10045,673,409,2,15.66
1343,CA-2024-113481,2024-01-02,2024-01-04,2,AS-10045,698,409,2,28.854
9686,CA-2024-118668,2024-01-02,2024-01-04,2,FW-14395,1510,496,3,16.59
8361,CA-2024-147207,2024-01-02,2024-01-04,2,TS-21655,568,145,3,31.744
8362,CA-2024-147207,2024-01-02,2024-01-04,2,TS-21655,460,145,3,5.432
8363,CA-2024-147207,2024-01-02,2024-01-04,2,TS-21655,337,145,3,913.43
8364,CA-2024-147207,2024-01-02,2024-01-04,2,TS-21655,1337,145,3,372.144
9491,CA-2024-111738,2024-01-03,2024-01-07,4,CM-12385,758,529,4,2022.272
9492,CA-2024-111738,2024-01-03,2024-01-07,4,CM-12385,553,529,4,9.12
5258,US-2024-114034,2024-01-03,2024-01-08,5,DL-13315,1166,514,4,38.88
4937,CA-2024-150931,2024-01-06,2024-01-13,7,DP-13390,854,321,4,33.74
978,CA-2024-159366,2024-01-07,2024-01-10,3,BW-11110,1675,68,2,3059.982
7372,US-2024-123862,2024-01-07,2024-01-09,2,JF-15190,1341,493,3,153.78
7373,US-2024-123862,2024-01-07,2024-01-09,2,JF-15190,1431,493,3,61.02
7374,US-2024-123862,2024-01-07,2024-01-09,2,JF-15190,1450,493,3,110.11
7375,US-2024-123862,2024-01-07,2024-01-09,2,JF-15190,948,493,3,7.89
2121,US-2024-168690,2024-01-07,2024-01-13,6,TS-21085,859,355,4,2.808
2290,CA-2024-115154,2024-01-08,2024-01-11,3,RS-19420,330,625,2,892.98
7221,CA-2024-154760,2024-01-09,2024-01-13,4,BP-11290,784,304,4,274.491
5900,CA-2024-108000,2024-01-12,2024-01-16,4,LS-16945,902,529,4,9.78
8641,US-2024-148551,2024-01-12,2024-01-16,4,DB-13120,744,141,4,760.98
1846,US-2024-158512,2024-01-12,2024-01-17,5,DA-13450,1215,208,3,40.08
1847,US-2024-158512,2024-01-12,2024-01-17,5,DA-13450,247,208,3,37.68
6619,US-2024-167402,2024-01-13,2024-01-18,5,CP-12085,1304,108,3,32.4
6620,US-2024-167402,2024-01-13,2024-01-18,5,CP-12085,550,108,3,209.94
6621,US-2024-167402,2024-01-13,2024-01-18,5,CP-12085,1472,108,3,4164.05
6622,US-2024-167402,2024-01-13,2024-01-18,5,CP-12085,20,108,3,212.94
4910,CA-2024-127306,2024-01-14,2024-01-18,4,BH-11710,865,429,4,18.336
4911,CA-2024-127306,2024-01-14,2024-01-18,4,BH-11710,1195,429,4,36.288
4912,CA-2024-127306,2024-01-14,2024-01-18,4,BH-11710,1888,429,4,111.984
4913,CA-2024-127306,2024-01-14,2024-01-18,4,BH-11710,789,429,4,5.97
4914,CA-2024-127306,2024-01-14,2024-01-18,4,BH-11710,681,429,4,2.508
1183,CA-2024-138779,2024-01-14,2024-01-15,1,RB-19570,908,409,2,21.744
1184,CA-2024-138779,2024-01-14,2024-01-15,1,RB-19570,1869,409,2,7.92
6980,CA-2024-149076,2024-01-14,2024-01-19,5,SO-20335,1160,497,4,154.9
4165,US-2024-106131,2024-01-14,2024-01-16,2,TP-21565,1502,552,2,169.064
4166,US-2024-106131,2024-01-14,2024-01-16,2,TP-21565,1379,552,2,168.624
3954,CA-2024-152961,2024-01-15,2024-01-19,4,SC-20095,1113,230,4,12.7
5068,CA-2024-160934,2024-01-15,2024-01-19,4,TT-21460,599,495,4,21.4
2767,CA-2024-167752,2024-01-15,2024-01-18,3,RW-19690,412,303,2,34.384
2768,CA-2024-167752,2024-01-15,2024-01-18,3,RW-19690,454,303,2,1924.16
6384,US-2024-104661,2024-01-15,2024-01-18,3,TB-21250,850,128,2,32.784
6385,US-2024-104661,2024-01-15,2024-01-18,3,TB-21250,1522,128,2,47.984
6386,US-2024-104661,2024-01-15,2024-01-18,3,TB-21250,1562,128,2,62.592
6387,US-2024-104661,2024-01-15,2024-01-18,3,TB-21250,652,128,2,4.276
5272,CA-2024-125913,2024-01-16,2024-01-16,0,JO-15145,217,495,1,27.92
5273,CA-2024-125913,2024-01-16,2024-01-16,0,JO-15145,377,495,1,399.672
6521,CA-2024-138289,2024-01-16,2024-01-18,2,AR-10540,739,73,3,5443.96
6522,CA-2024-138289,2024-01-16,2024-01-18,2,AR-10540,130,73,3,302.67
6523,CA-2024-138289,2024-01-16,2024-01-18,2,AR-10540,1110,73,3,56.07
9116,CA-2024-153045,2024-01-19,2024-01-24,5,NS-18505,1882,304,3,429.6
9117,CA-2024-153045,2024-01-19,2024-01-24,5,NS-18505,139,304,3,31.968
9118,CA-2024-153045,2024-01-19,2024-01-24,5,NS-18505,56,304,3,887.271
9119,CA-2024-153045,2024-01-19,2024-01-24,5,NS-18505,1106,304,3,21.696
1885,CA-2024-154718,2024-01-19,2024-01-23,4,DL-12865,1001,159,3,6.0
9387,US-2024-127292,2024-01-19,2024-01-23,4,RM-19375,1171,312,4,79.92
9388,US-2024-127292,2024-01-19,2024-01-23,4,RM-19375,1140,312,4,12.28
9389,US-2024-127292,2024-01-19,2024-01-23,4,RM-19375,398,312,4,542.94
9390,US-2024-127292,2024-01-19,2024-01-23,4,RM-19375,891,312,4,2.04
2408,CA-2024-144589,2024-01-20,2024-01-25,5,TM-21010,640,530,4,24.2
2409,CA-2024-144589,2024-01-20,2024-01-25,5,TM-21010,1828,530,4,359.976
7408,CA-2024-152079,2024-01-20,2024-01-21,1,ML-17410,1014,10,2,11.52
440,CA-2024-157252,2024-01-20,2024-01-23,3,CV-12805,64,264,3,207.846
1659,CA-2024-161809,2024-01-20,2024-01-26,6,TH-21100,1856,498,4,160.776
5425,US-2024-120649,2024-01-20,2024-01-26,6,JF-15490,576,204,4,3.52
2680,CA-2024-127026,2024-01-21,2024-01-27,6,MH-18115,677,73,4,14.4
2681,CA-2024-127026,2024-01-21,2024-01-27,6,MH-18115,1527,73,4,619.95
2682,CA-2024-127026,2024-01-21,2024-01-27,6,MH-18115,683,73,4,89.52
2683,CA-2024-127026,2024-01-21,2024-01-27,6,MH-18115,1672,73,4,350.973
2684,CA-2024-127026,2024-01-21,2024-01-27,6,MH-18115,1728,73,4,164.99
733,CA-2024-131954,2024-01-21,2024-01-25,4,DS-13030,1327,625,4,242.94
734,CA-2024-131954,2024-01-21,2024-01-25,4,DS-13030,1549,625,4,179.97
735,CA-2024-131954,2024-01-21,2024-01-25,4,DS-13030,837,625,4,99.696
736,CA-2024-131954,2024-01-21,2024-01-25,4,DS-13030,849,625,4,27.936
737,CA-2024-131954,2024-01-21,2024-01-25,4,DS-13030,29,625,4,84.98
738,CA-2024-131954,2024-01-21,2024-01-25,4,DS-13030,668,625,4,18.72
9745,CA-2024-141782,2024-01-21,2024-01-25,4,BE-11410,868,2,4,268.576
1096,CA-2024-160423,2024-01-21,2024-01-26,5,PS-19045,1355,400,4,348.208
1097,CA-2024-160423,2024-01-21,2024-01-26,5,PS-19045,763,400,4,35.784
516,CA-2024-127432,2024-01-22,2024-01-27,5,AD-10180,1629,575,4,2999.95
517,CA-2024-127432,2024-01-22,2024-01-27,5,AD-10180,1320,575,4,51.45
518,CA-2024-127432,2024-01-22,2024-01-27,5,AD-10180,1065,575,4,11.96
519,CA-2024-127432,2024-01-22,2024-01-27,5,AD-10180,1437,575,4,1126.02
7984,CA-2024-152499,2024-01-22,2024-01-25,3,EH-13765,946,9,3,15.12
7985,CA-2024-152499,2024-01-22,2024-01-25,3,EH-13765,600,9,3,7.872
6357,CA-2024-139080,2024-01-23,2024-01-28,5,CS-12250,810,623,4,19.68
6358,CA-2024-139080,2024-01-23,2024-01-28,5,CS-12250,1285,623,4,25.92
6359,CA-2024-139080,2024-01-23,2024-01-28,5,CS-12250,1182,623,4,6.48
6360,CA-2024-139080,2024-01-23,2024-01-28,5,CS-12250,1770,623,4,86.352
523,CA-2024-145142,2024-01-23,2024-01-25,2,MC-17605,329,70,2,210.98
9654,CA-2024-161893,2024-01-23,2024-01-27,4,HP-14815,1540,460,4,95.984
9655,CA-2024-161893,2024-01-23,2024-01-27,4,HP-14815,855,460,4,4.938
9596,CA-2024-104619,2024-01-24,2024-01-29,5,KD-16495,394,532,4,25.86
9597,CA-2024-104619,2024-01-24,2024-01-29,5,KD-16495,782,532,4,276.784
9598,CA-2024-104619,2024-01-24,2024-01-29,5,KD-16495,1784,532,4,110.352
2376,CA-2024-119669,2024-01-24,2024-01-30,6,TP-21130,939,377,4,5.67
2834,CA-2024-134649,2024-01-26,2024-01-31,5,CA-11965,560,317,3,15.47
2835,CA-2024-134649,2024-01-26,2024-01-31,5,CA-11965,695,317,3,7.16
7820,CA-2024-150469,2024-01-26,2024-01-30,4,CJ-12010,929,528,4,11.84
5492,CA-2024-164098,2024-01-26,2024-01-27,1,CG-12520,1411,155,2,18.16
8312,US-2024-105935,2024-01-26,2024-01-31,5,BD-11500,152,371,4,62.72
8313,US-2024-105935,2024-01-26,2024-01-31,5,BD-11500,1859,371,4,2939.93
2169,CA-2024-117870,2024-01-27,2024-01-30,3,JH-15820,561,285,3,14.016
2170,CA-2024-117870,2024-01-27,2024-01-30,3,JH-15820,1483,285,3,71.976
2171,CA-2024-117870,2024-01-27,2024-01-30,3,JH-15820,1776,285,3,107.982
7222,US-2024-104437,2024-01-27,2024-01-31,4,TG-21310,1784,265,4,137.94
1415,CA-2024-115994,2024-01-28,2024-01-31,3,BT-11305,1526,474,3,239.97
1416,CA-2024-115994,2024-01-28,2024-01-31,3,BT-11305,169,474,3,37.74
4784,US-2024-147984,2024-01-28,2024-02-01,4,GB-14575,1198,63,4,279.9
6778,US-2024-166037,2024-01-28,2024-02-01,4,CL-12700,1593,262,4,449.91
7028,CA-2024-131653,2024-01-29,2024-02-05,7,RD-19585,1018,263,4,5.22
5030,CA-2024-139304,2024-01-29,2024-02-02,4,VG-21790,590,528,4,8.34
5031,CA-2024-139304,2024-01-29,2024-02-02,4,VG-21790,1454,528,4,8.57
5032,CA-2024-139304,2024-01-29,2024-02-02,4,VG-21790,719,528,4,119.616
8590,CA-2024-145338,2024-01-29,2024-02-01,3,BD-11770,619,302,2,4.768
3886,US-2024-127341,2024-01-29,2024-02-02,4,CK-12595,735,10,4,12.128
771,CA-2024-104220,2024-01-30,2024-02-05,6,BV-11245,710,53,4,18.28
772,CA-2024-104220,2024-01-30,2024-02-05,6,BV-11245,1710,53,4,207.0
773,CA-2024-104220,2024-01-30,2024-02-05,6,BV-11245,747,53,4,32.35
774,CA-2024-104220,2024-01-30,2024-02-05,6,BV-11245,721,53,4,7.71
775,CA-2024-104220,2024-01-30,2024-02-05,6,BV-11245,519,53,4,40.3
776,CA-2024-104220,2024-01-30,2024-02-05,6,BV-11245,155,53,4,34.58
4144,CA-2024-112725,2024-01-30,2024-02-06,7,EH-14125,530,529,4,12.74
4145,CA-2024-112725,2024-01-30,2024-02-06,7,EH-14125,589,529,4,8.82
4146,CA-2024-112725,2024-01-30,2024-02-06,7,EH-14125,118,529,4,120.784
8268,CA-2024-121790,2024-01-30,2024-02-06,7,LP-17095,331,2,4,69.375
8269,CA-2024-121790,2024-01-30,2024-02-06,7,LP-17095,1460,2,4,31.68
8270,CA-2024-121790,2024-01-30,2024-02-06,7,LP-17095,1863,2,4,2003.168
8271,CA-2024-121790,2024-01-30,2024-02-06,7,LP-17095,622,2,4,9.344
5485,CA-2024-148999,2024-01-30,2024-02-04,5,EB-13870,122,349,4,419.136
8366,CA-2024-157273,2024-01-30,2024-02-02,3,SZ-20035,1797,624,2,604.768
2922,CA-2024-164329,2024-01-30,2024-01-30,0,MM-17920,1414,528,1,129.3
8747,CA-2024-128076,2024-02-02,2024-02-07,5,BO-11350,203,527,4,210.58
8748,CA-2024-128076,2024-02-02,2024-02-07,5,BO-11350,743,527,4,30.96
8749,CA-2024-128076,2024-02-02,2024-02-07,5,BO-11350,1664,527,4,239.984
5145,CA-2024-161333,2024-02-02,2024-02-07,5,JL-15835,257,498,4,86.26
5146,CA-2024-161333,2024-02-02,2024-02-07,5,JL-15835,1380,498,4,139.04
5147,CA-2024-161333,2024-02-02,2024-02-07,5,JL-15835,442,498,4,46.8
131,US-2024-164147,2024-02-02,2024-02-05,3,DW-13585,1721,278,2,59.97
132,US-2024-164147,2024-02-02,2024-02-05,3,DW-13585,1178,278,2,78.304
133,US-2024-164147,2024-02-02,2024-02-05,3,DW-13585,944,278,2,21.456
4755,CA-2024-126354,2024-02-03,2024-02-08,5,SC-20380,747,357,4,3.882
4756,CA-2024-126354,2024-02-03,2024-02-08,5,SC-20380,1029,357,4,115.296
7445,CA-2024-127474,2024-02-03,2024-02-07,4,RD-19810,1269,8,3,5.184
7446,CA-2024-127474,2024-02-03,2024-02-07,4,RD-19810,1153,8,3,65.584
7447,CA-2024-127474,2024-02-03,2024-02-07,4,RD-19810,204,8,3,22.2
7448,CA-2024-127474,2024-02-03,2024-02-07,4,RD-19810,1149,8,3,419.4
1321,CA-2024-167703,2024-02-03,2024-02-08,5,MC-17575,727,276,4,5.229
1322,CA-2024-167703,2024-02-03,2024-02-08,5,MC-17575,1371,276,4,285.552
7065,CA-2024-169474,2024-02-04,2024-02-09,5,JF-15355,401,268,4,32.67
6839,CA-2024-107517,2024-02-05,2024-02-09,4,FC-14335,476,543,4,1640.7
6840,CA-2024-107517,2024-02-05,2024-02-09,4,FC-14335,1766,543,4,371.2
6567,CA-2024-131282,2024-02-05,2024-02-08,3,CB-12025,784,181,3,243.992
6568,CA-2024-131282,2024-02-05,2024-02-08,3,CB-12025,639,181,3,7.12
5973,CA-2024-115105,2024-02-06,2024-02-11,5,BD-11770,4,264,4,240.784
2263,CA-2024-122994,2024-02-06,2024-02-09,3,MV-17485,6,437,2,359.97
7355,CA-2024-154102,2024-02-06,2024-02-13,7,SN-20560,1212,528,4,29.9
7026,US-2024-101840,2024-02-06,2024-02-12,6,SP-20545,1768,264,4,227.46
7027,US-2024-101840,2024-02-06,2024-02-12,6,SP-20545,666,264,4,46.24
3085,CA-2024-118773,2024-02-09,2024-02-14,5,TP-21415,758,155,4,252.784
3086,CA-2024-118773,2024-02-09,2024-02-14,5,TP-21415,1599,155,4,127.984
3087,CA-2024-118773,2024-02-09,2024-02-14,5,TP-21415,300,155,4,3.984
3088,CA-2024-118773,2024-02-09,2024-02-14,5,TP-21415,413,155,4,12.992
7246,CA-2024-145807,2024-02-09,2024-02-13,4,SB-20170,1410,496,4,354.9
5961,CA-2024-150602,2024-02-09,2024-02-14,5,ML-17395,278,498,3,21.12
2368,CA-2024-123659,2024-02-10,2024-02-13,3,MN-17935,1068,212,2,23.12
1535,CA-2024-124086,2024-02-10,2024-02-14,4,MP-18175,6,488,4,203.983
1520,CA-2024-116204,2024-02-11,2024-02-14,3,VW-21775,662,529,3,21.336
3146,CA-2024-131828,2024-02-11,2024-02-13,2,CS-11845,78,624,3,963.136
3147,CA-2024-131828,2024-02-11,2024-02-13,2,CS-11845,1792,624,3,88.776
9239,CA-2024-138156,2024-02-11,2024-02-14,3,MM-17260,189,278,2,147.568
8483,US-2024-118535,2024-02-11,2024-02-15,4,DJ-13510,960,264,4,20.7
2730,CA-2024-104801,2024-02-13,2024-02-19,6,FH-14350,560,624,4,6.63
2731,CA-2024-104801,2024-02-13,2024-02-19,6,FH-14350,1600,624,4,799.96
2732,CA-2024-104801,2024-02-13,2024-02-19,6,FH-14350,312,624,4,107.53
7119,CA-2024-104906,2024-02-13,2024-02-17,4,JP-15460,1165,262,4,17.94
5598,CA-2024-151176,2024-02-13,2024-02-20,7,SV-20785,1448,211,4,25.02
5599,CA-2024-151176,2024-02-13,2024-02-20,7,SV-20785,502,211,4,10.71
9633,CA-2024-154809,2024-02-13,2024-02-17,4,MH-17455,449,93,4,90.64
3780,CA-2024-118521,2024-02-16,2024-02-20,4,LF-17185,1174,265,4,37.94
6313,CA-2024-120019,2024-02-16,2024-02-21,5,NG-18355,1360,197,4,579.51
6314,CA-2024-120019,2024-02-16,2024-02-21,5,NG-18355,1734,197,4,14.99
8673,CA-2024-163265,2024-02-16,2024-02-21,5,JS-16030,956,12,4,18.368
8674,CA-2024-163265,2024-02-16,2024-02-21,5,JS-16030,60,12,4,600.558
8675,CA-2024-163265,2024-02-16,2024-02-21,5,JS-16030,1434,12,4,50.352
8676,CA-2024-163265,2024-02-16,2024-02-21,5,JS-16030,561,12,4,28.032
8677,CA-2024-163265,2024-02-16,2024-02-21,5,JS-16030,238,12,4,7.692
9344,CA-2024-109085,2024-02-17,2024-02-20,3,CK-12325,381,296,2,455.97
9345,CA-2024-109085,2024-02-17,2024-02-20,3,CK-12325,663,296,2,5.715
9346,CA-2024-109085,2024-02-17,2024-02-20,3,CK-12325,1880,296,2,57.594
9347,CA-2024-109085,2024-02-17,2024-02-20,3,CK-12325,247,296,2,30.144
9348,CA-2024-109085,2024-02-17,2024-02-20,3,CK-12325,59,296,2,899.43
4653,CA-2024-132647,2024-02-17,2024-02-23,6,GH-14410,1034,249,4,11.76
4654,CA-2024-132647,2024-02-17,2024-02-23,6,GH-14410,1351,249,4,166.45
3860,CA-2024-154039,2024-02-17,2024-02-22,5,JK-16120,353,10,4,480.96
3861,CA-2024-154039,2024-02-17,2024-02-22,5,JK-16120,1789,10,4,124.792
8106,CA-2024-159149,2024-02-17,2024-02-19,2,CR-12820,50,154,2,89.0664
8107,CA-2024-159149,2024-02-17,2024-02-19,2,CR-12820,539,154,2,175.44
8108,CA-2024-159149,2024-02-17,2024-02-19,2,CR-12820,1783,154,2,438.336
4362,US-2024-163195,2024-02-17,2024-02-21,4,LL-16840,1785,389,3,29.16
5388,CA-2024-164707,2024-02-18,2024-02-21,3,CV-12805,1888,498,3,167.976
5389,CA-2024-164707,2024-02-18,2024-02-21,3,CV-12805,1573,498,3,109.53
5390,CA-2024-164707,2024-02-18,2024-02-21,3,CV-12805,982,498,3,9.82
1837,CA-2024-122693,2024-02-19,2024-02-21,2,NH-18610,472,375,3,1245.86
3963,CA-2024-134838,2024-02-19,2024-02-20,1,ED-13885,570,498,2,12.84
3964,CA-2024-134838,2024-02-19,2024-02-20,1,ED-13885,318,498,2,44.67
2910,CA-2024-166415,2024-02-19,2024-02-23,4,ME-17725,940,623,4,11.22
4523,CA-2024-105445,2024-02-20,2024-02-25,5,BP-11095,942,562,3,9.432
801,CA-2024-105809,2024-02-20,2024-02-23,3,HW-14935,241,527,2,22.23
802,CA-2024-105809,2024-02-20,2024-02-23,3,HW-14935,1793,527,2,215.968
6655,CA-2024-135937,2024-02-20,2024-02-27,7,KM-16375,1878,452,4,333.576
6656,CA-2024-135937,2024-02-20,2024-02-27,7,KM-16375,1588,452,4,31.992
6657,CA-2024-135937,2024-02-20,2024-02-27,7,KM-16375,1350,452,4,51.168
6658,CA-2024-135937,2024-02-20,2024-02-27,7,KM-16375,883,452,4,10.64
6659,CA-2024-135937,2024-02-20,2024-02-27,7,KM-16375,262,452,4,68.704
6660,CA-2024-135937,2024-02-20,2024-02-27,7,KM-16375,372,452,4,386.91
3286,CA-2024-150525,2024-02-20,2024-02-25,5,JP-16135,604,117,4,6.56
3287,CA-2024-150525,2024-02-20,2024-02-25,5,JP-16135,421,117,4,13.11
9318,CA-2024-124940,2024-02-21,2024-02-26,5,DK-13090,1586,134,4,47.904
2083,CA-2024-104647,2024-02-23,2024-03-01,7,CK-12595,1041,495,4,37.44
6027,CA-2024-136007,2024-02-23,2024-03-02,8,AC-10615,925,625,4,8.4
6028,CA-2024-136007,2024-02-23,2024-03-02,8,AC-10615,1892,625,4,71.96
1992,CA-2024-111374,2024-02-24,2024-02-28,4,CB-12415,649,303,4,4.956
7227,CA-2024-127397,2024-02-24,2024-02-28,4,ES-14080,1256,303,4,123.92
7228,CA-2024-127397,2024-02-24,2024-02-28,4,ES-14080,1595,303,4,1319.8
3765,CA-2024-125878,2024-02-25,2024-03-02,6,MH-18025,688,9,4,1.788
7534,US-2024-134642,2024-02-25,2024-03-01,5,SW-20245,71,407,4,196.784
7535,US-2024-134642,2024-02-25,2024-03-01,5,SW-20245,16,407,4,231.92
1189,CA-2024-117212,2024-02-26,2024-02-28,2,BT-11530,468,497,3,81.92
1190,CA-2024-117212,2024-02-26,2024-02-28,2,BT-11530,1878,497,3,889.536
1191,CA-2024-117212,2024-02-26,2024-02-28,2,BT-11530,90,497,3,892.224
1192,CA-2024-117212,2024-02-26,2024-02-28,2,BT-11530,1169,497,3,223.92
1193,CA-2024-117212,2024-02-26,2024-02-28,2,BT-11530,1187,497,3,23.12
6921,CA-2024-121706,2024-02-26,2024-03-02,5,BM-11140,482,536,4,356.79
9766,CA-2024-101959,2024-02-28,2024-03-06,7,DB-13660,810,200,4,9.84
9767,CA-2024-101959,2024-02-28,2024-03-06,7,DB-13660,1095,200,4,7.78
7638,CA-2024-104885,2024-03-02,2024-03-08,6,DB-13555,591,206,4,59.52
7639,CA-2024-104885,2024-03-02,2024-03-08,6,DB-13555,904,206,4,57.96
7640,CA-2024-104885,2024-03-02,2024-03-08,6,DB-13555,8,206,4,441.96
7641,CA-2024-104885,2024-03-02,2024-03-08,6,DB-13555,1057,206,4,68.04
9293,CA-2024-124114,2024-03-02,2024-03-02,0,RS-19765,667,181,1,0.556
1770,CA-2024-146024,2024-03-02,2024-03-08,6,SC-20770,1479,140,4,6.976
1771,CA-2024-146024,2024-03-02,2024-03-08,6,SC-20770,849,140,4,12.222
7861,CA-2024-152261,2024-03-02,2024-03-06,4,JA-15970,771,279,4,18.528
9252,CA-2024-155712,2024-03-02,2024-03-08,6,KD-16615,718,495,4,107.648
2509,CA-2024-163902,2024-03-02,2024-03-08,6,MY-17380,1824,498,4,196.776
2510,CA-2024-163902,2024-03-02,2024-03-08,6,MY-17380,1526,498,4,479.94
3474,CA-2024-111815,2024-03-03,2024-03-10,7,EP-13915,67,67,4,180.98
3475,CA-2024-111815,2024-03-03,2024-03-10,7,EP-13915,1544,67,4,99.98
8619,CA-2024-117513,2024-03-03,2024-03-08,5,BT-11395,377,494,4,399.672
1323,CA-2024-121804,2024-03-03,2024-03-08,5,LP-17095,391,384,4,72.8
6576,CA-2024-123085,2024-03-03,2024-03-08,5,EJ-13720,1497,495,4,1049.44
6577,CA-2024-123085,2024-03-03,2024-03-08,5,EJ-13720,119,495,4,170.352
3062,CA-2024-127621,2024-03-03,2024-03-07,4,RE-19450,1072,140,4,26.88
420,CA-2024-110478,2024-03-04,2024-03-09,5,SP-20860,487,498,4,9.32
421,CA-2024-110478,2024-03-04,2024-03-09,5,SP-20860,913,498,4,15.25
5296,CA-2024-142174,2024-03-04,2024-03-09,5,DP-13000,1198,154,4,89.568
6447,US-2024-119816,2024-03-04,2024-03-06,2,TT-21460,264,156,3,103.5
6448,US-2024-119816,2024-03-04,2024-03-06,2,TT-21460,986,156,3,2.464
6449,US-2024-119816,2024-03-04,2024-03-06,2,TT-21460,1332,156,3,8.72
3813,CA-2024-147753,2024-03-05,2024-03-05,0,PK-19075,1006,189,1,25.06
5949,CA-2024-161046,2024-03-05,2024-03-05,0,CB-12535,882,395,1,42.68
5950,CA-2024-161046,2024-03-05,2024-03-05,0,CB-12535,1533,395,1,299.97
5951,CA-2024-161046,2024-03-05,2024-03-05,0,CB-12535,471,395,1,262.24
5952,CA-2024-161046,2024-03-05,2024-03-05,0,CB-12535,791,395,1,234.36
4744,CA-2024-168123,2024-03-05,2024-03-05,0,JD-16060,918,95,1,7.9
4745,CA-2024-168123,2024-03-05,2024-03-05,0,JD-16060,1395,95,1,221.16
4746,CA-2024-168123,2024-03-05,2024-03-05,0,JD-16060,759,95,1,127.96
4747,CA-2024-168123,2024-03-05,2024-03-05,0,JD-16060,689,95,1,18.69
5151,CA-2024-125101,2024-03-06,2024-03-10,4,SH-19975,1366,528,3,67.78
9312,CA-2024-148642,2024-03-06,2024-03-12,6,DW-13540,1002,142,4,4.928
9313,CA-2024-148642,2024-03-06,2024-03-12,6,DW-13540,597,142,4,63.488
6512,CA-2024-167640,2024-03-06,2024-03-10,4,FC-14245,547,528,4,23.88
6513,CA-2024-167640,2024-03-06,2024-03-10,4,FC-14245,978,528,4,11.52
6514,CA-2024-167640,2024-03-06,2024-03-10,4,FC-14245,1153,528,4,286.93
6515,CA-2024-167640,2024-03-06,2024-03-10,4,FC-14245,1760,528,4,206.384
3735,CA-2024-168193,2024-03-06,2024-03-11,5,RM-19750,1142,263,3,26.38
3736,CA-2024-168193,2024-03-06,2024-03-11,5,RM-19750,325,263,3,71.97
4180,US-2024-119039,2024-03-06,2024-03-10,4,BF-11170,725,528,4,14.976
4903,CA-2024-110884,2024-03-07,2024-03-12,5,SH-20395,648,265,4,25.92
4904,CA-2024-110884,2024-03-07,2024-03-12,5,SH-20395,959,265,4,91.59
1372,CA-2024-136672,2024-03-07,2024-03-12,5,MG-17890,1524,212,4,49.08
4884,CA-2024-104080,2024-03-08,2024-03-15,7,AH-10210,779,462,4,171.2
4885,CA-2024-104080,2024-03-08,2024-03-15,7,AH-10210,573,462,4,3.36
360,CA-2024-155698,2024-03-08,2024-03-11,3,VB-21745,407,371,2,647.84
361,CA-2024-155698,2024-03-08,2024-03-11,3,VB-21745,1013,371,2,20.7
1926,CA-2024-102834,2024-03-09,2024-03-13,4,LW-16990,1543,529,4,199.98
8540,CA-2024-147354,2024-03-09,2024-03-13,4,KB-16315,1636,495,4,479.984
8541,CA-2024-147354,2024-03-09,2024-03-13,4,KB-16315,721,495,4,30.84
4294,CA-2024-130967,2024-03-10,2024-03-16,6,EB-13870,1807,304,4,53.982
8413,CA-2024-132290,2024-03-10,2024-03-14,4,MD-17350,343,141,4,933.408
6689,CA-2024-140494,2024-03-10,2024-03-15,5,CM-11815,1566,528,3,111.96
1254,CA-2024-144638,2024-03-10,2024-03-14,4,MH-18115,588,300,4,5.248
1255,CA-2024-144638,2024-03-10,2024-03-14,4,MH-18115,1748,300,4,35.91
1256,CA-2024-144638,2024-03-10,2024-03-14,4,MH-18115,324,300,4,6.696
1257,CA-2024-144638,2024-03-10,2024-03-14,4,MH-18115,267,300,4,43.872
4997,CA-2024-155824,2024-03-10,2024-03-15,5,KS-16300,429,411,4,48.784
4998,CA-2024-155824,2024-03-10,2024-03-15,5,KS-16300,780,411,4,13.092
2994,CA-2024-147291,2024-03-11,2024-03-17,6,MJ-17740,741,69,4,895.92
8043,US-2024-133081,2024-03-11,2024-03-15,4,PV-18985,1576,220,4,63.88
8044,US-2024-133081,2024-03-11,2024-03-15,4,PV-18985,244,220,4,26.72
7144,US-2024-141558,2024-03-11,2024-03-16,5,MH-17290,1811,304,4,776.85
7145,US-2024-141558,2024-03-11,2024-03-16,5,MH-17290,703,304,4,12.294
7146,US-2024-141558,2024-03-11,2024-03-16,5,MH-17290,373,304,4,154.764
7147,US-2024-141558,2024-03-11,2024-03-16,5,MH-17290,1336,304,4,43.28
4636,CA-2024-116288,2024-03-12,2024-03-17,5,BS-11380,1327,530,4,242.94
5387,CA-2024-152786,2024-03-12,2024-03-17,5,GA-14725,692,328,4,40.41
3188,CA-2024-159352,2024-03-12,2024-03-17,5,KB-16585,1847,226,4,69.93
4459,CA-2024-105851,2024-03-13,2024-03-20,7,SE-20110,1472,556,4,1332.496
3065,CA-2024-106859,2024-03-13,2024-03-18,5,BF-11215,1411,583,3,90.8
3066,CA-2024-106859,2024-03-13,2024-03-18,5,BF-11215,1815,583,3,140.736
3067,CA-2024-106859,2024-03-13,2024-03-18,5,BF-11215,1542,583,3,214.95
3068,CA-2024-106859,2024-03-13,2024-03-18,5,BF-11215,1305,583,3,45.36
3069,CA-2024-106859,2024-03-13,2024-03-18,5,BF-11215,1144,583,3,288.24
7922,CA-2024-107713,2024-03-13,2024-03-17,4,JB-16000,674,213,4,174.3
7231,CA-2024-153843,2024-03-13,2024-03-15,2,SC-20380,771,197,2,30.88
7232,CA-2024-153843,2024-03-13,2024-03-15,2,SC-20380,458,197,2,465.16
7233,CA-2024-153843,2024-03-13,2024-03-15,2,SC-20380,1106,197,2,27.12
5565,CA-2024-157966,2024-03-13,2024-03-13,0,SU-20665,528,8,1,19.456
5566,CA-2024-157966,2024-03-13,2024-03-13,0,SU-20665,1664,8,1,209.986
5567,CA-2024-157966,2024-03-13,2024-03-13,0,SU-20665,543,8,1,29.76
5568,CA-2024-157966,2024-03-13,2024-03-13,0,SU-20665,134,8,1,89.768
5569,CA-2024-157966,2024-03-13,2024-03-13,0,SU-20665,1638,8,1,959.984
5570,CA-2024-157966,2024-03-13,2024-03-13,0,SU-20665,1262,8,1,15.552
5571,CA-2024-157966,2024-03-13,2024-03-13,0,SU-20665,1837,8,1,34.36
9392,CA-2024-162474,2024-03-13,2024-03-16,3,FH-14275,1847,2,2,7.992
2163,CA-2024-166296,2024-03-13,2024-03-19,6,KF-16285,1080,500,4,314.55
8295,US-2024-146906,2024-03-13,2024-03-17,4,MT-17815,1822,263,4,299.9
8440,CA-2024-114370,2024-03-14,2024-03-17,3,BN-11470,1870,9,3,49.616
9738,CA-2024-129294,2024-03-16,2024-03-21,5,KD-16615,1337,496,4,310.12
9739,CA-2024-129294,2024-03-16,2024-03-21,5,KD-16615,857,496,4,70.464
9740,CA-2024-129294,2024-03-16,2024-03-21,5,KD-16615,810,496,4,19.68
9741,CA-2024-129294,2024-03-16,2024-03-21,5,KD-16615,416,496,4,140.67
7353,CA-2024-152135,2024-03-16,2024-03-18,2,MG-17650,1766,286,3,445.44
8525,CA-2024-161172,2024-03-16,2024-03-16,0,SP-20920,1817,278,1,44.376
8526,CA-2024-161172,2024-03-16,2024-03-16,0,SP-20920,288,278,1,51.264
8527,CA-2024-161172,2024-03-16,2024-03-16,0,SP-20920,676,278,1,5.193
8528,CA-2024-161172,2024-03-16,2024-03-16,0,SP-20920,1533,278,1,159.984
8529,CA-2024-161172,2024-03-16,2024-03-16,0,SP-20920,1366,278,1,54.224
1929,US-2024-101539,2024-03-16,2024-03-18,2,VM-21685,1287,624,3,6.48
1930,US-2024-101539,2024-03-16,2024-03-18,2,VM-21685,1403,624,3,46.51
1931,US-2024-101539,2024-03-16,2024-03-18,2,VM-21685,1798,624,3,659.976
787,CA-2024-129567,2024-03-17,2024-03-21,4,CL-12565,780,492,3,17.456
2451,CA-2024-140949,2024-03-17,2024-03-22,5,DB-13405,985,263,3,18.75
2452,CA-2024-140949,2024-03-17,2024-03-22,5,DB-13405,1748,263,3,119.7
2453,CA-2024-140949,2024-03-17,2024-03-22,5,DB-13405,665,263,3,9.144
2454,CA-2024-140949,2024-03-17,2024-03-22,5,DB-13405,1604,263,3,57.06
2455,CA-2024-140949,2024-03-17,2024-03-22,5,DB-13405,1517,263,3,71.6
2456,CA-2024-140949,2024-03-17,2024-03-22,5,DB-13405,1381,263,3,107.44
2457,CA-2024-140949,2024-03-17,2024-03-22,5,DB-13405,974,263,3,7.31
2458,CA-2024-140949,2024-03-17,2024-03-22,5,DB-13405,552,263,3,59.1
2459,CA-2024-140949,2024-03-17,2024-03-22,5,DB-13405,1425,263,3,46.53
3379,CA-2024-142867,2024-03-17,2024-03-21,4,PO-19180,752,156,4,13.776
3380,CA-2024-142867,2024-03-17,2024-03-21,4,PO-19180,1162,156,4,10.272
8785,US-2024-129224,2024-03-17,2024-03-23,6,AS-10630,961,430,4,4.608
9122,CA-2024-122007,2024-03-18,2024-03-20,2,JK-15325,435,496,3,90.86
9014,CA-2024-143084,2024-03-18,2024-03-22,4,BP-11050,616,495,4,13.9
9015,CA-2024-143084,2024-03-18,2024-03-22,4,BP-11050,888,495,4,19.4
8726,CA-2024-148145,2024-03-18,2024-03-23,5,SW-20275,534,625,4,46.2
3707,CA-2024-160087,2024-03-18,2024-03-22,4,EN-13780,613,142,4,23.832
8792,CA-2024-162075,2024-03-18,2024-03-24,6,TT-21220,1849,154,4,537.544
677,US-2024-119438,2024-03-18,2024-03-23,5,CD-11980,461,180,4,2.688
678,US-2024-119438,2024-03-18,2024-03-23,5,CD-11980,1621,180,4,27.816
679,US-2024-119438,2024-03-18,2024-03-23,5,CD-11980,263,180,4,82.524
680,US-2024-119438,2024-03-18,2024-03-23,5,CD-11980,784,180,4,182.994
4343,CA-2024-105410,2024-03-19,2024-03-22,3,ND-18370,649,529,2,19.824
4344,CA-2024-105410,2024-03-19,2024-03-22,3,ND-18370,1783,529,2,657.504
4345,CA-2024-105410,2024-03-19,2024-03-22,3,ND-18370,1535,529,2,99.54
4346,CA-2024-105410,2024-03-19,2024-03-22,3,ND-18370,1544,529,2,199.96
5230,CA-2024-124436,2024-03-19,2024-03-22,3,SA-20830,820,482,3,14.624
5231,CA-2024-124436,2024-03-19,2024-03-22,3,SA-20830,358,482,3,697.16
5232,CA-2024-124436,2024-03-19,2024-03-22,3,SA-20830,148,482,3,30.93
5233,CA-2024-124436,2024-03-19,2024-03-22,3,SA-20830,807,482,3,27.496
9228,CA-2024-140515,2024-03-19,2024-03-24,5,GZ-14545,400,495,4,381.36
1477,US-2024-104955,2024-03-19,2024-03-24,5,CG-12040,996,264,4,28.91
8998,CA-2024-122763,2024-03-20,2024-03-20,0,HG-14845,1054,154,1,56.704
8999,CA-2024-122763,2024-03-20,2024-03-20,0,HG-14845,1178,154,1,274.064
447,CA-2024-154214,2024-03-20,2024-03-25,5,TB-21595,253,37,3,2.91
2321,CA-2024-165491,2024-03-20,2024-03-24,4,HW-14935,1506,625,4,265.93
8155,US-2024-143770,2024-03-20,2024-03-24,4,RD-19720,1626,200,4,238.0
8156,US-2024-143770,2024-03-20,2024-03-24,4,RD-19720,1256,200,4,61.96
5346,CA-2024-108539,2024-03-21,2024-03-23,2,SC-20725,1316,498,3,725.84
5347,CA-2024-108539,2024-03-21,2024-03-23,2,SC-20725,678,498,3,10.896
5348,CA-2024-108539,2024-03-21,2024-03-23,2,SC-20725,809,498,3,8.544
9362,CA-2024-111591,2024-03-21,2024-03-25,4,PS-18970,708,624,4,30.576
9363,CA-2024-111591,2024-03-21,2024-03-25,4,PS-18970,954,624,4,13.02
9364,CA-2024-111591,2024-03-21,2024-03-25,4,PS-18970,216,624,4,22.14
9365,CA-2024-111591,2024-03-21,2024-03-25,4,PS-18970,1357,624,4,359.32
8825,CA-2024-117156,2024-03-21,2024-03-23,2,TB-21055,874,306,3,8.856
4429,CA-2024-119452,2024-03-21,2024-03-27,6,CL-12565,78,120,4,1805.88
8377,CA-2024-156272,2024-03-21,2024-03-27,6,PW-19030,388,360,4,64.384
2333,CA-2024-169285,2024-03-21,2024-03-25,4,RW-19690,1060,42,4,277.4
2334,CA-2024-169285,2024-03-21,2024-03-25,4,RW-19690,1226,42,4,5.78
5645,CA-2024-120719,2024-03-23,2024-03-26,3,SJ-20125,716,624,2,34.76
2843,CA-2024-135650,2024-03-23,2024-03-27,4,AC-10660,1357,157,4,143.728
5021,CA-2024-136511,2024-03-23,2024-03-25,2,MZ-17515,1475,263,3,347.58
8152,CA-2024-140151,2024-03-23,2024-03-25,2,RB-19360,1315,625,2,32.48
8153,CA-2024-140151,2024-03-23,2024-03-25,2,RB-19360,1158,625,2,20.04
8154,CA-2024-140151,2024-03-23,2024-03-25,2,RB-19360,1635,625,2,13999.96
2410,CA-2024-155985,2024-03-23,2024-03-25,2,BE-11335,171,530,2,211.84
3105,US-2024-140074,2024-03-23,2024-03-29,6,EC-14050,1248,264,4,25.68
9530,CA-2024-101637,2024-03-24,2024-03-25,1,AC-10615,1374,130,1,12.768
8972,CA-2024-122308,2024-03-24,2024-03-28,4,MV-17485,53,263,4,271.764
7798,CA-2024-166184,2024-03-24,2024-03-27,3,HR-14830,862,265,2,47.01
7799,CA-2024-166184,2024-03-24,2024-03-27,3,HR-14830,1865,265,2,469.99
7800,CA-2024-166184,2024-03-24,2024-03-27,3,HR-14830,64,265,2,207.846
2104,CA-2024-167101,2024-03-24,2024-03-28,4,BM-11650,1147,262,3,221.92
2105,CA-2024-167101,2024-03-24,2024-03-28,4,BM-11650,1575,262,3,26.0
3391,CA-2024-101077,2024-03-25,2024-03-30,5,DB-13660,1219,140,3,6.848
5608,CA-2024-105193,2024-03-25,2024-03-31,6,JL-15835,560,264,4,11.05
1877,CA-2024-112039,2024-03-25,2024-03-29,4,JC-15775,1827,176,4,470.376
4932,CA-2024-143651,2024-03-25,2024-03-30,5,FM-14215,557,623,4,23.1
2941,CA-2024-155880,2024-03-25,2024-03-31,6,JD-16150,72,189,4,90.99
2942,CA-2024-155880,2024-03-25,2024-03-31,6,JD-16150,114,189,4,1526.56
2943,CA-2024-155880,2024-03-25,2024-03-31,6,JD-16150,71,189,4,368.97
2383,US-2024-117534,2024-03-25,2024-03-26,1,CV-12295,395,482,2,176.04
2384,US-2024-117534,2024-03-25,2024-03-26,1,CV-12295,639,482,2,16.02
2385,US-2024-117534,2024-03-25,2024-03-26,1,CV-12295,674,482,2,185.92
2386,US-2024-117534,2024-03-25,2024-03-26,1,CV-12295,1756,482,2,211.168
2387,US-2024-117534,2024-03-25,2024-03-26,1,CV-12295,1636,482,2,479.984
5638,CA-2024-113208,2024-03-26,2024-04-02,7,ML-18040,156,66,4,60.84
4239,CA-2024-147144,2024-03-26,2024-03-28,2,MZ-17335,517,624,2,19.83
6130,CA-2024-162033,2024-03-26,2024-04-02,7,EM-14200,1571,447,4,53.25
6131,CA-2024-162033,2024-03-26,2024-04-02,7,EM-14200,947,447,4,3.76
1861,US-2024-121251,2024-03-26,2024-03-27,1,GM-14440,47,262,2,257.568
1862,US-2024-121251,2024-03-26,2024-03-27,1,GM-14440,1807,262,2,119.96
7173,US-2024-141677,2024-03-26,2024-03-30,4,HK-14890,1613,155,4,143.96
7174,US-2024-141677,2024-03-26,2024-03-30,4,HK-14890,1633,155,4,2399.96
7175,US-2024-141677,2024-03-26,2024-03-30,4,HK-14890,1217,155,4,74.352
7176,US-2024-141677,2024-03-26,2024-03-30,4,HK-14890,400,155,4,87.168
7177,US-2024-141677,2024-03-26,2024-03-30,4,HK-14890,1381,155,4,32.232
9754,CA-2024-113705,2024-03-27,2024-03-29,2,LC-16870,958,443,3,8.26
9755,CA-2024-113705,2024-03-27,2024-03-29,2,LC-16870,746,443,3,17.76
9756,CA-2024-113705,2024-03-27,2024-03-29,2,LC-16870,1329,443,3,332.94
9757,CA-2024-113705,2024-03-27,2024-03-29,2,LC-16870,328,443,3,292.1
9758,CA-2024-113705,2024-03-27,2024-03-29,2,LC-16870,1820,443,3,206.1
9759,CA-2024-113705,2024-03-27,2024-03-29,2,LC-16870,1040,443,3,17.64
8486,CA-2024-124716,2024-03-27,2024-03-31,4,BD-11560,1250,482,4,45.68
8487,CA-2024-124716,2024-03-27,2024-03-31,4,BD-11560,1175,482,4,110.96
8488,CA-2024-124716,2024-03-27,2024-03-31,4,BD-11560,1121,482,4,11.94
4676,CA-2024-139416,2024-03-27,2024-03-29,2,AG-10270,214,302,3,15.008
9788,CA-2024-144491,2024-03-27,2024-04-01,5,CJ-12010,4,155,4,1023.332
9789,CA-2024-144491,2024-03-27,2024-04-01,5,CJ-12010,60,155,4,600.558
9790,CA-2024-144491,2024-03-27,2024-04-01,5,CJ-12010,1512,155,4,39.992
9791,CA-2024-144491,2024-03-27,2024-04-01,5,CJ-12010,74,155,4,211.246
5740,US-2024-147886,2024-03-28,2024-03-31,3,DH-13075,1242,481,2,12.96
5741,US-2024-147886,2024-03-28,2024-03-31,3,DH-13075,162,481,2,26.48
5742,US-2024-147886,2024-03-28,2024-03-31,3,DH-13075,1695,481,2,532.72
5743,US-2024-147886,2024-03-28,2024-03-31,3,DH-13075,1234,481,2,26.72
5744,US-2024-147886,2024-03-28,2024-03-31,3,DH-13075,1244,481,2,20.04
5745,US-2024-147886,2024-03-28,2024-03-31,3,DH-13075,1399,481,2,795.48
5746,US-2024-147886,2024-03-28,2024-03-31,3,DH-13075,298,481,2,21.56
1880,US-2024-166611,2024-03-28,2024-04-02,5,CK-12760,709,343,4,68.742
5720,CA-2024-126550,2024-03-29,2024-04-02,4,RD-19720,1317,42,3,81.4
4543,CA-2024-113474,2024-03-30,2024-03-31,1,TM-21490,885,119,2,325.86
8665,CA-2024-126634,2024-03-30,2024-04-01,2,AB-10165,247,491,3,94.2
5873,CA-2024-129910,2024-03-30,2024-04-03,4,ME-17320,1318,371,4,59.76
7503,US-2024-120147,2024-03-30,2024-03-30,0,TB-21400,553,497,1,6.08
7504,US-2024-120147,2024-03-30,2024-03-30,0,TB-21400,1713,497,1,164.792
4689,US-2024-154851,2024-03-30,2024-04-03,4,BP-11155,663,301,4,5.715
1338,CA-2024-100524,2024-03-31,2024-04-02,2,CM-12115,318,263,3,29.78
1339,CA-2024-100524,2024-03-31,2024-04-02,2,CM-12115,1842,263,3,677.58
1340,CA-2024-100524,2024-03-31,2024-04-02,2,CM-12115,1087,263,3,75.04
2150,CA-2024-102771,2024-03-31,2024-04-05,5,DO-13435,1875,265,4,84.95
3243,CA-2024-114524,2024-03-31,2024-04-05,5,EG-13900,819,9,3,13.468
5562,CA-2024-133263,2024-03-31,2024-04-02,2,JE-15610,790,370,3,34.54
5563,CA-2024-133263,2024-03-31,2024-04-02,2,JE-15610,1638,370,3,2999.95
5564,CA-2024-133263,2024-03-31,2024-04-02,2,JE-15610,698,370,3,64.12
6562,CA-2024-144680,2024-03-31,2024-04-02,2,SC-20260,432,127,2,33.62
469,CA-2024-154907,2024-03-31,2024-04-04,4,DS-13180,10,126,4,205.3328
3089,US-2024-159205,2024-03-31,2024-04-02,2,DB-12910,150,382,3,61.0
3090,US-2024-159205,2024-03-31,2024-04-02,2,DB-12910,1880,382,3,671.93
7536,US-2024-160143,2024-03-31,2024-04-07,7,HG-14965,1460,494,4,29.7
4329,CA-2024-118360,2024-04-01,2024-04-07,6,JC-15775,1131,263,4,42.93
6008,CA-2024-129028,2024-04-01,2024-04-03,2,GB-14530,185,416,2,127.95
5488,CA-2024-134495,2024-04-01,2024-04-04,3,BF-11020,1796,343,3,23.976
5489,CA-2024-134495,2024-04-01,2024-04-04,3,BF-11020,983,343,3,6.264
5490,CA-2024-134495,2024-04-01,2024-04-04,3,BF-11020,478,343,3,20.808
5491,CA-2024-134495,2024-04-01,2024-04-04,3,BF-11020,89,343,3,218.352
2402,CA-2024-145877,2024-04-01,2024-04-04,3,AS-10090,1369,108,3,94.2
2403,CA-2024-145877,2024-04-01,2024-04-04,3,AS-10090,901,108,3,28.4
2617,CA-2024-147942,2024-04-01,2024-04-05,4,MS-17365,987,529,4,5.78
2618,CA-2024-147942,2024-04-01,2024-04-05,4,MS-17365,726,529,4,121.68
4218,CA-2024-149881,2024-04-01,2024-04-03,2,NC-18535,40,529,2,482.664
4219,CA-2024-149881,2024-04-01,2024-04-03,2,NC-18535,1656,529,2,4799.984
5642,CA-2024-106355,2024-04-02,2024-04-05,3,AT-10435,567,199,2,11.12
3049,CA-2024-121419,2024-04-02,2024-04-04,2,TC-21475,335,371,2,411.8
3050,CA-2024-121419,2024-04-02,2024-04-04,2,TC-21475,1590,371,2,360.0
9670,CA-2024-145275,2024-04-02,2024-04-06,4,AH-10465,988,315,4,14.94
1337,US-2024-123281,2024-04-02,2024-04-07,5,JF-15190,324,495,4,25.11
3725,CA-2024-127264,2024-04-03,2024-04-05,2,SA-20830,615,10,2,7.056
953,CA-2024-131156,2024-04-03,2024-04-07,4,KH-16360,301,305,4,25.472
6922,CA-2024-109211,2024-04-04,2024-04-10,6,PS-19045,872,263,4,16.98
9691,CA-2024-140536,2024-04-04,2024-04-05,1,TA-21385,576,265,2,7.04
6366,CA-2024-144848,2024-04-04,2024-04-05,1,DS-13030,1820,262,2,41.22
6367,CA-2024-144848,2024-04-04,2024-04-05,1,DS-13030,1474,262,2,240.37
6368,CA-2024-144848,2024-04-04,2024-04-05,1,DS-13030,1788,262,2,119.02
6190,CA-2024-157903,2024-04-04,2024-04-08,4,AM-10705,1744,13,4,383.84
8416,CA-2024-107265,2024-04-06,2024-04-12,6,ML-17755,1054,56,4,106.32
8738,CA-2024-161592,2024-04-06,2024-04-10,4,CS-12175,648,423,4,8.1
9443,CA-2024-165904,2024-04-07,2024-04-11,4,HR-14770,486,343,4,16.256
9444,CA-2024-165904,2024-04-07,2024-04-11,4,HR-14770,1707,343,4,219.184
232,US-2024-100930,2024-04-07,2024-04-12,5,CS-12400,350,367,4,233.86
233,US-2024-100930,2024-04-07,2024-04-12,5,CS-12400,347,367,4,620.6145
234,US-2024-100930,2024-04-07,2024-04-12,5,CS-12400,746,367,4,5.328
235,US-2024-100930,2024-04-07,2024-04-12,5,CS-12400,312,367,4,258.072
236,US-2024-100930,2024-04-07,2024-04-12,5,CS-12400,1552,367,4,617.976
3987,CA-2024-112333,2024-04-08,2024-04-14,6,KF-16285,1429,250,4,2591.56
3988,CA-2024-112333,2024-04-08,2024-04-14,6,KF-16285,417,250,4,41.95
4651,CA-2024-150987,2024-04-08,2024-04-12,4,AH-10120,1151,529,4,244.55
4652,CA-2024-150987,2024-04-08,2024-04-12,4,AH-10120,1207,529,4,195.76
2848,CA-2024-157854,2024-04-08,2024-04-15,7,DM-13345,214,375,4,56.28
2849,CA-2024-157854,2024-04-08,2024-04-15,7,DM-13345,742,375,4,2690.97
5371,US-2024-136721,2024-04-08,2024-04-12,4,NH-18610,144,78,4,273.96
5372,US-2024-136721,2024-04-08,2024-04-12,4,NH-18610,273,78,4,306.9
4418,CA-2024-112900,2024-04-09,2024-04-12,3,KL-16645,762,68,3,478.24
1282,CA-2024-122154,2024-04-09,2024-04-11,2,SA-20830,967,343,2,15.12
1283,CA-2024-122154,2024-04-09,2024-04-11,2,SA-20830,674,343,2,17.43
1284,CA-2024-122154,2024-04-09,2024-04-11,2,SA-20830,1177,343,2,251.64
965,CA-2024-135279,2024-04-09,2024-04-11,2,BS-11800,1016,263,2,9.82
966,CA-2024-135279,2024-04-09,2024-04-11,2,BS-11800,527,263,2,35.97
967,CA-2024-135279,2024-04-09,2024-04-11,2,BS-11800,1285,263,2,12.96
968,CA-2024-135279,2024-04-09,2024-04-11,2,BS-11800,1050,263,2,191.6
969,CA-2024-135279,2024-04-09,2024-04-11,2,BS-11800,1014,263,2,8.64
970,CA-2024-135279,2024-04-09,2024-04-11,2,BS-11800,1382,263,2,501.81
8475,CA-2024-169404,2024-04-09,2024-04-14,5,NC-18625,828,307,4,37.896
8476,CA-2024-169404,2024-04-09,2024-04-14,5,NC-18625,1153,307,4,65.584
5789,CA-2024-115070,2024-04-10,2024-04-14,4,MG-18205,298,343,3,12.32
5790,CA-2024-115070,2024-04-10,2024-04-14,4,MG-18205,664,343,3,4.419
3503,CA-2024-125115,2024-04-10,2024-04-10,0,RD-19930,1154,128,1,10.368
3504,CA-2024-125115,2024-04-10,2024-04-10,0,RD-19930,1551,128,1,95.736
7424,CA-2024-135069,2024-04-10,2024-04-14,4,BS-11755,480,305,4,195.104
7425,CA-2024-135069,2024-04-10,2024-04-14,4,BS-11755,268,305,4,36.672
6379,CA-2024-150623,2024-04-10,2024-04-14,4,DB-13360,1533,204,4,99.99
6380,CA-2024-150623,2024-04-10,2024-04-14,4,DB-13360,1394,204,4,286.15
859,CA-2024-161984,2024-04-10,2024-04-15,5,SJ-20125,1134,245,4,7.61
860,CA-2024-161984,2024-04-10,2024-04-15,5,SJ-20125,933,245,4,7.16
8318,CA-2024-130904,2024-04-11,2024-04-16,5,HM-14980,614,397,4,1.752
8319,CA-2024-130904,2024-04-11,2024-04-16,5,HM-14980,571,397,4,20.992
2001,CA-2024-166128,2024-04-11,2024-04-18,7,LW-17215,1610,511,4,199.95
2002,CA-2024-166128,2024-04-11,2024-04-18,7,LW-17215,540,511,4,41.86
4351,US-2024-100482,2024-04-11,2024-04-15,4,JL-15130,1421,287,4,16.768
4352,US-2024-100482,2024-04-11,2024-04-15,4,JL-15130,1518,287,4,27.12
2005,US-2024-143028,2024-04-11,2024-04-18,7,SC-20050,733,162,4,11.364
1440,CA-2024-122735,2024-04-12,2024-04-15,3,BD-11320,823,309,3,29.7
1441,CA-2024-122735,2024-04-12,2024-04-15,3,BD-11320,1213,309,3,39.96
8340,CA-2024-135076,2024-04-13,2024-04-17,4,YS-21880,89,483,4,436.704
9405,CA-2024-141663,2024-04-13,2024-04-17,4,DP-13105,955,303,4,7.92
2119,CA-2024-155460,2024-04-13,2024-04-15,2,RW-19630,1308,624,2,5.28
2120,CA-2024-155460,2024-04-13,2024-04-15,2,RW-19630,741,624,2,895.92
5646,CA-2024-127117,2024-04-14,2024-04-19,5,HM-14860,318,244,4,74.45
3100,CA-2024-131233,2024-04-14,2024-04-19,5,CS-12355,692,264,4,10.776
3101,CA-2024-131233,2024-04-14,2024-04-19,5,CS-12355,15,264,4,242.352
930,CA-2024-144932,2024-04-14,2024-04-17,3,AB-10165,646,295,2,14.592
931,CA-2024-144932,2024-04-14,2024-04-17,3,AB-10165,633,295,2,89.856
932,CA-2024-144932,2024-04-14,2024-04-17,3,AB-10165,1226,295,2,13.872
2663,CA-2024-159604,2024-04-14,2024-04-15,1,CL-12700,651,108,2,8.76
5361,US-2024-126060,2024-04-14,2024-04-18,4,DW-13585,45,403,4,198.272
13,CA-2024-114412,2024-04-15,2024-04-20,5,AA-10480,1233,401,4,15.552
1867,CA-2024-118857,2024-04-15,2024-04-18,3,AH-10075,259,578,2,196.45
309,CA-2024-126774,2024-04-15,2024-04-17,2,SH-20395,546,437,2,4.89
5218,CA-2024-134635,2024-04-15,2024-04-17,2,NS-18640,1142,499,3,79.14
7369,CA-2024-161851,2024-04-15,2024-04-17,2,BP-11095,832,351,2,15.57
5953,US-2024-141698,2024-04-15,2024-04-21,6,SD-20485,1279,154,4,20.736
2546,CA-2024-108070,2024-04-16,2024-04-20,4,JE-15745,1324,532,4,205.92
2547,CA-2024-108070,2024-04-16,2024-04-20,4,JE-15745,31,532,4,102.833
1521,CA-2024-109946,2024-04-16,2024-04-21,5,PL-18925,575,8,4,16.52
2740,CA-2024-122707,2024-04-16,2024-04-18,2,EB-13750,1463,317,2,477.24
2741,CA-2024-122707,2024-04-16,2024-04-18,2,EB-13750,1608,317,2,25.98
2363,CA-2024-136497,2024-04-16,2024-04-20,4,RF-19840,820,278,4,13.71
7723,US-2024-138086,2024-04-16,2024-04-20,4,JO-15550,460,528,4,40.74
3232,US-2024-156356,2024-04-16,2024-04-22,6,ND-18370,817,156,4,26.046
3233,US-2024-156356,2024-04-16,2024-04-22,6,ND-18370,776,156,4,2.896
3234,US-2024-156356,2024-04-16,2024-04-22,6,ND-18370,1431,156,4,32.544
3252,CA-2024-119389,2024-04-17,2024-04-19,2,BG-11740,210,302,2,60.312
6858,CA-2024-128965,2024-04-17,2024-04-22,5,PS-18760,1087,495,4,28.14
6859,CA-2024-128965,2024-04-17,2024-04-22,5,PS-18760,1008,495,4,7.38
6860,CA-2024-128965,2024-04-17,2024-04-22,5,PS-18760,953,495,4,10.9
6861,CA-2024-128965,2024-04-17,2024-04-22,5,PS-18760,1546,495,4,274.89
6862,CA-2024-128965,2024-04-17,2024-04-22,5,PS-18760,961,495,4,23.04
6863,CA-2024-128965,2024-04-17,2024-04-22,5,PS-18760,89,495,4,218.352
3011,CA-2024-134845,2024-04-17,2024-04-23,6,SR-20425,794,562,4,12.03
3012,CA-2024-134845,2024-04-17,2024-04-23,6,SR-20425,1675,562,4,2549.985
3013,CA-2024-134845,2024-04-17,2024-04-23,6,SR-20425,773,562,4,21.594
3014,CA-2024-134845,2024-04-17,2024-04-23,6,SR-20425,713,562,4,8.964
3015,CA-2024-134845,2024-04-17,2024-04-23,6,SR-20425,1299,562,4,20.736
9588,US-2024-129203,2024-04-17,2024-04-22,5,BM-11575,1328,10,4,195.136
6766,CA-2024-100615,2024-04-20,2024-04-24,4,SJ-20215,52,10,4,317.058
6767,CA-2024-100615,2024-04-20,2024-04-24,4,SJ-20215,552,10,4,15.76
6768,CA-2024-100615,2024-04-20,2024-04-24,4,SJ-20215,282,10,4,14.56
7595,CA-2024-119655,2024-04-20,2024-04-24,4,CV-12295,805,70,4,146.86
7596,CA-2024-119655,2024-04-20,2024-04-24,4,CV-12295,710,70,4,36.56
6154,CA-2024-151484,2024-04-20,2024-04-23,3,CV-12805,158,302,2,51.968
6155,CA-2024-151484,2024-04-20,2024-04-23,3,CV-12805,1413,302,2,51.336
6156,CA-2024-151484,2024-04-20,2024-04-23,3,CV-12805,1335,302,2,332.704
6157,CA-2024-151484,2024-04-20,2024-04-23,3,CV-12805,236,302,2,42.408
2239,CA-2024-166849,2024-04-20,2024-04-26,6,SJ-20125,204,8,4,44.4
7184,CA-2024-128853,2024-04-21,2024-04-23,2,JM-15250,69,211,2,908.82
7567,CA-2024-140802,2024-04-21,2024-04-23,2,KN-16390,1550,155,2,47.976
7568,CA-2024-140802,2024-04-21,2024-04-23,2,KN-16390,1305,155,2,20.736
3713,CA-2024-166198,2024-04-21,2024-04-24,3,JW-15955,1624,623,2,11.54
3714,CA-2024-166198,2024-04-21,2024-04-24,3,JW-15955,202,623,2,162.6
1103,US-2024-145863,2024-04-21,2024-04-27,6,RP-19390,693,154,4,2.694
1104,US-2024-145863,2024-04-21,2024-04-27,6,RP-19390,830,154,4,2.934
177,US-2024-152366,2024-04-21,2024-04-25,4,SJ-20500,393,153,3,97.264
805,CA-2024-135783,2024-04-22,2024-04-24,2,GM-14440,227,530,2,18.28
8280,CA-2024-146192,2024-04-22,2024-04-26,4,BD-11725,1432,371,4,675.06
3027,CA-2024-169054,2024-04-22,2024-04-26,4,MO-17800,305,304,4,254.352
8592,CA-2024-101700,2024-04-23,2024-04-26,3,SO-20335,903,559,2,18.688
8593,CA-2024-101700,2024-04-23,2024-04-26,3,SO-20335,222,559,2,11.664
6033,CA-2024-104010,2024-04-23,2024-04-25,2,TD-20995,1467,263,2,54.9
2600,CA-2024-108553,2024-04-23,2024-04-29,6,SK-19990,480,264,4,121.94
2601,CA-2024-108553,2024-04-23,2024-04-29,6,SK-19990,1444,264,4,122.71
7241,CA-2024-136651,2024-04-23,2024-04-25,2,JF-15355,173,511,3,66.36
7242,CA-2024-136651,2024-04-23,2024-04-25,2,JF-15355,743,511,3,92.88
7243,CA-2024-136651,2024-04-23,2024-04-25,2,JF-15355,200,511,3,24.14
3867,CA-2024-146360,2024-04-23,2024-04-25,2,SC-20305,1618,43,3,155.34
6596,CA-2024-157112,2024-04-23,2024-04-26,3,GG-14650,858,278,2,11.76
6597,CA-2024-157112,2024-04-23,2024-04-26,3,GG-14650,1215,278,2,5.344
8470,US-2024-132031,2024-04-23,2024-04-27,4,PN-18775,26,424,4,387.136
8471,US-2024-132031,2024-04-23,2024-04-27,4,PN-18775,1558,424,4,45.408
8472,US-2024-132031,2024-04-23,2024-04-27,4,PN-18775,311,424,4,77.952
8473,US-2024-132031,2024-04-23,2024-04-27,4,PN-18775,985,424,4,3.0
5978,CA-2024-116953,2024-04-24,2024-04-25,1,SV-20935,1710,454,2,552.0
8200,CA-2024-125269,2024-04-24,2024-04-30,6,AF-10870,653,8,4,10.43
8201,CA-2024-125269,2024-04-24,2024-04-30,6,AF-10870,1406,8,4,72.784
1685,CA-2024-149489,2024-04-24,2024-04-27,3,DK-12835,396,305,2,99.28
1686,CA-2024-149489,2024-04-24,2024-04-27,3,DK-12835,699,305,2,1.188
1687,CA-2024-149489,2024-04-24,2024-04-27,3,DK-12835,760,305,2,7.518
5527,CA-2024-166933,2024-04-24,2024-04-28,4,MG-17890,931,536,4,1.81
3656,CA-2024-168102,2024-04-24,2024-04-30,6,CP-12340,1410,343,4,113.568
6024,US-2024-128832,2024-04-24,2024-04-27,3,LS-16945,1619,309,2,69.98
6888,CA-2024-120222,2024-04-25,2024-05-02,7,LL-16840,1113,496,4,19.05
6889,CA-2024-120222,2024-04-25,2024-05-02,7,LL-16840,826,496,4,73.344
7172,CA-2024-125381,2024-04-25,2024-04-27,2,SG-20605,1613,528,3,107.97
5434,CA-2024-129707,2024-04-25,2024-04-29,4,LH-16750,567,451,4,8.896
5108,CA-2024-132213,2024-04-25,2024-04-26,1,PN-18775,561,434,2,42.048
5109,CA-2024-132213,2024-04-25,2024-04-26,1,PN-18775,635,434,2,67.92
5075,CA-2024-151071,2024-04-25,2024-04-29,4,MB-18085,716,499,3,13.904
8974,CA-2024-159226,2024-04-25,2024-04-27,2,RL-19615,16,495,3,344.981
2961,CA-2024-143665,2024-04-26,2024-05-01,5,PO-19180,1106,625,4,20.34
2962,CA-2024-143665,2024-04-26,2024-05-01,5,PO-19180,965,625,4,39.28
1359,CA-2024-160045,2024-04-26,2024-04-27,1,LB-16735,175,146,2,1.988
3098,CA-2024-135692,2024-04-27,2024-05-01,4,CV-12805,1013,146,4,33.12
3099,CA-2024-135692,2024-04-27,2024-05-01,4,CV-12805,41,146,4,220.2656
8638,CA-2024-151281,2024-04-27,2024-05-02,5,HM-14980,272,624,4,139.58
4637,CA-2024-168228,2024-04-27,2024-04-29,2,AP-10915,525,498,2,123.92
4638,CA-2024-168228,2024-04-27,2024-04-29,2,AP-10915,605,498,2,12.39
4639,CA-2024-168228,2024-04-27,2024-04-29,2,AP-10915,522,498,2,47.3
8087,CA-2024-120894,2024-04-28,2024-05-02,4,JL-15130,442,413,4,28.08
8365,CA-2024-137631,2024-04-28,2024-05-02,4,JL-15235,1865,345,4,751.984
5455,CA-2024-160962,2024-04-28,2024-05-02,4,MC-17605,1421,305,4,8.384
5456,CA-2024-160962,2024-04-28,2024-05-02,4,MC-17605,593,305,4,6.848
7157,CA-2024-126718,2024-04-29,2024-05-04,5,KT-16480,1016,246,4,4.91
1728,US-2024-164056,2024-04-29,2024-05-04,5,FM-14215,382,280,3,1048.35
2779,CA-2024-108322,2024-04-30,2024-05-05,5,SS-20140,142,360,4,23.68
2780,CA-2024-108322,2024-04-30,2024-05-05,5,SS-20140,1556,360,4,2.376
1915,CA-2024-124597,2024-04-30,2024-05-05,5,AS-10630,961,333,4,4.608
1916,CA-2024-124597,2024-04-30,2024-05-05,5,AS-10630,638,333,4,15.528
1917,CA-2024-124597,2024-04-30,2024-05-05,5,AS-10630,988,333,4,11.952
5314,CA-2024-137876,2024-04-30,2024-05-05,5,DJ-13510,296,529,4,64.96
5315,CA-2024-137876,2024-04-30,2024-05-05,5,DJ-13510,865,529,4,30.56
1662,CA-2024-144526,2024-04-30,2024-05-06,6,QJ-19255,1842,305,4,677.58
1663,CA-2024-144526,2024-04-30,2024-05-06,6,QJ-19255,771,305,4,13.896
7183,CA-2024-150609,2024-04-30,2024-05-04,4,NZ-18565,727,496,4,23.24
1491,CA-2024-151911,2024-04-30,2024-05-05,5,DL-13495,866,264,3,62.96
5526,CA-2024-154501,2024-04-30,2024-05-05,5,EA-14035,546,495,4,9.78
4551,US-2024-107636,2024-04-30,2024-05-02,2,NM-18520,989,198,2,5.76
8564,US-2024-108315,2024-04-30,2024-05-04,4,MH-18115,661,364,4,4.842
8565,US-2024-108315,2024-04-30,2024-05-04,4,MH-18115,307,364,4,220.704
5289,US-2024-136784,2024-04-30,2024-05-05,5,AD-10180,1181,530,4,163.96
4758,US-2024-144582,2024-04-30,2024-05-05,5,TC-21475,749,11,4,43.372
3410,US-2024-150847,2024-04-30,2024-05-06,6,JF-15490,1296,278,4,10.368
8235,CA-2024-102204,2024-05-01,2024-05-06,5,CJ-12010,1470,343,4,3.328
8236,CA-2024-102204,2024-05-01,2024-05-06,5,CJ-12010,349,343,4,933.262
8237,CA-2024-102204,2024-05-01,2024-05-06,5,CJ-12010,91,343,4,2803.92
9335,CA-2024-110198,2024-05-01,2024-05-02,1,AG-10900,12,335,2,314.352
9336,CA-2024-110198,2024-05-01,2024-05-02,1,AG-10900,981,335,2,4.608
3896,CA-2024-110212,2024-05-01,2024-05-05,4,SJ-20125,1562,330,4,48.9
2518,CA-2024-123134,2024-05-02,2024-05-07,5,DW-13585,201,252,4,129.93
7393,CA-2024-147844,2024-05-02,2024-05-06,4,DD-13570,1030,499,4,15.7
7394,CA-2024-147844,2024-05-02,2024-05-06,4,DD-13570,591,499,4,59.52
7395,CA-2024-147844,2024-05-02,2024-05-06,4,DD-13570,1031,499,4,34.4
6913,US-2024-128398,2024-05-02,2024-05-05,3,EM-13825,1551,499,3,159.56
3632,CA-2024-132178,2024-05-03,2024-05-08,5,DB-12970,1380,494,3,69.52
3633,CA-2024-132178,2024-05-03,2024-05-08,5,DB-12970,1361,494,3,763.44
8352,CA-2024-132199,2024-05-03,2024-05-08,5,BO-11350,156,303,4,32.448
8353,CA-2024-132199,2024-05-03,2024-05-08,5,BO-11350,851,303,4,26.388
8354,CA-2024-132199,2024-05-03,2024-05-08,5,BO-11350,334,303,4,373.47
8355,CA-2024-132199,2024-05-03,2024-05-08,5,BO-11350,842,303,4,64.2
8356,CA-2024-132199,2024-05-03,2024-05-08,5,BO-11350,919,303,4,8.0
7609,CA-2024-163209,2024-05-03,2024-05-07,4,MK-18160,1269,530,4,25.92
7610,CA-2024-163209,2024-05-03,2024-05-07,4,MK-18160,603,530,4,22.96
2467,CA-2024-128755,2024-05-04,2024-05-08,4,MK-18160,1049,442,4,9.11
2468,CA-2024-128755,2024-05-04,2024-05-08,4,MK-18160,1375,442,4,571.44
2469,CA-2024-128755,2024-05-04,2024-05-08,4,MK-18160,1304,442,4,32.4
2470,CA-2024-128755,2024-05-04,2024-05-08,4,MK-18160,1428,442,4,16.91
7178,CA-2024-133067,2024-05-04,2024-05-10,6,MY-18295,707,304,4,2.202
7179,CA-2024-133067,2024-05-04,2024-05-10,6,MY-18295,673,304,4,9.396
1353,CA-2024-162978,2024-05-04,2024-05-09,5,LW-16990,1804,528,4,183.96
1354,CA-2024-162978,2024-05-04,2024-05-09,5,LW-16990,1114,528,4,17.61
1355,CA-2024-162978,2024-05-04,2024-05-09,5,LW-16990,347,528,4,300.904
2958,CA-2024-168900,2024-05-04,2024-05-09,5,SH-20395,721,294,4,2.313
5286,CA-2024-105991,2024-05-05,2024-05-06,1,LH-17020,895,562,2,21.24
5287,CA-2024-105991,2024-05-05,2024-05-06,1,LH-17020,682,562,2,9.552
5288,CA-2024-105991,2024-05-05,2024-05-06,1,LH-17020,5,562,2,89.991
6305,CA-2024-107552,2024-05-05,2024-05-05,0,AI-10855,1186,265,1,6.68
6264,CA-2024-160724,2024-05-05,2024-05-10,5,YS-21880,781,371,4,34.5
5192,US-2024-141943,2024-05-05,2024-05-09,4,DK-12985,890,530,4,23.16
7676,CA-2024-133487,2024-05-06,2024-05-09,3,TS-21655,426,514,3,152.94
1971,CA-2024-140242,2024-05-06,2024-05-11,5,ML-17755,509,9,4,6.408
1972,CA-2024-140242,2024-05-06,2024-05-11,5,ML-17755,1505,9,4,408.744
6635,CA-2024-144498,2024-05-06,2024-05-06,0,MB-18085,837,400,1,68.541
6636,CA-2024-144498,2024-05-06,2024-05-06,0,MB-18085,1763,400,1,627.168
6637,CA-2024-144498,2024-05-06,2024-05-06,0,MB-18085,959,400,1,122.12
8442,CA-2024-145779,2024-05-06,2024-05-10,4,DB-13615,1142,460,4,84.416
4127,CA-2024-156769,2024-05-06,2024-05-09,3,GZ-14470,538,437,2,54.66
2781,CA-2024-167668,2024-05-06,2024-05-08,2,TC-21295,995,265,2,59.2
4669,US-2024-133200,2024-05-06,2024-05-11,5,DB-13555,679,146,4,11.06
4670,US-2024-133200,2024-05-06,2024-05-11,5,DB-13555,50,146,4,623.4648
4671,US-2024-133200,2024-05-06,2024-05-11,5,DB-13555,1360,146,4,772.68
9374,CA-2024-102820,2024-05-07,2024-05-11,4,CS-11950,1737,511,4,419.944
3828,CA-2024-141733,2024-05-07,2024-05-11,4,RW-19540,96,70,4,1458.65
3829,CA-2024-141733,2024-05-07,2024-05-11,4,RW-19540,135,70,4,26.64
3830,CA-2024-141733,2024-05-07,2024-05-11,4,RW-19540,137,70,4,476.8
3831,CA-2024-141733,2024-05-07,2024-05-11,4,RW-19540,414,70,4,87.444
5001,CA-2024-159688,2024-05-07,2024-05-12,5,AB-10060,1531,494,4,79.99
9601,CA-2024-107797,2024-05-08,2024-05-11,3,EB-13705,1266,163,3,41.472
3274,CA-2024-133865,2024-05-08,2024-05-12,4,PS-19045,1630,496,4,3359.952
1596,CA-2024-149181,2024-05-08,2024-05-12,4,MD-17350,55,278,4,47.992
4471,CA-2024-156895,2024-05-08,2024-05-12,4,DJ-13510,54,304,4,128.058
9520,US-2024-104451,2024-05-08,2024-05-12,4,MM-18055,437,529,3,81.08
8417,CA-2024-118199,2024-05-09,2024-05-11,2,LB-16795,775,624,2,147.92
8418,CA-2024-118199,2024-05-09,2024-05-11,2,LB-16795,1370,624,2,104.28
8419,CA-2024-118199,2024-05-09,2024-05-11,2,LB-16795,379,624,2,286.85
8420,CA-2024-118199,2024-05-09,2024-05-11,2,LB-16795,1398,624,2,66.96
8421,CA-2024-118199,2024-05-09,2024-05-11,2,LB-16795,1598,624,2,199.98
8281,CA-2024-134810,2024-05-09,2024-05-10,1,MC-17605,908,409,2,65.232
8282,CA-2024-134810,2024-05-09,2024-05-10,1,MC-17605,93,409,2,207.0
7316,CA-2024-115322,2024-05-11,2024-05-16,5,ZC-21910,612,264,3,43.92
4122,CA-2024-133823,2024-05-11,2024-05-12,1,LP-17080,1041,623,1,37.44
4123,CA-2024-133823,2024-05-11,2024-05-12,1,LP-17080,990,623,1,37.59
4124,CA-2024-133823,2024-05-11,2024-05-12,1,LP-17080,656,623,1,26.032
4700,CA-2024-140298,2024-05-11,2024-05-17,6,JK-16120,600,128,4,5.248
4701,CA-2024-140298,2024-05-11,2024-05-17,6,JK-16120,1403,128,4,74.416
4702,CA-2024-140298,2024-05-11,2024-05-17,6,JK-16120,1190,128,4,6.848
4703,CA-2024-140298,2024-05-11,2024-05-17,6,JK-16120,303,128,4,7.996
5012,US-2024-139647,2024-05-11,2024-05-13,2,TS-21370,5,456,2,209.979
3762,CA-2024-104577,2024-05-12,2024-05-17,5,CK-12205,1109,221,4,87.6
5821,CA-2024-117632,2024-05-12,2024-05-18,6,CS-12175,1463,530,4,238.62
5822,CA-2024-117632,2024-05-12,2024-05-18,6,CS-12175,459,530,4,7.77
5823,CA-2024-117632,2024-05-12,2024-05-18,6,CS-12175,377,530,4,285.48
5824,CA-2024-117632,2024-05-12,2024-05-18,6,CS-12175,722,530,4,19.168
6667,CA-2024-122175,2024-05-12,2024-05-14,2,CA-12775,168,251,3,42.85
6668,CA-2024-122175,2024-05-12,2024-05-14,2,CA-12775,1025,251,3,6.16
6669,CA-2024-122175,2024-05-12,2024-05-14,2,CA-12775,1461,251,3,17.0
6670,CA-2024-122175,2024-05-12,2024-05-14,2,CA-12775,1565,251,3,87.4
6281,CA-2024-152226,2024-05-12,2024-05-16,4,JH-15910,992,276,4,5.904
5804,US-2024-106796,2024-05-12,2024-05-19,7,JP-16135,599,294,4,10.272
1857,US-2024-158218,2024-05-12,2024-05-15,3,AC-10420,1350,154,3,127.92
1858,US-2024-158218,2024-05-12,2024-05-15,3,AC-10420,842,154,3,34.24
2431,CA-2024-100748,2024-05-13,2024-05-20,7,RB-19795,1021,529,4,58.48
8622,CA-2024-104318,2024-05-13,2024-05-18,5,FH-14275,435,426,4,20.768
9000,CA-2024-137785,2024-05-13,2024-05-17,4,MH-18115,126,304,4,458.43
2595,CA-2024-149048,2024-05-13,2024-05-17,4,BM-11650,910,37,4,180.96
2596,CA-2024-149048,2024-05-13,2024-05-17,4,BM-11650,784,37,4,914.97
2597,CA-2024-149048,2024-05-13,2024-05-17,4,BM-11650,1833,37,4,587.97
2598,CA-2024-149048,2024-05-13,2024-05-17,4,BM-11650,1430,37,4,530.34
2599,CA-2024-149048,2024-05-13,2024-05-17,4,BM-11650,1070,37,4,14.94
8336,CA-2024-161655,2024-05-13,2024-05-18,5,CW-11905,769,206,3,299.52
4161,CA-2024-115546,2024-05-14,2024-05-18,4,AH-10465,1767,265,4,539.97
4162,CA-2024-115546,2024-05-14,2024-05-18,4,AH-10465,1442,265,4,22.58
4649,CA-2024-129357,2024-05-14,2024-05-19,5,KB-16585,1179,623,4,440.19
4650,CA-2024-129357,2024-05-14,2024-05-19,5,KB-16585,1473,623,4,64.4
1245,CA-2024-133641,2024-05-14,2024-05-21,7,EJ-14155,876,392,4,48.69
814,CA-2024-143686,2024-05-14,2024-05-14,0,PJ-19015,227,535,1,18.28
815,CA-2024-143686,2024-05-14,2024-05-14,0,PJ-19015,1600,535,1,1399.93
6408,CA-2024-161774,2024-05-14,2024-05-15,1,GT-14710,59,154,2,899.43
6409,CA-2024-161774,2024-05-14,2024-05-15,1,GT-14710,557,154,2,46.2
6410,CA-2024-161774,2024-05-14,2024-05-15,1,GT-14710,1200,154,2,47.952
6411,CA-2024-161774,2024-05-14,2024-05-15,1,GT-14710,1830,154,2,7.992
6412,CA-2024-161774,2024-05-14,2024-05-15,1,GT-14710,1201,154,2,76.864
6459,US-2024-133361,2024-05-14,2024-05-17,3,AJ-10780,607,211,2,3.76
6460,US-2024-133361,2024-05-14,2024-05-17,3,AJ-10780,615,211,2,14.7
6461,US-2024-133361,2024-05-14,2024-05-17,3,AJ-10780,543,211,2,37.2
6462,US-2024-133361,2024-05-14,2024-05-17,3,AJ-10780,1484,211,2,89.97
6463,US-2024-133361,2024-05-14,2024-05-17,3,AJ-10780,123,211,2,261.96
6464,US-2024-133361,2024-05-14,2024-05-17,3,AJ-10780,995,211,2,74.0
6545,US-2024-154872,2024-05-14,2024-05-18,4,DP-13000,806,277,4,58.17
6546,US-2024-154872,2024-05-14,2024-05-18,4,DP-13000,993,277,4,5.04
6547,US-2024-154872,2024-05-14,2024-05-18,4,DP-13000,1160,277,4,24.784
957,CA-2024-102414,2024-05-15,2024-05-18,3,JA-15970,1792,456,3,29.592
958,CA-2024-102414,2024-05-15,2024-05-18,3,JA-15970,680,456,3,4.752
959,CA-2024-102414,2024-05-15,2024-05-18,3,JA-15970,1120,456,3,15.552
2632,US-2024-110604,2024-05-15,2024-05-20,5,JF-15295,140,623,4,39.96
2633,US-2024-110604,2024-05-15,2024-05-20,5,JF-15295,135,623,4,42.624
2634,US-2024-110604,2024-05-15,2024-05-20,5,JF-15295,133,623,4,220.96
5510,US-2024-152569,2024-05-15,2024-05-20,5,JD-16015,1139,10,4,56.704
5511,US-2024-152569,2024-05-15,2024-05-20,5,JD-16015,1851,10,4,11.12
4093,CA-2024-166576,2024-05-16,2024-05-18,2,JM-15865,1401,274,2,221.024
4187,CA-2024-112536,2024-05-18,2024-05-23,5,SG-20890,664,164,4,6.874
4188,CA-2024-112536,2024-05-18,2024-05-23,5,SG-20890,684,164,4,1.996
4189,CA-2024-112536,2024-05-18,2024-05-23,5,SG-20890,1388,164,4,8.928
2844,CA-2024-112865,2024-05-18,2024-05-22,4,BH-11710,1516,304,4,36.048
5222,CA-2024-117401,2024-05-18,2024-05-22,4,PP-18955,397,108,3,706.86
5223,CA-2024-117401,2024-05-18,2024-05-22,4,PP-18955,1802,108,3,114.95
5224,CA-2024-117401,2024-05-18,2024-05-22,4,PP-18955,831,108,3,43.19
3941,CA-2024-117863,2024-05-18,2024-05-23,5,TS-21340,282,264,4,14.56
3942,CA-2024-117863,2024-05-18,2024-05-23,5,TS-21340,665,264,4,3.048
4715,CA-2024-121643,2024-05-18,2024-05-20,2,AB-10105,1718,594,2,344.704
8183,CA-2024-155642,2024-05-18,2024-05-22,4,BM-11575,247,10,4,22.608
8184,CA-2024-155642,2024-05-18,2024-05-22,4,BM-11575,153,10,4,1.892
4423,CA-2024-159464,2024-05-18,2024-05-19,1,TB-21355,394,376,2,17.24
4424,CA-2024-159464,2024-05-18,2024-05-19,1,TB-21355,19,376,2,302.94
4425,CA-2024-159464,2024-05-18,2024-05-19,1,TB-21355,1851,376,2,34.75
4426,CA-2024-159464,2024-05-18,2024-05-19,1,TB-21355,803,376,2,113.94
4427,CA-2024-159464,2024-05-18,2024-05-19,1,TB-21355,1724,376,2,55.98
3625,CA-2024-113530,2024-05-19,2024-05-21,2,BC-11125,138,528,3,681.408
3626,CA-2024-113530,2024-05-19,2024-05-21,2,BC-11125,559,528,3,3.52
3627,CA-2024-113530,2024-05-19,2024-05-21,2,BC-11125,563,528,3,5.58
3628,CA-2024-113530,2024-05-19,2024-05-21,2,BC-11125,1606,528,3,36.32
5939,CA-2024-122077,2024-05-19,2024-05-25,6,JF-15295,1780,171,4,95.992
5940,CA-2024-122077,2024-05-19,2024-05-25,6,JF-15295,980,171,4,13.216
9011,CA-2024-127803,2024-05-19,2024-05-23,4,ND-18460,843,318,4,26.16
2859,CA-2024-138975,2024-05-19,2024-05-23,4,SC-20380,1518,370,4,67.8
2860,CA-2024-138975,2024-05-19,2024-05-23,4,SC-20380,1808,370,4,377.97
2861,CA-2024-138975,2024-05-19,2024-05-23,4,SC-20380,23,370,4,1628.82
2862,CA-2024-138975,2024-05-19,2024-05-23,4,SC-20380,1210,370,4,286.93
6044,CA-2024-145702,2024-05-19,2024-05-24,5,AH-10075,126,430,3,314.352
6045,CA-2024-145702,2024-05-19,2024-05-24,5,AH-10075,1214,430,3,27.888
628,CA-2024-153787,2024-05-19,2024-05-23,4,AT-10735,414,625,4,97.16
713,US-2024-100048,2024-05-19,2024-05-24,5,RS-19765,416,260,4,281.34
714,US-2024-100048,2024-05-19,2024-05-24,5,RS-19765,1810,260,4,307.98
715,US-2024-100048,2024-05-19,2024-05-24,5,RS-19765,1545,260,4,299.97
5454,US-2024-108700,2024-05-19,2024-05-23,4,PJ-18835,1115,29,4,38.016
5053,US-2024-120607,2024-05-19,2024-05-19,0,JC-15775,1117,370,1,195.64
6369,US-2024-147998,2024-05-19,2024-05-24,5,SA-20830,769,532,4,133.12
4363,CA-2024-111332,2024-05-20,2024-05-22,2,NC-18340,510,113,3,131.94
4364,CA-2024-111332,2024-05-20,2024-05-22,2,NC-18340,498,113,3,25.92
4365,CA-2024-111332,2024-05-20,2024-05-22,2,NC-18340,1354,113,3,704.76
4366,CA-2024-111332,2024-05-20,2024-05-22,2,NC-18340,943,113,3,7.41
4367,CA-2024-111332,2024-05-20,2024-05-22,2,NC-18340,506,113,3,21.5
6907,CA-2024-149468,2024-05-20,2024-05-20,0,AR-10405,821,85,1,41.28
6068,CA-2024-166695,2024-05-20,2024-05-24,4,CC-12430,70,491,4,518.272
6069,CA-2024-166695,2024-05-20,2024-05-24,4,CC-12430,249,491,4,6.98
6070,CA-2024-166695,2024-05-20,2024-05-24,4,CC-12430,1680,491,4,343.2
9143,US-2024-166688,2024-05-20,2024-05-26,6,RD-19480,847,579,4,8.288
9144,US-2024-166688,2024-05-20,2024-05-26,6,RD-19480,1803,579,4,1123.128
9145,US-2024-166688,2024-05-20,2024-05-26,6,RD-19480,435,579,4,64.9
989,CA-2024-167899,2024-05-21,2024-05-26,5,JG-15805,275,253,4,520.05
990,CA-2024-167899,2024-05-21,2024-05-26,5,JG-15805,526,253,4,17.97
9247,CA-2024-130106,2024-05-22,2024-05-26,4,VF-21715,603,528,4,9.84
9248,CA-2024-130106,2024-05-22,2024-05-26,4,VF-21715,584,528,4,2.78
6467,CA-2024-153080,2024-05-22,2024-05-25,3,EH-13945,1562,495,3,68.46
5540,US-2024-150595,2024-05-22,2024-05-26,4,LE-16810,94,10,4,181.986
5541,US-2024-150595,2024-05-22,2024-05-26,4,LE-16810,682,10,4,1.592
5542,US-2024-150595,2024-05-22,2024-05-26,4,LE-16810,1449,10,4,22.344
7245,US-2024-151127,2024-05-22,2024-05-25,3,RL-19615,625,499,2,49.56
4872,CA-2024-164042,2024-05-23,2024-05-27,4,KL-16645,937,156,4,1.824
4873,CA-2024-164042,2024-05-23,2024-05-27,4,KL-16645,390,156,4,18.32
4874,CA-2024-164042,2024-05-23,2024-05-27,4,KL-16645,1431,156,4,48.816
4875,CA-2024-164042,2024-05-23,2024-05-27,4,KL-16645,822,156,4,1.188
4510,CA-2024-167003,2024-05-23,2024-05-29,6,VS-21820,377,497,4,171.288
9128,CA-2024-112473,2024-05-25,2024-06-01,7,JL-15505,1373,155,4,50.136
8013,CA-2024-120168,2024-05-25,2024-05-25,0,TB-21625,738,262,1,663.92
8014,CA-2024-120168,2024-05-25,2024-05-25,0,TB-21625,1503,262,1,120.0
8015,CA-2024-120168,2024-05-25,2024-05-25,0,TB-21625,917,262,1,3.29
8016,CA-2024-120168,2024-05-25,2024-05-25,0,TB-21625,194,262,1,18.84
6671,CA-2024-161088,2024-05-25,2024-05-29,4,MH-18115,813,371,4,29.84
9438,CA-2024-107853,2024-05-26,2024-05-31,5,CD-11920,1273,508,4,12.96
7000,CA-2024-123687,2024-05-26,2024-05-29,3,KC-16675,408,383,2,208.44
7001,CA-2024-123687,2024-05-26,2024-05-29,3,KC-16675,1473,383,2,25.76
9067,CA-2024-152968,2024-05-26,2024-05-30,4,BM-11785,1624,441,4,23.08
5376,CA-2024-134152,2024-05-27,2024-05-31,4,RP-19855,1524,623,4,98.16
5377,CA-2024-134152,2024-05-27,2024-05-31,4,RP-19855,641,623,4,31.44
9448,CA-2024-136882,2024-05-27,2024-06-03,7,DN-13690,231,120,4,477.3
9457,CA-2024-151855,2024-05-27,2024-06-03,7,BW-11110,1614,406,4,27.192
9458,CA-2024-151855,2024-05-27,2024-06-03,7,BW-11110,732,406,4,12.06
3943,CA-2024-160458,2024-05-27,2024-05-29,2,EH-13945,1269,432,3,25.92
6436,US-2024-116897,2024-05-27,2024-05-29,2,JG-15160,199,571,2,35.0
6437,US-2024-116897,2024-05-27,2024-05-29,2,JG-15160,1361,571,2,477.15
6438,US-2024-116897,2024-05-27,2024-05-29,2,JG-15160,1808,571,2,302.376
3082,US-2024-132297,2024-05-27,2024-06-02,6,DW-13480,706,383,4,58.34
3083,US-2024-132297,2024-05-27,2024-06-02,6,DW-13480,1767,383,4,539.97
9132,CA-2024-100055,2024-05-28,2024-06-01,4,MD-17860,176,216,4,27.46
9133,CA-2024-100055,2024-05-28,2024-06-01,4,MD-17860,431,216,4,125.13
86,CA-2024-140088,2024-05-28,2024-05-30,2,PO-18865,118,415,3,301.96
6242,CA-2024-141572,2024-05-28,2024-05-31,3,LO-17170,148,232,3,247.44
8786,CA-2024-145765,2024-05-28,2024-06-02,5,CM-11815,1823,456,4,195.96
8787,CA-2024-145765,2024-05-28,2024-06-02,5,CM-11815,1305,456,4,15.552
8788,CA-2024-145765,2024-05-28,2024-06-02,5,CM-11815,1548,456,4,271.968
9295,CA-2024-161340,2024-05-28,2024-06-01,4,AM-10360,1068,277,4,13.872
9296,CA-2024-161340,2024-05-28,2024-06-01,4,AM-10360,16,277,4,115.96
2434,US-2024-112613,2024-05-28,2024-06-01,4,JH-15910,1875,155,4,54.368
8457,US-2024-118556,2024-05-28,2024-06-02,5,TH-21235,85,10,3,106.869
8458,US-2024-118556,2024-05-28,2024-06-02,5,TH-21235,823,10,3,3.564
371,CA-2024-104745,2024-05-29,2024-06-04,6,GT-14755,1194,152,4,25.92
372,CA-2024-104745,2024-05-29,2024-06-04,6,GT-14755,1365,152,4,53.424
6248,CA-2024-121580,2024-05-29,2024-06-04,6,ML-17410,817,37,4,43.41
6249,CA-2024-121580,2024-05-29,2024-06-04,6,ML-17410,229,37,4,6.24
6250,CA-2024-121580,2024-05-29,2024-06-04,6,ML-17410,458,37,4,465.16
6251,CA-2024-121580,2024-05-29,2024-06-04,6,ML-17410,1035,37,4,7.98
3717,CA-2024-144568,2024-05-29,2024-06-02,4,JO-15550,938,112,4,23.55
3404,CA-2024-168739,2024-05-29,2024-06-05,7,HZ-14950,209,156,4,65.424
9687,CA-2024-116498,2024-05-30,2024-06-03,4,KA-16525,536,526,4,35.1
8811,CA-2024-120614,2024-05-30,2024-06-04,5,SM-20950,1087,494,4,37.52
7412,CA-2024-121125,2024-05-30,2024-06-03,4,MG-17890,1791,598,4,156.792
7413,CA-2024-121125,2024-05-30,2024-06-03,4,MG-17890,1609,598,4,35.36
7414,CA-2024-121125,2024-05-30,2024-06-03,4,MG-17890,317,598,4,13.592
6402,CA-2024-125472,2024-05-30,2024-05-31,1,BD-11725,42,389,2,241.96
6403,CA-2024-125472,2024-05-30,2024-05-31,1,BD-11725,675,389,2,3.89
6404,CA-2024-125472,2024-05-30,2024-05-31,1,BD-11725,147,389,2,8.01
9513,CA-2024-142461,2024-05-30,2024-06-03,4,KT-16480,4,141,3,204.6664
4838,CA-2024-106831,2024-06-01,2024-06-03,2,FH-14350,711,280,2,3.798
4839,CA-2024-106831,2024-06-01,2024-06-03,2,FH-14350,1187,280,2,27.744
4840,CA-2024-106831,2024-06-01,2024-06-03,2,FH-14350,1826,280,2,158.376
7660,CA-2024-146493,2024-06-01,2024-06-05,4,CV-12805,766,109,4,53.9
7801,CA-2024-157413,2024-06-01,2024-06-06,5,BW-11065,1439,302,4,324.744
2288,US-2024-112928,2024-06-01,2024-06-05,4,BB-10990,425,295,3,17.48
1331,CA-2024-127705,2024-06-02,2024-06-06,4,AB-10255,1757,288,4,2.97
1332,CA-2024-127705,2024-06-02,2024-06-06,4,AB-10255,1320,288,4,27.44
3689,CA-2024-140760,2024-06-02,2024-06-05,3,DO-13435,1308,454,3,25.344
3690,CA-2024-140760,2024-06-02,2024-06-05,3,DO-13435,884,454,3,43.92
7733,CA-2024-143294,2024-06-02,2024-06-08,6,JD-15790,1244,155,4,10.688
4769,CA-2024-158883,2024-06-02,2024-06-03,1,CS-11860,1115,409,1,25.344
6484,CA-2024-113908,2024-06-03,2024-06-09,6,KN-16390,353,263,4,384.768
6485,CA-2024-113908,2024-06-03,2024-06-09,6,KN-16390,1665,263,4,78.66
6486,CA-2024-113908,2024-06-03,2024-06-09,6,KN-16390,1138,263,4,45.36
205,CA-2024-126382,2024-06-03,2024-06-07,4,HK-14890,196,426,4,35.168
6476,CA-2024-140872,2024-06-03,2024-06-10,7,NR-18550,852,357,4,4.554
6477,CA-2024-140872,2024-06-03,2024-06-10,7,NR-18550,418,357,4,5.2
6478,CA-2024-140872,2024-06-03,2024-06-10,7,NR-18550,1552,357,4,205.992
6479,CA-2024-140872,2024-06-03,2024-06-10,7,NR-18550,1278,357,4,15.552
6480,CA-2024-140872,2024-06-03,2024-06-10,7,NR-18550,1879,357,4,503.96
6481,CA-2024-140872,2024-06-03,2024-06-10,7,NR-18550,425,357,4,24.472
6482,CA-2024-140872,2024-06-03,2024-06-10,7,NR-18550,10,357,4,241.568
6483,CA-2024-140872,2024-06-03,2024-06-10,7,NR-18550,1625,357,4,110.4
9451,CA-2024-145506,2024-06-03,2024-06-07,4,MO-17800,1342,626,4,136.26
6125,CA-2024-145772,2024-06-03,2024-06-07,4,SS-20140,1517,497,4,44.75
6126,CA-2024-145772,2024-06-03,2024-06-07,4,SS-20140,1212,497,4,11.96
6127,CA-2024-145772,2024-06-03,2024-06-07,4,SS-20140,830,497,4,3.912
5926,CA-2024-150420,2024-06-03,2024-06-08,5,GD-14590,1594,611,4,1099.5
1270,CA-2024-100426,2024-06-04,2024-06-08,4,DC-12850,1041,316,4,12.48
5874,CA-2024-133095,2024-06-04,2024-06-04,0,EH-14005,771,325,1,108.08
5875,CA-2024-133095,2024-06-04,2024-06-04,0,EH-14005,793,325,1,9.54
8518,CA-2024-149720,2024-06-04,2024-06-07,3,EM-14065,285,147,3,30.336
2928,CA-2024-158106,2024-06-04,2024-06-10,6,CT-11995,598,87,4,8.64
1090,CA-2024-158407,2024-06-04,2024-06-10,6,LW-16990,303,410,4,31.984
1091,CA-2024-158407,2024-06-04,2024-06-10,6,LW-16990,1775,410,4,71.984
3193,CA-2024-158953,2024-06-04,2024-06-08,4,ML-18040,811,166,4,6.37
3912,CA-2024-126788,2024-06-05,2024-06-06,1,AB-10105,1791,169,2,470.376
8514,CA-2024-141614,2024-06-05,2024-06-09,4,NS-18640,1301,354,4,20.736
3854,US-2024-131849,2024-06-06,2024-06-10,4,GH-14410,198,530,4,4.95
3855,US-2024-131849,2024-06-06,2024-06-10,4,GH-14410,1422,530,4,26.4
4820,CA-2024-117436,2024-06-08,2024-06-14,6,LW-17125,847,202,4,10.36
666,CA-2024-132682,2024-06-08,2024-06-10,2,TH-21235,1460,140,3,23.76
667,CA-2024-132682,2024-06-08,2024-06-10,2,TH-21235,1054,140,3,85.056
668,CA-2024-132682,2024-06-08,2024-06-10,2,TH-21235,1754,140,3,381.576
7506,US-2024-106579,2024-06-08,2024-06-13,5,BW-11200,770,32,4,12.176
9645,US-2024-107979,2024-06-08,2024-06-13,5,FO-14305,1572,453,4,89.544
9646,US-2024-107979,2024-06-08,2024-06-13,5,FO-14305,1396,453,4,35.168
9647,US-2024-107979,2024-06-08,2024-06-13,5,FO-14305,772,453,4,72.588
7815,US-2024-109316,2024-06-08,2024-06-10,2,MG-17680,36,499,2,1497.666
7816,US-2024-109316,2024-06-08,2024-06-10,2,MG-17680,1871,499,2,17.52
262,US-2024-155299,2024-06-08,2024-06-12,4,Dl-13600,422,168,4,1.624
5362,CA-2024-100951,2024-06-09,2024-06-10,1,NC-18625,1417,141,2,720.76
670,US-2024-106663,2024-06-09,2024-06-13,4,MO-17800,139,10,4,23.976
671,US-2024-106663,2024-06-09,2024-06-13,4,MO-17800,356,10,4,108.925
672,US-2024-106663,2024-06-09,2024-06-13,4,MO-17800,1033,10,4,36.352
8148,US-2024-146822,2024-06-09,2024-06-14,5,AG-10675,1052,444,4,49.12
644,CA-2024-106103,2024-06-10,2024-06-15,5,SC-20305,1499,79,4,132.52
4520,CA-2024-107167,2024-06-10,2024-06-14,4,ND-18460,1312,343,4,1347.52
7310,CA-2024-112172,2024-06-10,2024-06-14,4,MM-18280,938,264,3,14.13
7262,CA-2024-137001,2024-06-10,2024-06-13,3,GZ-14545,630,542,3,14.7
485,CA-2024-140963,2024-06-10,2024-06-13,3,MT-18070,957,498,2,29.6
486,CA-2024-140963,2024-06-10,2024-06-13,3,MT-18070,31,498,2,514.165
487,CA-2024-140963,2024-06-10,2024-06-13,3,MT-18070,1888,498,2,279.96
2289,CA-2024-143343,2024-06-10,2024-06-13,3,BW-11200,604,496,2,16.4
5367,CA-2024-158071,2024-06-10,2024-06-15,5,BD-11320,1792,623,4,88.776
5368,CA-2024-158071,2024-06-10,2024-06-15,5,BD-11320,1003,623,4,11.56
5369,CA-2024-158071,2024-06-10,2024-06-15,5,BD-11320,1384,623,4,15.58
5219,CA-2024-167080,2024-06-10,2024-06-14,4,LC-16930,618,263,4,8.4
3395,US-2024-131583,2024-06-10,2024-06-10,0,CL-11890,1084,305,1,40.032
3448,CA-2024-102554,2024-06-11,2024-06-15,4,KN-16705,607,314,4,3.76
8924,CA-2024-133928,2024-06-11,2024-06-17,6,ZC-21910,663,408,4,4.572
4220,CA-2024-134565,2024-06-11,2024-06-13,2,TB-21400,1203,623,3,37.94
4221,CA-2024-134565,2024-06-11,2024-06-13,2,TB-21400,662,623,3,18.288
4222,CA-2024-134565,2024-06-11,2024-06-13,2,TB-21400,1653,623,3,385.8
4223,CA-2024-134565,2024-06-11,2024-06-13,2,TB-21400,1324,623,3,102.96
4224,CA-2024-134565,2024-06-11,2024-06-13,2,TB-21400,25,623,3,174.42
8342,CA-2024-141481,2024-06-11,2024-06-14,3,ZD-21925,468,497,2,61.44
2309,US-2024-120418,2024-06-11,2024-06-12,1,BC-11125,75,455,2,280.792
2310,US-2024-120418,2024-06-11,2024-06-12,1,BC-11125,1413,455,2,68.448
2311,US-2024-120418,2024-06-11,2024-06-12,1,BC-11125,514,455,2,88.04
2312,US-2024-120418,2024-06-11,2024-06-12,1,BC-11125,568,455,2,15.872
2313,US-2024-120418,2024-06-11,2024-06-12,1,BC-11125,1357,455,2,215.592
1569,US-2024-152002,2024-06-11,2024-06-11,0,DV-13465,1125,494,1,122.97
2638,CA-2024-108441,2024-06-12,2024-06-18,6,SB-20170,1111,265,4,19.04
2639,CA-2024-108441,2024-06-12,2024-06-18,6,SB-20170,672,265,4,13.128
2640,CA-2024-108441,2024-06-12,2024-06-18,6,SB-20170,515,265,4,64.14
2641,CA-2024-108441,2024-06-12,2024-06-18,6,SB-20170,137,265,4,858.24
5497,CA-2024-117821,2024-06-12,2024-06-16,4,HG-15025,1587,289,4,63.92
9175,CA-2024-119424,2024-06-12,2024-06-14,2,SB-20185,1816,616,3,71.976
9176,CA-2024-119424,2024-06-12,2024-06-14,2,SB-20185,1275,616,3,19.44
9537,CA-2024-124191,2024-06-12,2024-06-14,2,TS-21610,216,8,3,8.856
2870,CA-2024-143861,2024-06-12,2024-06-19,7,LC-16885,180,363,4,17.088
1456,CA-2024-148474,2024-06-12,2024-06-19,7,ME-17320,787,371,4,91.2
1457,CA-2024-148474,2024-06-12,2024-06-19,7,ME-17320,371,371,4,452.94
1446,CA-2024-102337,2024-06-13,2024-06-16,3,SD-20485,1324,10,2,164.736
1447,CA-2024-102337,2024-06-13,2024-06-16,3,SD-20485,84,10,2,470.302
1448,CA-2024-102337,2024-06-13,2024-06-16,3,SD-20485,1816,10,2,47.984
7731,CA-2024-104850,2024-06-13,2024-06-19,6,TW-21025,89,623,4,291.136
7265,CA-2024-122056,2024-06-13,2024-06-17,4,PG-18895,516,445,4,181.86
673,CA-2024-111178,2024-06-15,2024-06-22,7,TD-20995,582,28,4,19.56
7090,CA-2024-118864,2024-06-15,2024-06-19,4,KH-16690,1822,496,3,119.96
8697,CA-2024-119284,2024-06-15,2024-06-20,5,TS-21205,1772,434,4,239.976
8698,CA-2024-119284,2024-06-15,2024-06-20,5,TS-21205,302,434,4,31.168
8699,CA-2024-119284,2024-06-15,2024-06-20,5,TS-21205,332,434,4,120.96
8700,CA-2024-119284,2024-06-15,2024-06-20,5,TS-21205,1862,434,4,2239.936
8701,CA-2024-119284,2024-06-15,2024-06-20,5,TS-21205,479,434,4,76.608
8702,CA-2024-119284,2024-06-15,2024-06-20,5,TS-21205,1371,434,4,142.776
8703,CA-2024-119284,2024-06-15,2024-06-20,5,TS-21205,1221,434,4,91.36
8789,CA-2024-126914,2024-06-15,2024-06-19,4,JE-15715,68,410,4,698.352
8790,CA-2024-126914,2024-06-15,2024-06-19,4,JE-15715,24,410,4,77.728
2873,CA-2024-135167,2024-06-15,2024-06-20,5,SC-20800,537,497,4,4.26
5476,CA-2024-169691,2024-06-15,2024-06-18,3,Dp-13240,979,92,2,44.4
5477,CA-2024-169691,2024-06-15,2024-06-18,3,Dp-13240,1428,92,2,84.55
5478,CA-2024-169691,2024-06-15,2024-06-18,3,Dp-13240,1261,92,2,17.94
346,CA-2024-169901,2024-06-15,2024-06-19,4,CC-12550,1721,530,4,47.976
2258,CA-2024-105214,2024-06-16,2024-06-19,3,TS-21610,107,530,2,1212.96
2259,CA-2024-105214,2024-06-16,2024-06-19,3,TS-21610,1133,530,2,18.54
6745,CA-2024-111269,2024-06-16,2024-06-18,2,CS-12355,1545,280,3,479.952
6746,CA-2024-111269,2024-06-16,2024-06-18,2,CS-12355,581,280,3,23.92
830,CA-2024-129462,2024-06-16,2024-06-21,5,JE-15745,53,380,3,301.96
831,CA-2024-129462,2024-06-16,2024-06-21,5,JE-15745,439,380,3,180.66
832,CA-2024-129462,2024-06-16,2024-06-21,5,JE-15745,1849,380,3,191.98
833,CA-2024-129462,2024-06-16,2024-06-21,5,JE-15745,1751,380,3,65.99
267,CA-2024-136826,2024-06-16,2024-06-20,4,CB-12535,622,399,4,14.016
2706,CA-2024-155873,2024-06-16,2024-06-21,5,AB-10255,1448,584,4,16.68
2707,CA-2024-155873,2024-06-16,2024-06-21,5,AB-10255,1288,584,4,19.44
2708,CA-2024-155873,2024-06-16,2024-06-21,5,AB-10255,1144,584,4,192.16
4542,US-2024-132206,2024-06-16,2024-06-21,5,MK-17905,824,10,4,5.936
1012,CA-2024-118437,2024-06-17,2024-06-21,4,PF-19165,264,619,3,155.25
1013,CA-2024-118437,2024-06-17,2024-06-21,4,PF-19165,1391,619,3,14.03
2501,CA-2024-131618,2024-06-17,2024-06-20,3,LS-17200,1090,32,2,12.224
2502,CA-2024-131618,2024-06-17,2024-06-20,3,LS-17200,677,32,2,2.304
2503,CA-2024-131618,2024-06-17,2024-06-20,3,LS-17200,726,32,2,9.36
6604,CA-2024-146346,2024-06-17,2024-06-20,3,RA-19945,1328,555,2,146.352
98,CA-2024-157833,2024-06-17,2024-06-20,3,KD-16345,827,530,2,51.312
7915,CA-2024-165323,2024-06-17,2024-06-21,4,SR-20740,1671,264,4,3404.5
7916,CA-2024-165323,2024-06-17,2024-06-21,4,SR-20740,1519,264,4,101.34
4496,CA-2024-112753,2024-06-18,2024-06-23,5,CC-12670,6,496,4,917.9235
4497,CA-2024-112753,2024-06-18,2024-06-23,5,CC-12670,1194,496,4,38.88
6304,CA-2024-162712,2024-06-18,2024-06-20,2,NK-18490,1188,139,3,74.352
7105,CA-2024-128944,2024-06-19,2024-06-21,2,KH-16330,67,292,3,760.116
7106,CA-2024-128944,2024-06-19,2024-06-21,2,KH-16330,160,292,3,38.784
7107,CA-2024-128944,2024-06-19,2024-06-21,2,KH-16330,1568,292,3,122.328
653,CA-2024-140844,2024-06-19,2024-06-23,4,AR-10405,1208,265,4,97.82
654,CA-2024-140844,2024-06-19,2024-06-23,4,AR-10405,1611,265,4,103.12
2480,CA-2024-141992,2024-06-19,2024-06-25,6,FO-14305,1468,142,4,11.184
2481,CA-2024-141992,2024-06-19,2024-06-25,6,FO-14305,1405,142,4,153.584
9287,CA-2024-154011,2024-06-19,2024-06-26,7,DB-13270,752,140,4,6.888
9288,CA-2024-154011,2024-06-19,2024-06-26,7,DB-13270,356,140,4,457.485
4101,US-2024-102288,2024-06-19,2024-06-23,4,ZC-21910,451,156,4,2.264
4102,US-2024-102288,2024-06-19,2024-06-23,4,ZC-21910,462,156,4,0.444
4103,US-2024-102288,2024-06-19,2024-06-23,4,ZC-21910,1250,156,4,146.176
823,CA-2024-101434,2024-06-20,2024-06-27,7,TR-21325,1599,237,4,239.97
824,CA-2024-101434,2024-06-20,2024-06-27,7,TR-21325,998,237,4,9.82
1436,CA-2024-106852,2024-06-20,2024-06-27,7,ST-20530,1275,293,4,31.104
1437,CA-2024-106852,2024-06-20,2024-06-27,7,ST-20530,602,293,4,5.248
890,CA-2024-132934,2024-06-20,2024-06-26,6,JE-15475,1483,261,4,149.95
891,CA-2024-132934,2024-06-20,2024-06-26,6,JE-15475,652,261,4,51.312
5293,CA-2024-151218,2024-06-20,2024-06-23,3,PJ-19015,1388,351,2,4.464
9689,US-2024-135986,2024-06-20,2024-06-27,7,PG-18895,1305,443,4,32.4
9690,US-2024-135986,2024-06-20,2024-06-27,7,PG-18895,1736,443,4,503.96
1629,CA-2024-101049,2024-06-21,2024-06-25,4,AS-10240,299,277,3,17.92
1630,CA-2024-101049,2024-06-21,2024-06-25,4,AS-10240,723,277,3,41.256
7895,CA-2024-124744,2024-06-21,2024-06-25,4,EH-14125,792,313,4,82.4
7896,CA-2024-124744,2024-06-21,2024-06-25,4,EH-14125,859,313,4,6.24
7897,CA-2024-124744,2024-06-21,2024-06-25,4,EH-14125,1169,313,4,447.84
9033,CA-2024-105823,2024-06-22,2024-06-26,4,RB-19465,101,69,4,487.96
7283,CA-2024-155936,2024-06-22,2024-06-29,7,JK-15730,852,10,4,3.036
2764,CA-2024-165757,2024-06-22,2024-06-28,6,PL-18925,752,304,4,10.332
2765,CA-2024-165757,2024-06-22,2024-06-28,6,PL-18925,837,304,4,31.155
2766,CA-2024-165757,2024-06-22,2024-06-28,6,PL-18925,1388,304,4,8.928
2500,US-2024-133781,2024-06-22,2024-06-23,1,DC-12850,862,350,2,37.608
1511,CA-2024-100384,2024-06-24,2024-07-01,7,NH-18610,521,513,4,385.6
1512,CA-2024-100384,2024-06-24,2024-07-01,7,NH-18610,485,513,4,35.82
201,CA-2024-105074,2024-06-24,2024-06-29,5,MB-17305,1098,274,4,21.744
417,CA-2024-122105,2024-06-24,2024-06-28,4,CJ-12010,527,484,4,95.92
4050,CA-2024-136350,2024-06-24,2024-06-26,2,GA-14515,189,263,3,276.69
4051,CA-2024-136350,2024-06-24,2024-06-26,2,GA-14515,62,263,3,172.764
4655,CA-2024-159107,2024-06-24,2024-06-26,2,KT-16480,914,529,3,2.88
4083,US-2024-151316,2024-06-24,2024-06-30,6,MC-17635,784,12,4,182.994
4084,US-2024-151316,2024-06-24,2024-06-30,6,MC-17635,1238,12,4,10.272
9584,CA-2024-116127,2024-06-25,2024-06-27,2,SB-20185,17,264,3,400.784
1993,CA-2024-133648,2024-06-25,2024-07-02,7,ML-17755,957,597,4,71.04
1994,CA-2024-133648,2024-06-25,2024-07-02,7,ML-17755,545,597,4,5.344
1995,CA-2024-133648,2024-06-25,2024-07-02,7,ML-17755,938,597,4,11.304
7454,CA-2024-134796,2024-06-25,2024-07-01,6,FM-14380,1766,4,4,148.48
4270,US-2024-124821,2024-06-25,2024-06-29,4,AM-10705,356,625,3,871.4
6761,CA-2024-100636,2024-06-26,2024-06-30,4,DO-13435,1406,265,4,272.94
6940,CA-2024-107132,2024-06-26,2024-06-30,4,SC-20260,759,262,4,102.368
6941,CA-2024-107132,2024-06-26,2024-06-30,4,SC-20260,1455,262,4,28.4
6942,CA-2024-107132,2024-06-26,2024-06-30,4,SC-20260,1371,262,4,713.88
6943,CA-2024-107132,2024-06-26,2024-06-30,4,SC-20260,1260,262,4,68.52
887,CA-2024-115364,2024-06-26,2024-07-02,6,OT-18730,1346,527,4,83.76
892,CA-2024-133256,2024-06-26,2024-06-27,1,TH-21550,1042,69,2,4.54
893,CA-2024-133256,2024-06-26,2024-06-27,1,TH-21550,547,69,2,15.92
894,CA-2024-133256,2024-06-26,2024-06-27,1,TH-21550,1812,69,2,543.92
3601,CA-2024-138310,2024-06-26,2024-06-30,4,NP-18700,1511,556,4,431.928
5628,CA-2024-148810,2024-06-26,2024-07-01,5,DR-12880,1003,351,4,13.872
5629,CA-2024-148810,2024-06-26,2024-07-01,5,DR-12880,99,351,4,273.552
2232,CA-2024-157091,2024-06-26,2024-07-01,5,DB-13405,203,41,4,526.45
5385,CA-2024-161410,2024-06-26,2024-07-03,7,CC-12220,1739,305,4,358.2
5386,CA-2024-161410,2024-06-26,2024-07-03,7,CC-12220,1838,305,4,545.916
4865,CA-2024-163531,2024-06-26,2024-06-30,4,SC-20725,1799,264,4,239.97
8733,CA-2024-116988,2024-06-27,2024-06-29,2,PW-19030,1266,624,3,19.44
8734,CA-2024-116988,2024-06-27,2024-06-29,2,PW-19030,246,624,3,126.3
8735,CA-2024-116988,2024-06-27,2024-06-29,2,PW-19030,1552,624,3,1287.45
2957,CA-2024-123638,2024-06-27,2024-07-04,7,MA-17995,138,272,4,191.646
6145,CA-2024-151190,2024-06-27,2024-07-01,4,GT-14710,1132,112,4,20.07
555,CA-2024-100650,2024-06-29,2024-07-03,4,DK-13225,1429,462,3,1295.78
2685,CA-2024-137085,2024-06-29,2024-07-06,7,CT-11995,817,494,4,312.552
9624,CA-2024-137449,2024-06-29,2024-06-30,1,ME-17725,410,142,2,21.392
9625,CA-2024-137449,2024-06-29,2024-06-30,1,ME-17725,341,142,2,307.314
9626,CA-2024-137449,2024-06-29,2024-06-30,1,ME-17725,35,142,2,409.9992
4708,CA-2024-138149,2024-06-29,2024-06-30,1,WB-21850,741,499,2,895.92
4709,CA-2024-138149,2024-06-29,2024-06-30,1,WB-21850,1440,499,2,130.71
4710,CA-2024-138149,2024-06-29,2024-06-30,1,WB-21850,578,499,2,11.68
4711,CA-2024-138149,2024-06-29,2024-06-30,1,WB-21850,1492,499,2,62.31
5733,CA-2024-143574,2024-06-29,2024-07-02,3,DR-12880,22,201,2,638.82
5734,CA-2024-143574,2024-06-29,2024-07-02,3,DR-12880,1445,201,2,30.69
5735,CA-2024-143574,2024-06-29,2024-07-02,3,DR-12880,169,201,2,25.16
1160,CA-2024-147039,2024-06-29,2024-07-04,5,AA-10315,399,93,4,362.94
1161,CA-2024-147039,2024-06-29,2024-07-04,5,AA-10315,676,93,4,11.54
3573,US-2024-126081,2024-06-29,2024-07-04,5,FC-14335,1291,165,4,5.184
395,CA-2024-102946,2024-06-30,2024-07-05,5,VP-21730,828,579,4,75.792
8039,CA-2024-109393,2024-06-30,2024-07-02,2,JC-15775,46,496,3,435.999
5618,CA-2024-125745,2024-06-30,2024-07-04,4,DV-13045,150,432,4,19.52
2587,CA-2024-131695,2024-06-30,2024-07-06,6,RA-19285,1420,264,4,248.57
2588,CA-2024-131695,2024-06-30,2024-07-06,6,RA-19285,240,264,4,22.23
5157,CA-2024-163006,2024-06-30,2024-07-04,4,GH-14410,1863,10,3,1001.584
5158,CA-2024-163006,2024-06-30,2024-07-04,4,GH-14410,65,10,3,569.058
5159,CA-2024-163006,2024-06-30,2024-07-04,4,GH-14410,293,10,3,14.224
8275,CA-2024-164112,2024-06-30,2024-07-04,4,ND-18460,1337,260,4,1085.42
1563,US-2024-102890,2024-06-30,2024-06-30,0,SG-20470,345,263,1,1044.63
8118,US-2024-113201,2024-06-30,2024-07-05,5,TT-21220,1181,498,4,204.95
3396,US-2024-148362,2024-07-01,2024-07-08,7,KF-16285,1329,40,4,443.92
3397,US-2024-148362,2024-07-01,2024-07-08,7,KF-16285,728,40,4,169.99
3398,US-2024-148362,2024-07-01,2024-07-08,7,KF-16285,1300,40,4,25.92
7696,CA-2024-107958,2024-07-02,2024-07-05,3,AH-10120,1125,153,2,163.96
7697,CA-2024-107958,2024-07-02,2024-07-05,3,AH-10120,843,153,2,5.232
8577,CA-2024-106747,2024-07-03,2024-07-04,1,TS-21505,273,232,2,102.3
1673,CA-2024-111647,2024-07-03,2024-07-07,4,RD-19585,1893,171,4,167.968
1912,CA-2024-121503,2024-07-03,2024-07-06,3,FH-14275,1151,154,3,273.896
1913,CA-2024-121503,2024-07-03,2024-07-06,3,FH-14275,1667,154,3,597.132
1394,CA-2024-124828,2024-07-03,2024-07-04,1,YS-21880,485,397,2,9.552
6153,CA-2024-139437,2024-07-03,2024-07-08,5,RD-19585,1396,494,4,87.92
2437,CA-2024-140053,2024-07-03,2024-07-10,7,CA-12265,314,586,4,545.85
3569,CA-2024-168109,2024-07-03,2024-07-03,0,JK-15640,1522,624,1,59.98
3570,CA-2024-168109,2024-07-03,2024-07-03,0,JK-15640,1685,624,1,2395.2
3571,CA-2024-168109,2024-07-03,2024-07-03,0,JK-15640,1597,624,1,1687.8
3572,CA-2024-168109,2024-07-03,2024-07-03,0,JK-15640,1877,624,1,7.992
4296,CA-2024-169124,2024-07-03,2024-07-10,7,MB-17305,256,471,4,129.39
3428,US-2024-111024,2024-07-03,2024-07-06,3,SZ-20035,1079,287,3,32.896
3429,US-2024-111024,2024-07-03,2024-07-06,3,SZ-20035,342,287,3,215.148
3430,US-2024-111024,2024-07-03,2024-07-06,3,SZ-20035,1127,287,3,30.96
1304,US-2024-126179,2024-07-03,2024-07-07,4,CS-12460,325,371,4,23.99
1305,US-2024-126179,2024-07-03,2024-07-07,4,CS-12460,1849,371,4,287.97
3663,US-2024-129777,2024-07-03,2024-07-09,6,FM-14290,1618,230,4,258.9
3664,US-2024-129777,2024-07-03,2024-07-09,6,FM-14290,1140,230,4,24.56
7870,US-2024-166233,2024-07-03,2024-07-09,6,MO-17950,1503,409,4,24.0
4230,CA-2024-100223,2024-07-05,2024-07-10,5,LS-16945,189,142,4,332.028
4231,CA-2024-100223,2024-07-05,2024-07-10,5,LS-16945,711,142,4,11.394
4232,CA-2024-100223,2024-07-05,2024-07-10,5,LS-16945,1242,142,4,15.552
4233,CA-2024-100223,2024-07-05,2024-07-10,5,LS-16945,1232,142,4,31.104
4234,CA-2024-100223,2024-07-05,2024-07-10,5,LS-16945,828,142,4,6.316
9569,CA-2024-104388,2024-07-05,2024-07-07,2,DK-12835,1721,109,2,79.96
6743,US-2024-101784,2024-07-06,2024-07-11,5,PO-18850,85,495,4,122.136
199,US-2024-124303,2024-07-06,2024-07-13,7,FH-14365,807,302,4,2.946
200,US-2024-124303,2024-07-06,2024-07-13,7,FH-14365,1130,302,4,16.056
6031,US-2024-152492,2024-07-06,2024-07-06,0,AH-10585,57,349,1,239.24
1263,CA-2024-105053,2024-07-07,2024-07-09,2,CS-12355,836,259,3,17.472
8492,CA-2024-106824,2024-07-07,2024-07-11,4,AT-10735,930,499,4,5.94
2371,CA-2024-155152,2024-07-07,2024-07-09,2,MP-17965,1496,310,3,252.0
5930,US-2024-169551,2024-07-07,2024-07-09,2,RL-19615,25,302,2,87.21
5931,US-2024-169551,2024-07-07,2024-07-09,2,RL-19615,1289,302,2,15.552
5932,US-2024-169551,2024-07-07,2024-07-09,2,RL-19615,1727,302,2,683.988
5933,US-2024-169551,2024-07-07,2024-07-09,2,RL-19615,1388,302,2,13.392
5934,US-2024-169551,2024-07-07,2024-07-09,2,RL-19615,1481,302,2,16.776
5935,US-2024-169551,2024-07-07,2024-07-09,2,RL-19615,1595,302,2,527.92
1621,CA-2024-108560,2024-07-08,2024-07-15,7,JC-15385,252,616,4,198.46
1622,CA-2024-108560,2024-07-08,2024-07-15,7,JC-15385,1017,616,4,786.48
1623,CA-2024-108560,2024-07-08,2024-07-15,7,JC-15385,776,616,4,23.168
1624,CA-2024-108560,2024-07-08,2024-07-15,7,JC-15385,1581,616,4,50.0
9531,CA-2024-111759,2024-07-08,2024-07-12,4,MR-17545,1058,623,4,52.76
1369,CA-2024-133249,2024-07-08,2024-07-11,3,SZ-20035,190,512,2,145.9
347,CA-2024-134306,2024-07-08,2024-07-12,4,TD-20995,507,226,4,7.56
348,CA-2024-134306,2024-07-08,2024-07-12,4,TD-20995,1052,226,4,24.56
349,CA-2024-134306,2024-07-08,2024-07-12,4,TD-20995,498,226,4,12.96
4536,CA-2024-138464,2024-07-08,2024-07-12,4,VF-21715,278,625,4,15.84
4537,CA-2024-138464,2024-07-08,2024-07-12,4,VF-21715,773,625,4,86.376
4538,CA-2024-138464,2024-07-08,2024-07-12,4,VF-21715,646,625,4,18.24
4539,CA-2024-138464,2024-07-08,2024-07-12,4,VF-21715,531,625,4,13.12
8405,CA-2024-140480,2024-07-08,2024-07-12,4,HE-14800,141,206,4,83.92
8406,CA-2024-140480,2024-07-08,2024-07-12,4,HE-14800,1558,206,4,141.9
8407,CA-2024-140480,2024-07-08,2024-07-12,4,HE-14800,319,206,4,39.98
8408,CA-2024-140480,2024-07-08,2024-07-12,4,HE-14800,575,206,4,28.91
8409,CA-2024-140480,2024-07-08,2024-07-12,4,HE-14800,550,206,4,174.95
3216,CA-2024-150189,2024-07-08,2024-07-10,2,VG-21790,973,534,2,75.18
1044,CA-2024-115651,2024-07-09,2024-07-12,3,NS-18640,621,8,2,8.84
1045,CA-2024-115651,2024-07-09,2024-07-12,3,NS-18640,413,8,2,58.464
6141,CA-2024-121083,2024-07-09,2024-07-15,6,JF-15190,1176,198,4,274.8
6142,CA-2024-121083,2024-07-09,2024-07-15,6,JF-15190,1433,198,4,195.64
6143,CA-2024-121083,2024-07-09,2024-07-15,6,JF-15190,1760,198,4,257.98
6144,CA-2024-121083,2024-07-09,2024-07-15,6,JF-15190,620,198,4,119.04
2233,CA-2024-132122,2024-07-09,2024-07-14,5,JH-15820,1394,8,4,228.92
2574,CA-2024-145128,2024-07-09,2024-07-14,5,SM-20320,203,42,4,526.45
977,US-2024-100209,2024-07-09,2024-07-15,6,TD-20995,841,594,4,1.08
3107,CA-2024-127460,2024-07-10,2024-07-14,4,FG-14260,1355,2,4,298.464
2927,CA-2024-128629,2024-07-10,2024-07-14,4,BP-11155,197,371,3,18.84
8038,CA-2024-169012,2024-07-10,2024-07-14,4,BF-11275,404,371,4,41.91
6231,CA-2024-127656,2024-07-11,2024-07-17,6,NW-18400,637,58,4,30.32
8714,CA-2024-136623,2024-07-11,2024-07-16,5,TS-21430,1735,527,4,71.952
8715,CA-2024-136623,2024-07-11,2024-07-16,5,TS-21430,657,527,4,29.8
2705,CA-2024-156818,2024-07-11,2024-07-13,2,JD-16015,1609,262,3,132.6
8587,CA-2024-162015,2024-07-11,2024-07-18,7,KB-16240,1552,499,4,1287.45
8588,CA-2024-162015,2024-07-11,2024-07-18,7,KB-16240,432,499,4,168.1
1473,CA-2024-164959,2024-07-11,2024-07-15,4,KN-16390,970,494,4,8.67
9010,CA-2024-106047,2024-07-12,2024-07-18,6,CS-11860,1131,282,4,3.816
5976,CA-2024-102155,2024-07-13,2024-07-17,4,RR-19525,1417,62,4,360.38
5977,CA-2024-102155,2024-07-13,2024-07-17,4,RR-19525,1106,62,4,13.56
4804,CA-2024-136364,2024-07-13,2024-07-17,4,MH-17455,1747,304,3,39.594
4805,CA-2024-136364,2024-07-13,2024-07-17,4,MH-17455,285,304,3,91.008
7496,CA-2024-121048,2024-07-14,2024-07-18,4,TC-21295,667,547,4,4.448
7497,CA-2024-121048,2024-07-14,2024-07-18,4,TC-21295,189,547,4,276.69
7498,CA-2024-121048,2024-07-14,2024-07-18,4,TC-21295,934,547,4,4.96
7499,CA-2024-121048,2024-07-14,2024-07-18,4,TC-21295,500,547,4,71.92
7500,CA-2024-121048,2024-07-14,2024-07-18,4,TC-21295,196,547,4,18.84
7501,CA-2024-121048,2024-07-14,2024-07-18,4,TC-21295,1617,547,4,140.97
7502,CA-2024-121048,2024-07-14,2024-07-18,4,TC-21295,1763,547,4,470.376
7509,US-2024-161935,2024-07-14,2024-07-18,4,JL-15835,1216,278,4,9.248
7510,US-2024-161935,2024-07-14,2024-07-18,4,JL-15835,1862,278,4,1889.946
7511,US-2024-161935,2024-07-14,2024-07-18,4,JL-15835,1425,278,4,62.04
7512,US-2024-161935,2024-07-14,2024-07-18,4,JL-15835,252,278,4,396.92
7513,US-2024-161935,2024-07-14,2024-07-18,4,JL-15835,1402,278,4,239.456
7514,US-2024-161935,2024-07-14,2024-07-18,4,JL-15835,531,278,4,13.12
5498,CA-2024-164378,2024-07-15,2024-07-18,3,MM-18055,601,264,3,6.56
5499,CA-2024-164378,2024-07-15,2024-07-18,3,MM-18055,999,264,3,7.83
5500,CA-2024-164378,2024-07-15,2024-07-18,3,MM-18055,1612,264,3,41.9
5501,CA-2024-164378,2024-07-15,2024-07-18,3,MM-18055,106,264,3,664.146
5502,CA-2024-164378,2024-07-15,2024-07-18,3,MM-18055,1103,264,3,8.96
2091,CA-2024-166142,2024-07-15,2024-07-19,4,MM-17260,764,207,4,26.55
2092,CA-2024-166142,2024-07-15,2024-07-19,4,MM-17260,361,207,4,310.443
7690,US-2024-128951,2024-07-15,2024-07-17,2,RS-19420,406,446,2,179.94
7691,US-2024-128951,2024-07-15,2024-07-17,2,RS-19420,364,446,2,872.94
7692,US-2024-128951,2024-07-15,2024-07-17,2,RS-19420,1268,446,2,12.96
2572,CA-2024-109778,2024-07-16,2024-07-21,5,VM-21685,530,35,4,2.912
24,US-2024-156909,2024-07-16,2024-07-18,2,SF-20065,63,304,3,71.372
4573,CA-2024-126662,2024-07-17,2024-07-21,4,AB-10255,1628,497,4,479.984
2440,CA-2024-139948,2024-07-17,2024-07-22,5,SW-20455,155,367,4,7.904
5649,CA-2024-142342,2024-07-17,2024-07-19,2,AJ-10795,1295,464,3,32.4
5650,CA-2024-142342,2024-07-17,2024-07-19,2,AJ-10795,889,464,3,57.9
5651,CA-2024-142342,2024-07-17,2024-07-19,2,AJ-10795,1422,464,3,10.56
5652,CA-2024-142342,2024-07-17,2024-07-19,2,AJ-10795,3,464,3,1194.165
4526,US-2024-105046,2024-07-17,2024-07-23,6,BE-11335,1731,269,4,269.98
4527,US-2024-105046,2024-07-17,2024-07-23,6,BE-11335,1099,269,4,99.9
4528,US-2024-105046,2024-07-17,2024-07-23,6,BE-11335,172,269,4,39.08
3915,US-2024-142573,2024-07-18,2024-07-23,5,ML-17410,353,456,4,801.6
3916,US-2024-142573,2024-07-18,2024-07-23,5,ML-17410,69,456,4,161.568
3917,US-2024-142573,2024-07-18,2024-07-23,5,ML-17410,1091,456,4,16.096
3918,US-2024-142573,2024-07-18,2024-07-23,5,ML-17410,655,456,4,7.656
3919,US-2024-142573,2024-07-18,2024-07-23,5,ML-17410,94,456,4,311.976
7043,US-2024-165358,2024-07-18,2024-07-23,5,SV-20365,1631,303,4,599.97
7044,US-2024-165358,2024-07-18,2024-07-23,5,SV-20365,138,303,4,198.744
7045,US-2024-165358,2024-07-18,2024-07-23,5,SV-20365,1453,303,4,9.184
579,CA-2024-118640,2024-07-20,2024-07-26,6,CS-11950,1440,8,4,69.712
580,CA-2024-118640,2024-07-20,2024-07-26,6,CS-11950,161,8,4,8.792
2314,CA-2024-122035,2024-07-20,2024-07-25,5,EM-13825,974,123,4,14.62
2315,CA-2024-122035,2024-07-20,2024-07-25,5,EM-13825,384,123,4,416.32
2316,CA-2024-122035,2024-07-20,2024-07-25,5,EM-13825,697,123,4,43.0
2317,CA-2024-122035,2024-07-20,2024-07-25,5,EM-13825,116,123,4,182.94
2318,CA-2024-122035,2024-07-20,2024-07-25,5,EM-13825,717,123,4,60.83
2319,CA-2024-122035,2024-07-20,2024-07-25,5,EM-13825,1528,123,4,389.97
3155,CA-2024-150497,2024-07-20,2024-07-24,4,SM-20950,785,92,4,735.98
9319,US-2024-108343,2024-07-20,2024-07-25,5,AR-10825,1244,262,4,13.36
9320,US-2024-108343,2024-07-20,2024-07-25,5,AR-10825,129,262,4,163.764
9321,US-2024-108343,2024-07-20,2024-07-25,5,AR-10825,307,262,4,183.92
8327,CA-2024-103478,2024-07-21,2024-07-24,3,KL-16555,695,2,3,2.864
8328,CA-2024-103478,2024-07-21,2024-07-24,3,KL-16555,718,2,3,94.192
6584,CA-2024-104731,2024-07-21,2024-07-27,6,AM-10705,503,444,4,101.94
6585,CA-2024-104731,2024-07-21,2024-07-27,6,AM-10705,1812,444,4,271.96
6586,CA-2024-104731,2024-07-21,2024-07-27,6,AM-10705,290,444,4,8.8
6587,CA-2024-104731,2024-07-21,2024-07-27,6,AM-10705,602,444,4,19.68
6588,CA-2024-104731,2024-07-21,2024-07-27,6,AM-10705,15,444,4,302.94
6589,CA-2024-104731,2024-07-21,2024-07-27,6,AM-10705,713,444,4,14.94
6590,CA-2024-104731,2024-07-21,2024-07-27,6,AM-10705,1475,444,4,231.72
7084,CA-2024-118724,2024-07-21,2024-07-25,4,AR-10825,606,473,3,3.52
7085,CA-2024-118724,2024-07-21,2024-07-25,4,AR-10825,1842,473,3,1626.192
6699,CA-2024-145429,2024-07-21,2024-07-25,4,SW-20455,1135,525,4,16.34
6700,CA-2024-145429,2024-07-21,2024-07-25,4,SW-20455,109,525,4,225.296
6701,CA-2024-145429,2024-07-21,2024-07-25,4,SW-20455,755,525,4,50.352
6832,US-2024-123204,2024-07-21,2024-07-27,6,CS-11860,425,264,4,17.48
7845,US-2024-123834,2024-07-21,2024-07-25,4,GM-14500,365,170,4,124.404
645,US-2024-127719,2024-07-21,2024-07-25,4,TW-21025,1262,250,4,6.48
4273,US-2024-158505,2024-07-21,2024-07-21,0,SF-20200,1830,603,1,71.928
4274,US-2024-158505,2024-07-21,2024-07-21,0,SF-20200,501,603,1,25.99
5013,US-2024-160465,2024-07-21,2024-07-26,5,SW-20350,833,277,4,33.93
5014,US-2024-160465,2024-07-21,2024-07-26,5,SW-20350,1376,277,4,222.32
5015,US-2024-160465,2024-07-21,2024-07-26,5,SW-20350,1759,277,4,210.564
3197,CA-2024-109750,2024-07-22,2024-07-28,6,FH-14365,1877,262,4,29.97
8119,US-2024-106551,2024-07-22,2024-07-27,5,EB-13930,104,10,4,526.344
6262,CA-2024-103506,2024-07-23,2024-07-27,4,LR-17035,1013,259,4,41.4
9589,CA-2024-110940,2024-07-23,2024-07-28,5,AZ-10750,551,34,4,121.536
759,CA-2024-117240,2024-07-23,2024-07-28,5,CP-12340,672,262,4,13.128
8639,CA-2024-118346,2024-07-23,2024-07-24,1,PO-19180,1531,186,2,399.95
7894,CA-2024-125367,2024-07-23,2024-07-30,7,NM-18445,856,263,4,13.92
9230,CA-2024-133718,2024-07-23,2024-07-26,3,TB-21520,711,498,2,15.192
9231,CA-2024-133718,2024-07-23,2024-07-26,3,TB-21520,1122,498,2,58.32
8185,US-2024-101721,2024-07-23,2024-07-27,4,MY-17380,1170,9,4,63.312
4373,US-2024-169320,2024-07-23,2024-07-25,2,LH-16900,622,38,3,11.68
4374,US-2024-169320,2024-07-23,2024-07-25,2,LH-16900,1569,38,3,159.75
6902,US-2024-135013,2024-07-24,2024-07-24,0,HR-14830,1638,484,1,2399.96
6783,CA-2024-121293,2024-07-25,2024-07-28,3,JC-15775,194,305,3,20.096
6784,CA-2024-121293,2024-07-25,2024-07-28,3,JC-15775,1450,305,3,37.752
6785,CA-2024-121293,2024-07-25,2024-07-28,3,JC-15775,352,305,3,138.588
6786,CA-2024-121293,2024-07-25,2024-07-28,3,JC-15775,1349,305,3,259.92
6787,CA-2024-121293,2024-07-25,2024-07-28,3,JC-15775,1289,305,3,20.736
5116,CA-2024-125640,2024-07-25,2024-07-29,4,DD-13570,980,303,4,3.304
7930,CA-2024-167549,2024-07-25,2024-07-27,2,EM-14200,383,141,2,298.116
2856,CA-2024-169810,2024-07-25,2024-07-31,6,RB-19360,987,123,4,20.23
8302,US-2024-167318,2024-07-26,2024-08-01,6,GZ-14545,1555,497,4,1649.95
8303,US-2024-167318,2024-07-26,2024-08-01,6,GZ-14545,53,497,4,362.352
5297,CA-2024-108791,2024-07-27,2024-07-31,4,TM-21490,318,273,4,14.89
5298,CA-2024-108791,2024-07-27,2024-07-31,4,TM-21490,1812,273,4,543.92
4126,CA-2024-123239,2024-07-27,2024-07-31,4,MG-18145,207,343,3,91.032
8094,CA-2024-133046,2024-07-27,2024-08-01,5,DK-13375,301,625,3,23.88
8095,CA-2024-133046,2024-07-27,2024-08-01,5,DK-13375,1077,625,3,26.2
8096,CA-2024-133046,2024-07-27,2024-08-01,5,DK-13375,1301,625,3,12.96
8097,CA-2024-133046,2024-07-27,2024-08-01,5,DK-13375,1617,625,3,234.95
2219,CA-2024-130841,2024-07-28,2024-08-01,4,MH-17620,859,529,4,9.984
2220,CA-2024-130841,2024-07-28,2024-08-01,4,MH-17620,1424,529,4,14.98
2221,CA-2024-130841,2024-07-28,2024-08-01,4,MH-17620,1882,529,4,1145.6
1735,CA-2024-101483,2024-07-29,2024-08-01,3,AG-10675,445,409,3,34.848
1736,CA-2024-101483,2024-07-29,2024-08-01,3,AG-10675,1867,409,3,22.0
1737,CA-2024-101483,2024-07-29,2024-08-01,3,AG-10675,572,409,3,4.368
2227,CA-2024-130771,2024-07-29,2024-08-03,5,LA-16780,927,128,4,2.896
2228,CA-2024-130771,2024-07-29,2024-08-03,5,LA-16780,1746,128,4,124.792
2713,CA-2024-146031,2024-07-29,2024-08-01,3,GM-14440,631,270,3,60.12
1845,US-2024-113852,2024-07-29,2024-08-02,4,GW-14605,1502,625,4,90.57
6911,US-2024-115301,2024-07-29,2024-08-02,4,VG-21790,16,623,4,115.96
5025,US-2024-130953,2024-07-29,2024-08-03,5,RF-19735,753,119,4,33.48
5026,US-2024-130953,2024-07-29,2024-08-03,5,RF-19735,1810,119,4,461.97
5027,US-2024-130953,2024-07-29,2024-08-03,5,RF-19735,450,119,4,137.62
5028,US-2024-130953,2024-07-29,2024-08-03,5,RF-19735,130,119,4,302.67
7739,CA-2024-141103,2024-07-30,2024-08-06,7,JF-15355,1892,211,4,89.95
7659,CA-2024-155740,2024-07-30,2024-08-02,3,TC-21475,759,286,2,76.776
642,CA-2024-167913,2024-07-30,2024-08-03,4,JL-15835,1338,501,3,330.4
643,CA-2024-167913,2024-07-30,2024-08-03,4,JL-15835,968,501,3,26.25
5713,CA-2024-115805,2024-07-31,2024-07-31,0,KW-16435,1804,10,1,36.792
2225,CA-2024-121909,2024-07-31,2024-08-05,5,EA-14035,1260,303,4,54.816
3785,CA-2024-125752,2024-07-31,2024-08-04,4,EH-14125,1618,339,4,41.424
9439,CA-2024-126144,2024-07-31,2024-08-05,5,GM-14680,1843,303,4,285.576
9703,CA-2024-147032,2024-07-31,2024-08-04,4,LB-16795,1046,207,4,11.54
9704,CA-2024-147032,2024-07-31,2024-08-04,4,LB-16795,728,207,4,849.95
9705,CA-2024-147032,2024-07-31,2024-08-04,4,LB-16795,707,207,4,11.01
6455,CA-2024-161102,2024-07-31,2024-08-03,3,EC-14050,1344,529,2,56.56
6456,CA-2024-161102,2024-07-31,2024-08-03,3,EC-14050,278,529,2,36.96
6691,US-2024-165869,2024-07-31,2024-08-05,5,LS-17200,651,189,4,17.52
6692,US-2024-165869,2024-07-31,2024-08-05,5,LS-17200,386,189,4,155.88
2186,CA-2024-124576,2024-08-01,2024-08-04,3,HK-14890,757,522,3,54.896
1206,CA-2024-133235,2024-08-01,2024-08-04,3,LH-16750,1812,400,2,271.96
1010,CA-2024-135034,2024-08-01,2024-08-03,2,AT-10735,1776,10,2,95.984
1834,CA-2024-162691,2024-08-01,2024-08-07,6,AS-10045,1645,128,4,1439.982
1835,CA-2024-162691,2024-08-01,2024-08-07,6,AS-10045,1267,128,4,36.288
6912,CA-2024-168942,2024-08-01,2024-08-05,4,EM-13960,1355,528,3,186.54
9208,CA-2024-140781,2024-08-03,2024-08-07,4,AB-10105,1510,3,4,39.816
9209,CA-2024-141747,2024-08-03,2024-08-08,5,SC-20230,1377,624,3,16.06
2008,CA-2024-165386,2024-08-03,2024-08-04,1,CM-12190,30,9,2,183.372
4632,CA-2024-168396,2024-08-03,2024-08-08,5,BD-11725,960,530,3,51.75
4633,CA-2024-168396,2024-08-03,2024-08-08,5,BD-11725,187,530,3,123.96
7088,US-2024-143175,2024-08-03,2024-08-06,3,GA-14515,1351,494,3,99.87
5090,CA-2024-132738,2024-08-04,2024-08-07,3,HM-14860,1070,563,2,7.968
5091,CA-2024-132738,2024-08-04,2024-08-07,3,HM-14860,884,563,2,8.784
5243,CA-2024-146367,2024-08-04,2024-08-08,4,HM-14860,679,134,4,3.318
1443,CA-2024-117695,2024-08-05,2024-08-08,3,PW-19030,1031,386,2,13.76
6641,CA-2024-128328,2024-08-05,2024-08-09,4,PO-18865,805,40,4,125.88
6642,CA-2024-128328,2024-08-05,2024-08-09,4,PO-18865,1551,40,4,79.78
6643,CA-2024-128328,2024-08-05,2024-08-09,4,PO-18865,962,40,4,133.2
6081,CA-2024-154676,2024-08-05,2024-08-08,3,NZ-18565,1435,155,2,151.056
5530,CA-2024-136609,2024-08-06,2024-08-11,5,TB-21355,1029,135,4,115.296
6399,CA-2024-151981,2024-08-06,2024-08-12,6,GM-14455,1728,232,4,824.95
6400,CA-2024-151981,2024-08-06,2024-08-12,6,GM-14455,969,232,4,24.64
6401,CA-2024-151981,2024-08-06,2024-08-12,6,GM-14455,551,232,4,227.88
1933,CA-2024-161200,2024-08-06,2024-08-10,4,SV-20365,24,389,3,145.74
1934,CA-2024-161200,2024-08-06,2024-08-10,4,SV-20365,270,389,3,15.4
7403,CA-2024-168172,2024-08-06,2024-08-10,4,SH-20395,1444,263,4,70.12
7652,CA-2024-110821,2024-08-07,2024-08-08,1,CK-12205,1535,140,2,119.448
7653,CA-2024-110821,2024-08-07,2024-08-08,1,CK-12205,1404,140,2,118.16
4458,CA-2024-115175,2024-08-07,2024-08-12,5,MC-17575,1151,532,4,244.55
3574,CA-2024-117023,2024-08-07,2024-08-12,5,JW-15955,622,259,4,11.68
3575,CA-2024-117023,2024-08-07,2024-08-12,5,JW-15955,641,259,4,104.8
9180,CA-2024-156776,2024-08-07,2024-08-11,4,JL-15505,1846,547,4,707.88
9181,CA-2024-156776,2024-08-07,2024-08-11,4,JL-15505,713,547,4,11.952
9182,CA-2024-156776,2024-08-07,2024-08-11,4,JL-15505,798,547,4,31.128
9183,CA-2024-156776,2024-08-07,2024-08-11,4,JL-15505,1616,547,4,55.76
9184,CA-2024-156776,2024-08-07,2024-08-11,4,JL-15505,1140,547,4,24.56
9185,CA-2024-156776,2024-08-07,2024-08-11,4,JL-15505,264,547,4,51.75
9186,CA-2024-156776,2024-08-07,2024-08-11,4,JL-15505,66,547,4,207.184
9187,CA-2024-156776,2024-08-07,2024-08-11,4,JL-15505,385,547,4,1473.1
4262,CA-2024-158344,2024-08-07,2024-08-11,4,CC-12475,1572,94,4,63.96
2746,CA-2024-163321,2024-08-07,2024-08-11,4,FM-14380,1533,409,3,79.992
4105,US-2024-155999,2024-08-07,2024-08-13,6,JK-15370,1764,527,4,159.96
4106,US-2024-155999,2024-08-07,2024-08-13,6,JK-15370,697,527,4,13.76
2188,CA-2024-143063,2024-08-10,2024-08-15,5,IL-15100,903,37,4,70.08
2189,CA-2024-143063,2024-08-10,2024-08-15,5,IL-15100,314,37,4,121.3
2190,CA-2024-143063,2024-08-10,2024-08-15,5,IL-15100,1717,37,4,1454.49
6728,CA-2024-145443,2024-08-10,2024-08-15,5,SC-20695,1167,49,3,177.2
9385,CA-2024-100433,2024-08-11,2024-08-16,5,SJ-20125,1300,262,4,25.92
4026,CA-2024-139311,2024-08-11,2024-08-13,2,SF-20965,1133,131,2,29.664
4027,CA-2024-139311,2024-08-11,2024-08-13,2,SF-20965,495,131,2,9.184
4028,CA-2024-139311,2024-08-11,2024-08-13,2,SF-20965,1849,131,2,153.584
4029,CA-2024-139311,2024-08-11,2024-08-13,2,SF-20965,732,131,2,12.864
6693,CA-2024-160899,2024-08-11,2024-08-13,2,DR-12940,817,390,3,477.51
2863,CA-2024-106537,2024-08-12,2024-08-17,5,RH-19495,1272,354,4,20.736
8254,CA-2024-152310,2024-08-12,2024-08-19,7,DK-12895,1636,623,4,299.99
8255,CA-2024-152310,2024-08-12,2024-08-19,7,DK-12895,1201,623,4,192.16
8256,CA-2024-152310,2024-08-12,2024-08-19,7,DK-12895,1768,623,4,242.624
8257,CA-2024-152310,2024-08-12,2024-08-19,7,DK-12895,1384,623,4,46.74
8258,CA-2024-152310,2024-08-12,2024-08-19,7,DK-12895,1592,623,4,174.95
8259,CA-2024-152310,2024-08-12,2024-08-19,7,DK-12895,690,623,4,100.704
5762,CA-2024-158169,2024-08-12,2024-08-15,3,JM-16195,398,490,2,542.94
5763,CA-2024-158169,2024-08-12,2024-08-15,3,JM-16195,176,490,2,54.92
7765,US-2024-118941,2024-08-12,2024-08-12,0,BB-11545,561,213,1,17.52
7766,US-2024-118941,2024-08-12,2024-08-12,0,BB-11545,98,213,1,1779.9
7767,US-2024-118941,2024-08-12,2024-08-12,0,BB-11545,510,213,1,219.9
7376,CA-2024-100580,2024-08-13,2024-08-20,7,MK-17905,756,526,4,36.024
7898,CA-2024-128363,2024-08-13,2024-08-18,5,DC-12850,414,432,4,272.048
7899,CA-2024-128363,2024-08-13,2024-08-18,5,DC-12850,742,432,4,1614.582
7900,CA-2024-128363,2024-08-13,2024-08-18,5,DC-12850,950,432,4,24.32
7901,CA-2024-128363,2024-08-13,2024-08-18,5,DC-12850,1559,432,4,1.584
7902,CA-2024-128363,2024-08-13,2024-08-18,5,DC-12850,224,432,4,31.984
7903,CA-2024-128363,2024-08-13,2024-08-18,5,DC-12850,874,432,4,14.76
7904,CA-2024-128363,2024-08-13,2024-08-18,5,DC-12850,108,432,4,423.648
6071,CA-2024-167542,2024-08-13,2024-08-20,7,KD-16495,974,302,4,17.544
2864,US-2024-103828,2024-08-13,2024-08-13,0,JK-15370,1421,530,1,31.44
2865,US-2024-103828,2024-08-13,2024-08-13,0,JK-15370,479,530,1,83.79
2866,US-2024-103828,2024-08-13,2024-08-13,0,JK-15370,597,530,1,59.52
2867,US-2024-103828,2024-08-13,2024-08-13,0,JK-15370,1477,530,1,31.92
4491,CA-2024-105921,2024-08-14,2024-08-21,7,JM-15250,358,496,4,418.296
2398,CA-2024-169264,2024-08-14,2024-08-16,2,NP-18700,1014,528,3,5.76
2399,CA-2024-169264,2024-08-14,2024-08-16,2,NP-18700,567,528,3,16.68
2460,CA-2024-138548,2024-08-15,2024-08-21,6,JG-15160,438,250,4,97.84
5295,CA-2024-144883,2024-08-15,2024-08-19,4,BO-11350,984,96,4,50.4
2535,US-2024-117723,2024-08-15,2024-08-18,3,DL-13495,1437,302,3,1801.632
7267,CA-2024-122987,2024-08-16,2024-08-16,0,SJ-20215,813,425,1,13.428
7268,CA-2024-122987,2024-08-16,2024-08-16,0,SJ-20215,1314,425,1,67.136
7244,CA-2024-118892,2024-08-17,2024-08-22,5,TP-21415,91,303,3,4416.174
7185,CA-2024-133102,2024-08-17,2024-08-24,7,ED-13885,1443,156,4,5.552
7186,CA-2024-133102,2024-08-17,2024-08-24,7,ED-13885,488,156,4,8.016
7187,CA-2024-133102,2024-08-17,2024-08-24,7,ED-13885,135,156,4,74.592
7188,CA-2024-133102,2024-08-17,2024-08-24,7,ED-13885,141,156,4,16.784
7189,CA-2024-133102,2024-08-17,2024-08-24,7,ED-13885,414,156,4,38.864
6413,CA-2024-151211,2024-08-17,2024-08-23,6,AH-10120,757,383,4,102.93
6414,CA-2024-151211,2024-08-17,2024-08-23,6,AH-10120,1524,383,4,98.16
7934,CA-2024-166093,2024-08-17,2024-08-24,7,RW-19540,903,466,4,23.36
7935,CA-2024-166093,2024-08-17,2024-08-24,7,RW-19540,1816,466,4,71.976
7936,CA-2024-166093,2024-08-17,2024-08-24,7,RW-19540,1228,466,4,8.56
7937,CA-2024-166093,2024-08-17,2024-08-24,7,RW-19540,838,466,4,13.92
7938,CA-2024-166093,2024-08-17,2024-08-24,7,RW-19540,475,466,4,2518.29
7939,CA-2024-166093,2024-08-17,2024-08-24,7,RW-19540,1417,466,4,540.57
7940,CA-2024-166093,2024-08-17,2024-08-24,7,RW-19540,761,466,4,221.056
1920,US-2024-111423,2024-08-17,2024-08-19,2,EH-13765,741,272,2,895.92
1921,US-2024-111423,2024-08-17,2024-08-19,2,EH-13765,59,272,2,462.564
1513,CA-2024-112809,2024-08-18,2024-08-22,4,RA-19915,1407,142,4,200.064
1514,CA-2024-112809,2024-08-18,2024-08-22,4,RA-19915,652,142,4,21.38
1515,CA-2024-112809,2024-08-18,2024-08-22,4,RA-19915,788,142,4,6.744
617,CA-2024-117947,2024-08-18,2024-08-23,5,NG-18355,170,263,3,40.48
618,CA-2024-117947,2024-08-18,2024-08-23,5,NG-18355,175,263,3,9.94
619,CA-2024-117947,2024-08-18,2024-08-23,5,NG-18355,813,263,3,107.424
620,CA-2024-117947,2024-08-18,2024-08-23,5,NG-18355,1768,263,3,37.91
621,CA-2024-117947,2024-08-18,2024-08-23,5,NG-18355,295,263,3,88.02
6210,CA-2024-119809,2024-08-18,2024-08-25,7,YS-21880,729,623,4,2793.528
6211,CA-2024-119809,2024-08-18,2024-08-25,7,YS-21880,1375,623,4,1000.02
6212,CA-2024-119809,2024-08-18,2024-08-25,7,YS-21880,161,623,4,65.94
5612,CA-2024-121027,2024-08-18,2024-08-22,4,HW-14935,1597,624,4,843.9
5613,CA-2024-121027,2024-08-18,2024-08-22,4,HW-14935,1498,624,4,1496.16
6898,CA-2024-122028,2024-08-18,2024-08-25,7,CK-12205,750,286,4,10.782
4277,CA-2024-151358,2024-08-18,2024-08-22,4,NF-18595,1364,624,4,323.1
8607,CA-2024-162936,2024-08-18,2024-08-22,4,CM-12160,1621,229,4,23.18
6712,CA-2024-163069,2024-08-18,2024-08-21,3,PJ-19015,575,278,3,9.912
4921,CA-2024-101728,2024-08-19,2024-08-23,4,SC-20575,705,10,4,2.296
6425,CA-2024-115777,2024-08-19,2024-08-24,5,DO-13645,1271,224,4,19.44
4415,CA-2024-132339,2024-08-19,2024-08-23,4,JB-15400,729,224,4,387.99
8806,US-2024-100398,2024-08-19,2024-08-23,4,DO-13435,842,607,4,102.72
7743,CA-2024-105326,2024-08-20,2024-08-27,7,KT-16480,1275,497,4,25.92
5965,CA-2024-119011,2024-08-20,2024-08-25,5,LR-17035,1453,528,4,17.22
5966,CA-2024-119011,2024-08-20,2024-08-25,5,LR-17035,1330,528,4,226.56
5967,CA-2024-119011,2024-08-20,2024-08-25,5,LR-17035,1835,528,4,107.88
2855,CA-2024-137344,2024-08-20,2024-08-20,0,EM-13810,1381,222,1,40.29
2025,US-2024-111241,2024-08-20,2024-08-22,2,GM-14500,762,482,3,239.12
8860,US-2024-114356,2024-08-20,2024-08-26,6,TT-21460,1835,400,4,35.96
3604,CA-2024-112956,2024-08-21,2024-08-27,6,TH-21550,1147,213,4,277.4
3605,CA-2024-112956,2024-08-21,2024-08-27,6,TH-21550,169,213,4,25.16
3606,CA-2024-112956,2024-08-21,2024-08-27,6,TH-21550,292,213,4,91.92
8040,CA-2024-121489,2024-08-21,2024-08-25,4,CM-11815,132,625,3,388.704
8041,CA-2024-121489,2024-08-21,2024-08-25,4,CM-11815,1361,625,3,572.58
8042,CA-2024-121489,2024-08-21,2024-08-25,4,CM-11815,1510,625,3,33.18
827,CA-2024-126956,2024-08-21,2024-08-28,7,GT-14710,919,91,4,35.0
828,CA-2024-126956,2024-08-21,2024-08-28,7,GT-14710,1449,91,4,37.24
829,CA-2024-126956,2024-08-21,2024-08-28,7,GT-14710,896,91,4,15.28
6416,CA-2024-144750,2024-08-21,2024-08-21,0,DL-13495,1206,451,1,83.88
425,CA-2024-155705,2024-08-21,2024-08-23,2,NF-18385,107,394,3,866.4
9270,US-2024-102183,2024-08-21,2024-08-28,7,PK-19075,691,265,4,32.088
9271,US-2024-102183,2024-08-21,2024-08-28,7,PK-19075,742,265,4,4305.552
3335,US-2024-109253,2024-08-21,2024-08-22,1,PR-18880,587,507,2,17.12
3336,US-2024-109253,2024-08-21,2024-08-22,1,PR-18880,1740,507,2,431.968
3337,US-2024-109253,2024-08-21,2024-08-22,1,PR-18880,311,507,2,129.92
3338,US-2024-109253,2024-08-21,2024-08-22,1,PR-18880,357,507,2,568.728
3339,US-2024-109253,2024-08-21,2024-08-22,1,PR-18880,656,507,2,117.144
3340,US-2024-109253,2024-08-21,2024-08-22,1,PR-18880,436,507,2,203.52
3341,US-2024-109253,2024-08-21,2024-08-22,1,PR-18880,1013,507,2,51.75
5235,CA-2024-131037,2024-08-22,2024-08-23,1,TM-21490,369,529,2,210.008
6105,US-2024-132381,2024-08-22,2024-08-24,2,Dp-13240,336,305,2,314.532
4298,CA-2024-129021,2024-08-23,2024-08-26,3,PO-18850,1859,365,3,4367.896
4299,CA-2024-129021,2024-08-23,2024-08-26,3,PO-18850,1071,365,3,49.568
4300,CA-2024-129021,2024-08-23,2024-08-26,3,PO-18850,432,365,3,161.376
4301,CA-2024-129021,2024-08-23,2024-08-26,3,PO-18850,226,365,3,2.784
4302,CA-2024-129021,2024-08-23,2024-08-26,3,PO-18850,1039,365,3,8.72
5403,CA-2024-123043,2024-08-24,2024-08-29,5,AH-10195,721,264,4,24.672
5404,CA-2024-123043,2024-08-24,2024-08-29,5,AH-10195,668,264,4,3.744
6025,CA-2024-139717,2024-08-24,2024-08-26,2,DM-13015,397,287,3,646.272
6026,CA-2024-139717,2024-08-24,2024-08-26,2,DM-13015,1232,287,3,10.368
1483,CA-2024-101210,2024-08-25,2024-08-28,3,DW-13540,646,428,3,9.728
1484,CA-2024-101210,2024-08-25,2024-08-28,3,DW-13540,1258,428,3,3.424
875,CA-2024-114636,2024-08-25,2024-08-29,4,GA-14725,1172,400,4,192.16
8635,CA-2024-159793,2024-08-25,2024-08-29,4,SV-20365,12,304,4,130.98
7914,US-2024-105697,2024-08-25,2024-08-27,2,JE-15715,1377,277,2,25.696
2717,CA-2024-128475,2024-08-26,2024-09-01,6,SC-20680,1613,371,4,71.98
9585,CA-2024-132584,2024-08-26,2024-08-27,1,HJ-14875,1381,70,2,53.72
8129,CA-2024-157350,2024-08-26,2024-09-01,6,DP-13000,296,8,4,64.96
8576,CA-2024-101273,2024-08-27,2024-08-30,3,ST-20530,461,362,3,14.336
8935,CA-2024-130036,2024-08-27,2024-08-27,0,BP-11185,1249,302,1,12.672
8936,CA-2024-130036,2024-08-27,2024-08-27,0,BP-11185,1543,302,1,1119.888
4340,CA-2024-133501,2024-08-27,2024-09-01,5,DK-12895,1290,426,4,5.184
2918,CA-2024-155047,2024-08-27,2024-08-30,3,SE-20110,543,142,2,5.952
3748,CA-2024-161956,2024-08-27,2024-08-29,2,DR-12880,252,485,3,198.46
3749,CA-2024-161956,2024-08-27,2024-08-29,2,DR-12880,388,485,3,321.92
3750,CA-2024-161956,2024-08-27,2024-08-29,2,DR-12880,1639,485,3,879.984
3751,CA-2024-161956,2024-08-27,2024-08-29,2,DR-12880,1455,485,3,28.4
3752,CA-2024-161956,2024-08-27,2024-08-29,2,DR-12880,51,485,3,230.28
3753,CA-2024-161956,2024-08-27,2024-08-29,2,DR-12880,1124,485,3,116.28
3754,CA-2024-161956,2024-08-27,2024-08-29,2,DR-12880,737,485,3,841.568
3755,CA-2024-161956,2024-08-27,2024-08-29,2,DR-12880,1410,485,3,354.9
9386,CA-2024-163097,2024-08-27,2024-08-31,4,SF-20200,247,454,4,120.576
378,US-2024-134481,2024-08-27,2024-09-01,5,AR-10405,378,222,4,1488.424
1796,US-2024-139465,2024-08-27,2024-08-30,3,MR-17545,1374,264,2,63.84
1797,US-2024-139465,2024-08-27,2024-08-30,3,MR-17545,1762,264,2,347.97
1798,US-2024-139465,2024-08-27,2024-08-30,3,MR-17545,721,264,2,37.008
3382,US-2024-162208,2024-08-27,2024-08-30,3,SP-20620,875,367,2,2.896
2483,CA-2024-126067,2024-08-28,2024-09-03,6,KN-16705,1720,624,4,35.168
2484,CA-2024-126067,2024-08-28,2024-09-03,6,KN-16705,368,624,4,1137.75
2485,CA-2024-126067,2024-08-28,2024-09-03,6,KN-16705,767,624,4,99.68
2486,CA-2024-126067,2024-08-28,2024-09-03,6,KN-16705,596,624,4,5.56
3923,CA-2024-146920,2024-08-28,2024-09-01,4,SC-20305,1308,9,4,25.344
3924,CA-2024-146920,2024-08-28,2024-09-01,4,SC-20305,1067,9,4,26.72
4598,US-2024-169502,2024-08-28,2024-09-01,4,MG-17650,1459,189,4,21.81
4599,US-2024-169502,2024-08-28,2024-09-01,4,MG-17650,390,189,4,91.6
8116,CA-2024-101014,2024-08-29,2024-09-04,6,RW-19540,232,499,4,148.02
4238,CA-2024-104024,2024-08-29,2024-09-03,5,MD-17860,573,303,3,9.408
1942,CA-2024-144064,2024-08-29,2024-09-01,3,CP-12085,995,28,2,47.36
1943,CA-2024-144064,2024-08-29,2024-09-01,3,CP-12085,1320,28,2,27.44
1944,CA-2024-144064,2024-08-29,2024-09-01,3,CP-12085,841,28,2,3.24
4990,CA-2024-107321,2024-08-31,2024-09-04,4,AW-10930,667,529,4,6.672
4991,CA-2024-107321,2024-08-31,2024-09-04,4,AW-10930,1718,529,4,689.408
5610,CA-2024-117198,2024-08-31,2024-09-05,5,BG-11035,1595,391,4,659.9
7064,CA-2024-127712,2024-08-31,2024-09-05,5,MG-17890,1452,596,4,6.208
9664,CA-2024-132619,2024-08-31,2024-09-05,5,MS-17770,1414,528,4,193.95
3655,CA-2024-133004,2024-08-31,2024-09-05,5,AJ-10945,481,43,4,638.73
6406,CA-2024-154074,2024-08-31,2024-09-02,2,BW-11110,98,626,3,569.568
6407,CA-2024-154074,2024-08-31,2024-09-02,2,BW-11110,1413,626,3,149.73
1532,CA-2024-159884,2024-08-31,2024-09-05,5,JF-15490,1381,459,4,10.744
1533,CA-2024-159884,2024-08-31,2024-09-05,5,JF-15490,935,459,4,8.376
2842,US-2024-135062,2024-08-31,2024-09-04,4,RL-19615,1210,403,3,229.544
4332,CA-2024-107909,2024-09-01,2024-09-06,5,SS-20875,1550,621,4,19.99
4333,CA-2024-107909,2024-09-01,2024-09-06,5,SS-20875,691,621,4,22.92
9031,CA-2024-128041,2024-09-01,2024-09-01,0,RW-19540,456,623,1,314.6
9032,CA-2024-128041,2024-09-01,2024-09-01,0,RW-19540,374,623,1,283.56
3231,CA-2024-131625,2024-09-01,2024-09-05,4,BN-11515,292,262,3,114.9
5220,CA-2024-145653,2024-09-01,2024-09-01,0,CA-12775,92,68,1,498.26
4723,US-2024-135230,2024-09-01,2024-09-07,6,CK-12325,637,623,4,7.58
9284,CA-2024-102218,2024-09-02,2024-09-04,2,LW-17215,1010,558,3,11.696
1266,CA-2024-110380,2024-09-02,2024-09-07,5,PF-19225,614,530,4,6.57
6903,CA-2024-111220,2024-09-02,2024-09-08,6,JS-15595,919,10,4,16.0
6904,CA-2024-111220,2024-09-02,2024-09-08,6,JS-15595,404,10,4,5.588
6905,CA-2024-111220,2024-09-02,2024-09-08,6,JS-15595,1323,10,4,235.92
9262,CA-2024-111388,2024-09-02,2024-09-02,0,SU-20665,77,623,1,215.976
7223,CA-2024-113075,2024-09-02,2024-09-06,4,MC-18100,1518,9,4,40.68
933,CA-2024-114216,2024-09-02,2024-09-06,4,RK-19300,1085,304,4,12.192
702,CA-2024-114552,2024-09-02,2024-09-08,6,Dl-13600,196,277,4,15.072
3934,CA-2024-123001,2024-09-02,2024-09-08,6,AW-10840,607,465,4,9.4
3935,CA-2024-123001,2024-09-02,2024-09-08,6,AW-10840,995,465,4,74.0
3936,CA-2024-123001,2024-09-02,2024-09-08,6,AW-10840,1813,465,4,201.584
910,CA-2024-137596,2024-09-02,2024-09-07,5,BE-11335,1841,73,4,1199.8
911,CA-2024-137596,2024-09-02,2024-09-07,5,BE-11335,1567,73,4,1928.78
912,CA-2024-137596,2024-09-02,2024-09-07,5,BE-11335,1354,73,4,352.38
6680,CA-2024-145037,2024-09-02,2024-09-07,5,TB-21055,1332,199,3,10.9
6681,CA-2024-145037,2024-09-02,2024-09-07,5,TB-21055,1171,199,3,79.92
6682,CA-2024-145037,2024-09-02,2024-09-07,5,TB-21055,1150,199,3,146.82
9274,CA-2024-146983,2024-09-02,2024-09-06,4,AH-10210,737,382,4,1577.94
1947,CA-2024-157987,2024-09-02,2024-09-06,4,AC-10615,574,262,4,23.1
1948,CA-2024-157987,2024-09-02,2024-09-06,4,AC-10615,167,262,4,11.54
1949,CA-2024-157987,2024-09-02,2024-09-06,4,AC-10615,349,262,4,254.526
1950,CA-2024-157987,2024-09-02,2024-09-06,4,AC-10615,435,262,4,12.98
1951,CA-2024-157987,2024-09-02,2024-09-06,4,AC-10615,649,262,4,26.432
1952,CA-2024-157987,2024-09-02,2024-09-06,4,AC-10615,1747,262,4,197.97
1953,CA-2024-157987,2024-09-02,2024-09-06,4,AC-10615,1009,262,4,18.9
1954,CA-2024-157987,2024-09-02,2024-09-06,4,AC-10615,58,262,4,1282.41
1955,CA-2024-157987,2024-09-02,2024-09-06,4,AC-10615,495,262,4,4.92
1956,CA-2024-157987,2024-09-02,2024-09-06,4,AC-10615,1626,262,4,238.0
1957,CA-2024-157987,2024-09-02,2024-09-06,4,AC-10615,1615,262,4,167.97
1958,CA-2024-157987,2024-09-02,2024-09-06,4,AC-10615,1228,262,4,17.12
7440,US-2024-163657,2024-09-02,2024-09-06,4,JL-15235,668,499,4,18.72
7441,US-2024-163657,2024-09-02,2024-09-06,4,JL-15235,361,499,4,236.528
5636,CA-2024-123022,2024-09-03,2024-09-08,5,SC-20050,821,486,4,82.56
5637,CA-2024-123022,2024-09-03,2024-09-08,5,SC-20050,1509,486,4,284.97
712,CA-2024-146136,2024-09-03,2024-09-07,4,AP-10915,865,356,4,24.448
5826,CA-2024-161067,2024-09-03,2024-09-06,3,KB-16405,1149,265,3,419.4
5827,CA-2024-161067,2024-09-03,2024-09-06,3,KB-16405,130,265,3,90.801
5828,CA-2024-161067,2024-09-03,2024-09-06,3,KB-16405,79,265,3,181.764
5829,CA-2024-161067,2024-09-03,2024-09-06,3,KB-16405,617,265,3,5.56
6351,CA-2024-161557,2024-09-03,2024-09-08,5,AG-10900,202,141,4,108.4
3587,CA-2024-161823,2024-09-03,2024-09-08,5,AG-10300,619,530,4,5.96
7322,CA-2024-167626,2024-09-03,2024-09-07,4,MY-18295,1027,9,4,8.904
7323,CA-2024-167626,2024-09-03,2024-09-07,4,MY-18295,1496,9,4,100.8
537,US-2024-122637,2024-09-03,2024-09-08,5,EP-13915,804,10,3,42.616
5859,US-2024-153255,2024-09-03,2024-09-07,4,JK-15730,9,473,3,239.666
7918,CA-2024-100783,2024-09-04,2024-09-08,4,JK-16120,551,148,3,30.384
3080,CA-2024-101182,2024-09-04,2024-09-05,1,KB-16405,1294,464,2,12.96
3081,CA-2024-101182,2024-09-04,2024-09-05,1,KB-16405,1892,464,2,43.176
2478,CA-2024-102750,2024-09-04,2024-09-08,4,GM-14695,355,497,3,1322.352
3561,CA-2024-109757,2024-09-04,2024-09-09,5,MD-17350,532,274,3,8.256
3562,CA-2024-109757,2024-09-04,2024-09-09,5,MD-17350,763,274,3,25.56
3563,CA-2024-109757,2024-09-04,2024-09-09,5,MD-17350,836,274,3,4.368
3564,CA-2024-109757,2024-09-04,2024-09-09,5,MD-17350,1112,274,3,11.52
5459,CA-2024-116680,2024-09-04,2024-09-06,2,PK-19075,667,530,3,13.344
5460,CA-2024-116680,2024-09-04,2024-09-06,2,PK-19075,352,530,3,1478.272
4297,CA-2024-117261,2024-09-04,2024-09-10,6,TH-21235,1397,496,4,54.32
4121,CA-2024-117394,2024-09-04,2024-09-10,6,MM-17920,1520,302,4,19.04
1556,CA-2024-120761,2024-09-04,2024-09-08,4,AB-10150,1622,259,4,91.96
8386,CA-2024-137582,2024-09-04,2024-09-08,4,CV-12805,810,507,4,11.808
3513,CA-2024-140326,2024-09-04,2024-09-06,2,HW-14935,7,10,2,825.174
3514,CA-2024-140326,2024-09-04,2024-09-06,2,HW-14935,1074,10,2,17.76
3515,CA-2024-140326,2024-09-04,2024-09-06,2,HW-14935,627,10,2,6.912
3618,CA-2024-141929,2024-09-04,2024-09-08,4,RA-19285,784,494,4,487.984
3619,CA-2024-141929,2024-09-04,2024-09-08,4,RA-19285,1851,494,4,5.56
3620,CA-2024-141929,2024-09-04,2024-09-08,4,RA-19285,1440,494,4,217.85
7104,CA-2024-147410,2024-09-04,2024-09-08,4,EJ-14155,1312,535,4,421.1
1496,CA-2024-152485,2024-09-04,2024-09-08,4,JD-15790,530,138,4,10.192
1497,CA-2024-152485,2024-09-04,2024-09-08,4,JD-15790,1314,138,4,16.784
1498,CA-2024-152485,2024-09-04,2024-09-08,4,JD-15790,628,138,4,13.12
7304,US-2024-117450,2024-09-04,2024-09-08,4,DO-13645,88,333,4,97.184
7305,US-2024-117450,2024-09-04,2024-09-08,4,DO-13645,1286,333,4,10.368
9129,US-2024-147655,2024-09-04,2024-09-05,1,AS-10045,702,595,2,88.074
6724,US-2024-166394,2024-09-04,2024-09-06,2,VM-21835,943,234,3,14.82
8197,CA-2024-102736,2024-09-05,2024-09-09,4,LP-17095,1566,430,4,89.568
8198,CA-2024-102736,2024-09-05,2024-09-09,4,LP-17095,554,430,4,71.96
8199,CA-2024-102736,2024-09-05,2024-09-09,4,LP-17095,1294,430,4,15.552
1562,CA-2024-107293,2024-09-05,2024-09-06,1,CS-12400,584,625,2,2.78
3488,CA-2024-120705,2024-09-05,2024-09-11,6,MG-17875,1367,339,4,147.184
4152,CA-2024-100160,2024-09-07,2024-09-11,4,CB-12025,1010,303,4,29.24
4153,CA-2024-100160,2024-09-07,2024-09-11,4,CB-12025,1063,303,4,15.552
4154,CA-2024-100160,2024-09-07,2024-09-11,4,CB-12025,891,303,4,4.896
3358,CA-2024-100335,2024-09-07,2024-09-13,6,NF-18595,1056,8,4,73.008
3567,CA-2024-103877,2024-09-07,2024-09-14,7,RD-19660,737,102,4,1577.94
6005,CA-2024-107244,2024-09-07,2024-09-11,4,AG-10390,155,494,4,19.76
2099,CA-2024-124401,2024-09-07,2024-09-12,5,RD-19900,1369,594,4,37.68
2100,CA-2024-124401,2024-09-07,2024-09-12,5,RD-19900,1544,594,4,279.944
8211,CA-2024-128769,2024-09-07,2024-09-12,5,DM-12955,426,434,4,81.568
7141,CA-2024-128783,2024-09-07,2024-09-07,0,TG-21640,1558,105,1,113.52
7142,CA-2024-128783,2024-09-07,2024-09-07,0,TG-21640,181,105,1,135.3
2569,CA-2024-148929,2024-09-07,2024-09-11,4,SP-20620,1318,263,4,478.08
5547,CA-2024-151008,2024-09-07,2024-09-08,1,JM-16195,166,599,2,25.16
5548,CA-2024-151008,2024-09-07,2024-09-08,1,JM-16195,1800,599,2,126.56
4085,CA-2024-163692,2024-09-07,2024-09-09,2,Dp-13240,849,456,2,7.857
5280,US-2024-104094,2024-09-07,2024-09-11,4,AG-10675,1601,189,4,13.48
533,US-2024-129441,2024-09-07,2024-09-11,4,JC-15340,310,496,4,47.94
9327,US-2024-130687,2024-09-07,2024-09-10,3,PF-19225,174,614,2,80.96
9328,US-2024-130687,2024-09-07,2024-09-10,3,PF-19225,1786,614,2,455.712
9329,US-2024-130687,2024-09-07,2024-09-10,3,PF-19225,516,614,2,25.98
8125,US-2024-150070,2024-09-07,2024-09-12,5,JA-15970,79,502,4,161.568
9539,US-2024-169488,2024-09-07,2024-09-09,2,AA-10375,1047,309,2,16.9
9540,US-2024-169488,2024-09-07,2024-09-09,2,AA-10375,1171,309,2,39.96
5768,CA-2024-126396,2024-09-08,2024-09-12,4,AR-10345,1571,155,3,85.2
8620,CA-2024-132437,2024-09-08,2024-09-13,5,EM-14095,1317,264,3,65.12
8325,CA-2024-144456,2024-09-08,2024-09-09,1,FC-14245,1334,340,2,61.68
8326,CA-2024-144456,2024-09-08,2024-09-09,1,FC-14245,1868,340,2,158.376
3127,CA-2024-149895,2024-09-08,2024-09-12,4,EB-14110,1718,303,4,258.528
4529,CA-2024-152856,2024-09-08,2024-09-10,2,RS-19765,1573,289,3,116.832
3657,CA-2024-158036,2024-09-08,2024-09-14,6,DB-13555,1507,280,4,9.096
6649,US-2024-124779,2024-09-08,2024-09-11,3,BF-11020,804,127,2,42.616
6650,US-2024-124779,2024-09-08,2024-09-11,3,BF-11020,1631,127,2,319.984
6651,US-2024-124779,2024-09-08,2024-09-11,3,BF-11020,956,127,2,45.92
6652,US-2024-124779,2024-09-08,2024-09-11,3,BF-11020,162,127,2,21.184
6653,US-2024-124779,2024-09-08,2024-09-11,3,BF-11020,1277,127,2,20.736
6654,US-2024-124779,2024-09-08,2024-09-11,3,BF-11020,54,127,2,213.43
1714,US-2024-124968,2024-09-08,2024-09-13,5,MM-18055,344,8,3,765.625
5895,CA-2024-100825,2024-09-09,2024-09-14,5,KD-16495,1351,497,4,99.87
5579,CA-2024-137498,2024-09-09,2024-09-14,5,LC-17050,602,494,3,6.56
5580,CA-2024-137498,2024-09-09,2024-09-14,5,LC-17050,116,494,3,243.92
5581,CA-2024-137498,2024-09-09,2024-09-14,5,LC-17050,1045,494,3,47.52
6256,CA-2024-139444,2024-09-09,2024-09-15,6,GK-14620,1002,171,4,9.856
4623,CA-2024-147228,2024-09-09,2024-09-14,5,SO-20335,1478,425,4,8.832
4624,CA-2024-147228,2024-09-09,2024-09-14,5,SO-20335,1147,425,4,177.536
4625,CA-2024-147228,2024-09-09,2024-09-14,5,SO-20335,1364,425,4,258.48
4626,CA-2024-147228,2024-09-09,2024-09-14,5,SO-20335,228,425,4,14.136
2400,CA-2024-147361,2024-09-09,2024-09-15,6,SB-20290,1357,416,4,628.81
2401,CA-2024-147361,2024-09-09,2024-09-15,6,SB-20290,1442,416,4,56.45
8754,CA-2024-152198,2024-09-09,2024-09-10,1,JD-16015,992,295,2,17.712
8755,CA-2024-152198,2024-09-09,2024-09-10,1,JD-16015,648,295,2,4.86
8756,CA-2024-152198,2024-09-09,2024-09-10,1,JD-16015,653,295,2,6.258
5442,CA-2024-155929,2024-09-09,2024-09-13,4,AI-10855,1121,453,4,6.368
7876,CA-2024-168403,2024-09-09,2024-09-15,6,DK-12835,1194,594,4,31.104
7877,CA-2024-168403,2024-09-09,2024-09-15,6,DK-12835,404,594,4,11.176
7284,CA-2024-169439,2024-09-09,2024-09-13,4,LC-17140,498,277,4,25.92
7285,CA-2024-169439,2024-09-09,2024-09-13,4,LC-17140,187,277,4,66.112
1213,US-2024-118087,2024-09-09,2024-09-13,4,SP-20620,79,303,4,141.372
1214,US-2024-118087,2024-09-09,2024-09-13,4,SP-20620,852,303,4,3.036
1215,US-2024-118087,2024-09-09,2024-09-13,4,SP-20620,756,303,4,4.503
1216,US-2024-118087,2024-09-09,2024-09-13,4,SP-20620,622,303,4,4.672
1217,US-2024-118087,2024-09-09,2024-09-13,4,SP-20620,1587,303,4,95.88
1218,US-2024-118087,2024-09-09,2024-09-13,4,SP-20620,215,303,4,17.024
1219,US-2024-118087,2024-09-09,2024-09-13,4,SP-20620,1596,303,4,258.696
1220,US-2024-118087,2024-09-09,2024-09-13,4,SP-20620,1860,303,4,1931.958
7719,US-2024-146213,2024-09-09,2024-09-14,5,MC-17605,1588,496,4,159.96
5217,US-2024-159562,2024-09-09,2024-09-15,6,JB-16000,863,80,4,17.48
1959,CA-2024-110905,2024-09-10,2024-09-15,5,RW-19690,648,108,3,16.2
1960,CA-2024-110905,2024-09-10,2024-09-15,5,RW-19690,449,108,3,33.99
1961,CA-2024-110905,2024-09-10,2024-09-15,5,RW-19690,1525,108,3,296.85
1962,CA-2024-110905,2024-09-10,2024-09-15,5,RW-19690,1504,108,3,112.8
1963,CA-2024-110905,2024-09-10,2024-09-15,5,RW-19690,799,108,3,13.71
1964,CA-2024-110905,2024-09-10,2024-09-15,5,RW-19690,1237,108,3,24.9
1965,CA-2024-110905,2024-09-10,2024-09-15,5,RW-19690,1361,108,3,286.29
1966,CA-2024-110905,2024-09-10,2024-09-15,5,RW-19690,392,108,3,24.18
42,CA-2024-120999,2024-09-10,2024-09-15,5,LC-16930,1829,20,4,147.168
3178,CA-2024-122280,2024-09-10,2024-09-10,0,SH-20395,1087,264,1,18.76
6886,CA-2024-123036,2024-09-10,2024-09-17,7,HA-14905,1580,294,4,37.056
6887,CA-2024-123036,2024-09-10,2024-09-17,7,HA-14905,1741,294,4,259.896
4926,CA-2024-126438,2024-09-10,2024-09-13,3,AR-10345,543,224,2,14.88
1848,CA-2024-128370,2024-09-10,2024-09-10,0,FH-14275,52,494,1,362.352
1849,CA-2024-128370,2024-09-10,2024-09-10,0,FH-14275,693,494,1,7.184
5370,CA-2024-147403,2024-09-10,2024-09-13,3,KH-16630,1167,274,2,85.056
2847,CA-2024-152093,2024-09-10,2024-09-15,5,SN-20560,730,10,4,762.594
5894,CA-2024-159954,2024-09-10,2024-09-14,4,SS-20410,853,370,4,2.78
553,CA-2024-112774,2024-09-11,2024-09-12,1,RC-19960,257,343,2,34.504
4368,CA-2024-117044,2024-09-11,2024-09-13,2,HA-14920,917,9,3,10.528
4369,CA-2024-117044,2024-09-11,2024-09-13,2,HA-14920,1190,9,3,20.544
2902,CA-2024-124898,2024-09-11,2024-09-15,4,DB-12910,1199,371,4,184.66
9333,CA-2024-127726,2024-09-11,2024-09-13,2,SS-20410,438,381,3,195.68
9334,CA-2024-127726,2024-09-11,2024-09-13,2,SS-20410,915,381,3,14.2
5270,CA-2024-144484,2024-09-11,2024-09-11,0,CB-12025,145,529,1,32.36
5271,CA-2024-144484,2024-09-11,2024-09-11,0,CB-12025,467,529,1,406.6
3042,CA-2024-149559,2024-09-11,2024-09-12,1,KF-16285,1265,493,1,12.96
3043,CA-2024-149559,2024-09-11,2024-09-12,1,KF-16285,861,493,1,22.18
3044,CA-2024-149559,2024-09-11,2024-09-12,1,KF-16285,110,493,1,2054.272
9081,CA-2024-166898,2024-09-11,2024-09-13,2,KH-16630,1816,535,3,143.952
9082,CA-2024-166898,2024-09-11,2024-09-13,2,KH-16630,1182,535,3,19.44
6232,US-2024-142188,2024-09-11,2024-09-11,0,JF-15415,121,624,1,177.568
6233,US-2024-142188,2024-09-11,2024-09-11,0,JF-15415,1299,624,1,19.44
6234,US-2024-142188,2024-09-11,2024-09-11,0,JF-15415,1154,624,1,71.28
6235,US-2024-142188,2024-09-11,2024-09-11,0,JF-15415,785,624,1,1471.96
6236,US-2024-142188,2024-09-11,2024-09-11,0,JF-15415,1891,624,1,79.96
9282,US-2024-152898,2024-09-11,2024-09-15,4,CB-12025,460,443,4,67.9
7493,US-2024-160836,2024-09-11,2024-09-16,5,CC-12475,1219,155,4,10.272
7494,US-2024-160836,2024-09-11,2024-09-16,5,CC-12475,341,155,4,512.19
7495,US-2024-160836,2024-09-11,2024-09-16,5,CC-12475,419,155,4,1.556
1510,CA-2024-103611,2024-09-12,2024-09-15,3,JM-15535,220,497,2,8.36
5182,CA-2024-108749,2024-09-12,2024-09-15,3,DJ-13510,1281,311,2,45.36
5183,CA-2024-108749,2024-09-12,2024-09-15,3,DJ-13510,670,311,2,45.78
2077,CA-2024-140676,2024-09-12,2024-09-15,3,BF-11080,1035,211,2,39.9
2078,CA-2024-140676,2024-09-12,2024-09-15,3,BF-11080,435,211,2,90.86
2079,CA-2024-140676,2024-09-12,2024-09-15,3,BF-11080,1203,211,2,94.85
5225,US-2024-109582,2024-09-12,2024-09-17,5,JM-15865,1060,497,3,166.44
7664,CA-2024-139493,2024-09-13,2024-09-19,6,SG-20605,547,396,4,15.92
9594,CA-2024-108931,2024-09-14,2024-09-19,5,HZ-14950,1248,264,4,8.56
9595,CA-2024-108931,2024-09-14,2024-09-19,5,HZ-14950,1255,264,4,11.56
72,CA-2024-114440,2024-09-14,2024-09-17,3,TB-21520,1113,73,3,19.05
8772,CA-2024-115882,2024-09-14,2024-09-17,3,DB-13555,385,411,2,942.784
8773,CA-2024-115882,2024-09-14,2024-09-17,3,DB-13555,1256,411,2,74.352
4430,CA-2024-147725,2024-09-14,2024-09-14,0,LT-17110,522,246,1,70.95
9579,CA-2024-152975,2024-09-14,2024-09-16,2,RB-19705,1883,265,2,1079.85
9580,CA-2024-152975,2024-09-14,2024-09-16,2,RB-19705,1410,265,2,70.98
9581,CA-2024-152975,2024-09-14,2024-09-16,2,RB-19705,526,265,2,29.95
9582,CA-2024-152975,2024-09-14,2024-09-16,2,RB-19705,123,265,2,589.41
6810,CA-2024-156237,2024-09-14,2024-09-15,1,PS-18760,747,304,2,3.882
6811,CA-2024-156237,2024-09-14,2024-09-15,1,PS-18760,1691,304,2,12.585
6812,CA-2024-156237,2024-09-14,2024-09-15,1,PS-18760,125,304,2,113.372
6813,CA-2024-156237,2024-09-14,2024-09-15,1,PS-18760,670,304,2,18.312
6814,CA-2024-156237,2024-09-14,2024-09-15,1,PS-18760,319,304,2,127.936
6815,CA-2024-156237,2024-09-14,2024-09-15,1,PS-18760,1676,304,2,241.17
6222,US-2024-157224,2024-09-14,2024-09-18,4,JB-16000,967,498,3,56.7
1538,CA-2024-121888,2024-09-15,2024-09-17,2,CL-11890,1764,221,3,39.99
1539,CA-2024-121888,2024-09-15,2024-09-17,2,CL-11890,490,221,3,16.28
1540,CA-2024-121888,2024-09-15,2024-09-17,2,CL-11890,2,221,3,782.94
1541,CA-2024-121888,2024-09-15,2024-09-17,2,CL-11890,846,221,3,242.48
6756,CA-2024-124205,2024-09-15,2024-09-19,4,TC-21145,173,242,4,47.4
6757,CA-2024-124205,2024-09-15,2024-09-19,4,TC-21145,134,242,4,512.96
6758,CA-2024-124205,2024-09-15,2024-09-19,4,TC-21145,1831,242,4,395.94
6759,CA-2024-124205,2024-09-15,2024-09-19,4,TC-21145,1331,242,4,81.96
8696,CA-2024-127096,2024-09-15,2024-09-17,2,CS-12400,347,528,3,300.904
439,CA-2024-130043,2024-09-15,2024-09-19,4,BB-11545,1157,155,4,31.872
903,CA-2024-132353,2024-09-15,2024-09-17,2,DB-13060,1731,10,2,323.976
7735,CA-2024-134418,2024-09-15,2024-09-20,5,GM-14500,497,623,4,12.42
7920,CA-2024-139822,2024-09-15,2024-09-21,6,Dp-13240,1345,204,4,38.62
7921,CA-2024-139822,2024-09-15,2024-09-21,6,Dp-13240,1582,204,4,59.98
6133,CA-2024-145737,2024-09-15,2024-09-20,5,AB-10165,1153,431,4,163.96
6975,CA-2024-146185,2024-09-15,2024-09-19,4,CC-12145,620,156,4,31.744
627,CA-2024-163020,2024-09-15,2024-09-19,4,MO-17800,279,262,4,35.56
8045,CA-2024-165008,2024-09-15,2024-09-17,2,DO-13645,703,607,3,295.056
6516,US-2024-116652,2024-09-15,2024-09-19,4,RD-19480,113,530,4,218.352
6517,US-2024-116652,2024-09-15,2024-09-19,4,RD-19480,305,530,4,529.9
6518,US-2024-116652,2024-09-15,2024-09-19,4,RD-19480,613,530,4,99.3
6519,US-2024-116652,2024-09-15,2024-09-19,4,RD-19480,400,530,4,108.96
6520,US-2024-116652,2024-09-15,2024-09-19,4,RD-19480,715,530,4,2.688
5991,US-2024-163300,2024-09-15,2024-09-21,6,ES-14020,736,499,4,2357.488
5992,US-2024-163300,2024-09-15,2024-09-21,6,ES-14020,1826,499,4,369.544
5993,US-2024-163300,2024-09-15,2024-09-21,6,ES-14020,64,499,4,184.752
5984,CA-2024-112984,2024-09-16,2024-09-18,2,EH-14185,1190,305,3,20.544
275,CA-2024-118136,2024-09-16,2024-09-17,1,BB-10990,1040,485,2,8.82
276,CA-2024-118136,2024-09-16,2024-09-17,1,BB-10990,581,485,2,5.98
9337,CA-2024-130715,2024-09-16,2024-09-20,4,CY-12745,936,529,4,17.9
3034,CA-2024-134173,2024-09-16,2024-09-21,5,AB-10060,1306,305,4,20.736
3457,CA-2024-136448,2024-09-16,2024-09-18,2,AS-10090,1539,305,2,71.976
3458,CA-2024-136448,2024-09-16,2024-09-18,2,AS-10090,214,305,2,22.512
3459,CA-2024-136448,2024-09-16,2024-09-18,2,AS-10090,705,305,2,3.444
3460,CA-2024-136448,2024-09-16,2024-09-18,2,AS-10090,742,305,2,538.194
3461,CA-2024-136448,2024-09-16,2024-09-18,2,AS-10090,1522,305,2,47.984
726,CA-2024-144113,2024-09-16,2024-09-20,4,JF-15355,884,128,4,17.568
727,CA-2024-144113,2024-09-16,2024-09-20,4,JF-15355,1755,128,4,55.992
7450,CA-2024-105669,2024-09-17,2024-09-22,5,SJ-20125,605,153,3,9.912
7451,CA-2024-105669,2024-09-17,2024-09-22,5,SJ-20125,89,153,3,318.43
7452,CA-2024-105669,2024-09-17,2024-09-22,5,SJ-20125,856,153,3,5.8
7453,CA-2024-105669,2024-09-17,2024-09-22,5,SJ-20125,1846,153,3,1415.76
2652,CA-2024-112515,2024-09-17,2024-09-21,4,AS-10225,692,606,3,10.776
2653,CA-2024-112515,2024-09-17,2024-09-21,4,AS-10225,664,606,3,11.784
2654,CA-2024-112515,2024-09-17,2024-09-21,4,AS-10225,1066,606,3,164.88
2655,CA-2024-112515,2024-09-17,2024-09-21,4,AS-10225,18,606,3,1292.94
2656,CA-2024-112515,2024-09-17,2024-09-21,4,AS-10225,754,606,3,25.584
2657,CA-2024-112515,2024-09-17,2024-09-21,4,AS-10225,1378,606,3,261.74
2658,CA-2024-112515,2024-09-17,2024-09-21,4,AS-10225,1005,606,3,14.4
8878,CA-2024-126928,2024-09-17,2024-09-23,6,GZ-14470,1674,244,4,480.0
8879,CA-2024-126928,2024-09-17,2024-09-23,6,GZ-14470,1411,244,4,34.05
2268,CA-2024-137470,2024-09-17,2024-09-17,0,TP-21415,1252,625,1,12.96
9726,CA-2024-142293,2024-09-17,2024-09-20,3,SC-20380,1539,567,2,89.97
2304,CA-2024-157931,2024-09-17,2024-09-22,5,MO-17800,67,375,3,723.92
2305,CA-2024-157931,2024-09-17,2024-09-22,5,MO-17800,1054,375,3,106.32
142,CA-2024-106180,2024-09-18,2024-09-23,5,SH-19975,595,530,4,8.82
143,CA-2024-106180,2024-09-18,2024-09-23,5,SH-19975,875,530,4,10.86
144,CA-2024-106180,2024-09-18,2024-09-23,5,SH-19975,1173,530,4,143.7
2823,CA-2024-131016,2024-09-18,2024-09-20,2,DC-12850,563,127,2,8.928
2824,CA-2024-131016,2024-09-18,2024-09-20,2,DC-12850,1313,127,2,47.584
760,CA-2024-133333,2024-09-18,2024-09-22,4,BF-11020,1033,185,4,22.72
5324,CA-2024-134439,2024-09-18,2024-09-23,5,TM-21010,1035,110,3,15.96
7732,CA-2024-140508,2024-09-18,2024-09-21,3,PA-19060,880,142,2,114.848
3913,CA-2024-148068,2024-09-18,2024-09-25,7,MM-18280,1275,265,4,19.44
3914,CA-2024-148068,2024-09-18,2024-09-25,7,MM-18280,323,265,4,9.82
6890,CA-2024-164756,2024-09-18,2024-09-22,4,SS-20140,1774,371,4,95.68
6891,CA-2024-164756,2024-09-18,2024-09-22,4,SS-20140,1083,371,4,50.96
6892,CA-2024-164756,2024-09-18,2024-09-22,4,SS-20140,551,371,4,113.94
6893,CA-2024-164756,2024-09-18,2024-09-22,4,SS-20140,1266,371,4,25.92
6894,CA-2024-164756,2024-09-18,2024-09-22,4,SS-20140,280,371,4,20.32
6895,CA-2024-164756,2024-09-18,2024-09-22,4,SS-20140,1713,371,4,411.98
6896,CA-2024-164756,2024-09-18,2024-09-22,4,SS-20140,1465,371,4,34.48
6897,CA-2024-164756,2024-09-18,2024-09-22,4,SS-20140,1179,371,4,244.55
5412,CA-2024-166856,2024-09-18,2024-09-22,4,TS-21505,841,585,4,10.08
5413,CA-2024-166856,2024-09-18,2024-09-22,4,TS-21505,1519,585,4,101.34
6721,CA-2024-102974,2024-09-19,2024-09-24,5,DP-13105,1585,496,4,149.95
6722,CA-2024-102974,2024-09-19,2024-09-24,5,DP-13105,513,496,4,23.32
6723,CA-2024-102974,2024-09-19,2024-09-24,5,DP-13105,580,496,4,16.74
44,CA-2024-139619,2024-09-19,2024-09-23,4,ES-14080,1318,348,4,95.616
6770,CA-2024-139787,2024-09-19,2024-09-23,4,JP-16135,625,371,4,35.4
6119,CA-2024-143378,2024-09-19,2024-09-25,6,JR-16210,1799,597,4,191.976
6120,CA-2024-143378,2024-09-19,2024-09-25,6,JR-16210,613,597,4,23.832
6121,CA-2024-143378,2024-09-19,2024-09-25,6,JR-16210,265,597,4,409.216
6122,CA-2024-143378,2024-09-19,2024-09-25,6,JR-16210,26,597,4,72.588
6971,CA-2024-153822,2024-09-19,2024-09-25,6,AB-10105,1321,456,4,12.624
6972,CA-2024-153822,2024-09-19,2024-09-25,6,AB-10105,1615,456,4,89.584
6973,CA-2024-153822,2024-09-19,2024-09-25,6,AB-10105,1846,456,4,471.92
6974,CA-2024-153822,2024-09-19,2024-09-25,6,AB-10105,802,456,4,18.18
7791,CA-2024-160801,2024-09-19,2024-09-19,0,FG-14260,660,302,1,4.842
6490,US-2024-148866,2024-09-19,2024-09-24,5,JM-15535,1302,263,4,32.4
6091,CA-2024-100111,2024-09-20,2024-09-26,6,SV-20365,111,265,4,272.646
6092,CA-2024-100111,2024-09-20,2024-09-26,6,SV-20365,1554,265,4,212.8
6093,CA-2024-100111,2024-09-20,2024-09-26,6,SV-20365,1107,265,4,38.52
6094,CA-2024-100111,2024-09-20,2024-09-26,6,SV-20365,1606,265,4,72.64
6095,CA-2024-100111,2024-09-20,2024-09-26,6,SV-20365,1411,265,4,45.4
6096,CA-2024-100111,2024-09-20,2024-09-26,6,SV-20365,1031,265,4,13.76
6097,CA-2024-100111,2024-09-20,2024-09-26,6,SV-20365,77,265,4,80.991
6098,CA-2024-100111,2024-09-20,2024-09-26,6,SV-20365,807,265,4,11.784
6099,CA-2024-100111,2024-09-20,2024-09-26,6,SV-20365,920,265,4,4.36
6100,CA-2024-100111,2024-09-20,2024-09-26,6,SV-20365,96,265,4,2888.127
6101,CA-2024-100111,2024-09-20,2024-09-26,6,SV-20365,1725,265,4,1299.66
6102,CA-2024-100111,2024-09-20,2024-09-26,6,SV-20365,86,265,4,2254.41
6103,CA-2024-100111,2024-09-20,2024-09-26,6,SV-20365,1834,265,4,104.85
6104,CA-2024-100111,2024-09-20,2024-09-26,6,SV-20365,1550,265,4,59.97
4263,CA-2024-123351,2024-09-21,2024-09-25,4,KT-16480,388,371,4,80.48
5401,CA-2024-132262,2024-09-21,2024-09-23,2,ML-18265,1613,623,2,71.98
5402,CA-2024-132262,2024-09-21,2024-09-23,2,ML-18265,1537,623,2,79.98
8524,CA-2024-133074,2024-09-21,2024-09-25,4,DB-13615,1035,528,4,55.86
796,CA-2024-151428,2024-09-21,2024-09-26,5,RH-19495,677,95,4,20.16
7338,CA-2024-165155,2024-09-21,2024-09-23,2,BM-11575,1426,498,2,15.51
4757,CA-2024-169817,2024-09-21,2024-09-25,4,EB-13870,793,305,4,1.908
6004,US-2024-146878,2024-09-21,2024-09-27,6,DL-12865,703,349,4,12.294
5546,CA-2024-102967,2024-09-22,2024-09-26,4,MG-17890,1427,232,4,67.4
9055,CA-2024-117009,2024-09-22,2024-09-28,6,BK-11260,1467,535,4,21.96
5065,CA-2024-122196,2024-09-22,2024-09-24,2,CA-12265,1763,207,2,391.98
5707,CA-2024-136000,2024-09-22,2024-09-25,3,SC-20440,753,262,3,40.176
1803,CA-2024-158379,2024-09-22,2024-09-26,4,JA-15970,719,303,3,5.607
1804,CA-2024-158379,2024-09-22,2024-09-26,4,JA-15970,1472,303,3,4663.736
1805,CA-2024-158379,2024-09-22,2024-09-26,4,JA-15970,1544,303,3,79.984
3849,CA-2024-161053,2024-09-22,2024-09-23,1,JE-15745,782,323,2,691.96
3850,CA-2024-161053,2024-09-22,2024-09-23,1,JE-15745,1623,323,2,34.95
7038,CA-2024-161970,2024-09-22,2024-09-27,5,PB-19105,1292,377,4,12.96
7039,CA-2024-161970,2024-09-22,2024-09-27,5,PB-19105,644,377,4,17.94
9408,CA-2024-162789,2024-09-22,2024-09-24,2,LC-17140,1626,265,3,1071.0
9409,CA-2024-162789,2024-09-22,2024-09-24,2,LC-17140,200,265,3,12.07
1784,CA-2024-166317,2024-09-22,2024-09-26,4,JE-15610,1205,189,4,219.84
1785,CA-2024-166317,2024-09-22,2024-09-26,4,JE-15610,1524,189,4,98.16
1786,CA-2024-166317,2024-09-22,2024-09-26,4,JE-15610,650,189,4,33.04
1787,CA-2024-166317,2024-09-22,2024-09-26,4,JE-15610,1712,189,4,86.97
2123,CA-2024-167381,2024-09-22,2024-09-24,2,EH-14005,26,74,3,241.96
2124,CA-2024-167381,2024-09-22,2024-09-24,2,EH-14005,1002,74,3,27.72
4428,US-2024-103226,2024-09-22,2024-09-28,6,DW-13195,1098,583,4,27.18
3211,US-2024-108245,2024-09-22,2024-09-27,5,SH-19975,899,169,4,13.392
3212,US-2024-108245,2024-09-22,2024-09-27,5,SH-19975,794,169,4,11.228
9253,CA-2024-102309,2024-09-23,2024-09-25,2,DO-13645,1588,327,3,199.95
9254,CA-2024-102309,2024-09-23,2024-09-25,2,DO-13645,1299,327,3,12.96
9627,CA-2024-103520,2024-09-23,2024-09-25,2,MH-17785,1159,162,2,9.248
1970,CA-2024-117485,2024-09-23,2024-09-29,6,BD-11320,1505,120,4,291.96
3798,CA-2024-121314,2024-09-23,2024-09-26,3,BE-11410,1206,350,2,251.64
1269,CA-2024-121412,2024-09-23,2024-09-27,4,BG-11695,151,562,4,29.328
9324,CA-2024-121853,2024-09-23,2024-09-29,6,DB-13660,1170,497,4,211.04
9325,CA-2024-121853,2024-09-23,2024-09-29,6,DB-13660,90,497,4,594.816
9326,CA-2024-121853,2024-09-23,2024-09-29,6,DB-13660,787,497,4,72.96
3372,CA-2024-123778,2024-09-23,2024-09-30,7,BS-11755,661,530,4,25.824
3373,CA-2024-123778,2024-09-23,2024-09-30,7,BS-11755,388,530,4,160.96
1078,CA-2024-132521,2024-09-23,2024-09-25,2,DW-13540,406,624,3,119.96
1079,CA-2024-132521,2024-09-23,2024-09-25,2,DW-13540,1421,624,3,31.44
1080,CA-2024-132521,2024-09-23,2024-09-25,2,DW-13540,697,624,3,6.88
2329,CA-2024-138422,2024-09-23,2024-09-26,3,KN-16705,911,558,2,14.352
5415,US-2024-125647,2024-09-23,2024-09-28,5,LC-16870,429,10,4,73.176
5416,US-2024-125647,2024-09-23,2024-09-28,5,LC-16870,1290,10,4,20.736
5417,US-2024-125647,2024-09-23,2024-09-28,5,LC-16870,1814,10,4,39.984
3176,US-2024-132059,2024-09-23,2024-09-29,6,AP-10915,4,558,4,180.588
3177,US-2024-132059,2024-09-23,2024-09-29,6,AP-10915,1484,558,4,47.984
718,CA-2024-108910,2024-09-24,2024-09-29,5,KC-16540,262,292,4,103.056
3588,CA-2024-121839,2024-09-24,2024-09-28,4,MH-18115,1725,287,4,1169.694
6041,CA-2024-122364,2024-09-24,2024-09-29,5,FA-14230,1882,495,4,859.2
6042,CA-2024-122364,2024-09-24,2024-09-29,5,FA-14230,1692,495,4,506.28
9694,CA-2024-130148,2024-09-24,2024-09-28,4,NK-18490,1043,529,3,31.08
9695,CA-2024-130148,2024-09-24,2024-09-28,4,NK-18490,1462,529,3,7.3
7923,CA-2024-134096,2024-09-24,2024-09-29,5,PP-18955,1880,341,4,383.96
7924,CA-2024-134096,2024-09-24,2024-09-29,5,PP-18955,848,341,4,15.57
3494,CA-2024-142034,2024-09-24,2024-09-28,4,KB-16240,1514,97,4,72.0
3495,CA-2024-142034,2024-09-24,2024-09-28,4,KB-16240,1497,97,4,655.9
3496,CA-2024-142034,2024-09-24,2024-09-28,4,KB-16240,53,97,4,603.92
8485,CA-2024-142391,2024-09-24,2024-09-24,0,PB-19150,139,625,1,199.8
634,CA-2024-144694,2024-09-24,2024-09-26,2,BD-11605,1620,351,3,17.88
635,CA-2024-144694,2024-09-24,2024-09-26,2,BD-11605,1017,351,3,235.944
9353,CA-2024-148411,2024-09-24,2024-09-26,2,RO-19780,90,9,2,520.464
9354,CA-2024-148411,2024-09-24,2024-09-26,2,RO-19780,1137,9,2,11.424
5595,CA-2024-160325,2024-09-24,2024-09-24,0,BP-11095,1827,224,1,391.98
5596,CA-2024-160325,2024-09-24,2024-09-24,0,BP-11095,1881,224,1,437.85
5184,CA-2024-163335,2024-09-24,2024-09-27,3,AG-10675,1352,371,2,40.29
5185,CA-2024-163335,2024-09-24,2024-09-27,3,AG-10675,679,371,2,38.71
8834,US-2024-132675,2024-09-24,2024-09-28,4,KF-16285,1426,376,4,15.51
8835,US-2024-132675,2024-09-24,2024-09-28,4,KF-16285,1835,376,4,89.9
8836,US-2024-132675,2024-09-24,2024-09-28,4,KF-16285,502,376,4,14.28
8837,US-2024-132675,2024-09-24,2024-09-28,4,KF-16285,496,376,4,12.72
8838,US-2024-132675,2024-09-24,2024-09-28,4,KF-16285,1023,376,4,15.75
7086,CA-2024-112004,2024-09-25,2024-09-28,3,AH-10075,691,300,2,8.595
7087,CA-2024-112004,2024-09-25,2024-09-28,3,AH-10075,1463,300,2,190.896
5715,CA-2024-116939,2024-09-25,2024-09-29,4,AG-10900,1420,443,4,177.55
7871,CA-2024-122112,2024-09-25,2024-09-29,4,CA-11965,896,286,4,24.448
362,CA-2024-144904,2024-09-25,2024-10-01,6,KW-16435,1013,262,4,20.7
363,CA-2024-144904,2024-09-25,2024-10-01,6,KW-16435,67,262,4,488.646
364,CA-2024-144904,2024-09-25,2024-10-01,6,KW-16435,584,262,4,5.56
365,CA-2024-144904,2024-09-25,2024-10-01,6,KW-16435,228,262,4,47.12
2035,CA-2024-162481,2024-09-25,2024-09-29,4,CT-11995,650,95,4,8.26
2036,CA-2024-162481,2024-09-25,2024-09-29,4,CT-11995,77,95,4,269.97
3143,CA-2024-162572,2024-09-25,2024-09-27,2,RB-19360,1522,276,3,119.96
3144,CA-2024-162572,2024-09-25,2024-09-27,2,RB-19360,560,276,3,10.608
5152,CA-2024-169929,2024-09-25,2024-09-28,3,LS-17200,1374,576,2,39.9
4564,CA-2024-129490,2024-09-26,2024-09-30,4,SJ-20125,123,352,4,419.136
7763,CA-2024-156391,2024-09-26,2024-09-28,2,SL-20155,617,596,2,2.224
7527,US-2024-106145,2024-09-26,2024-09-26,0,RA-19885,897,528,1,71.88
7528,US-2024-106145,2024-09-26,2024-09-26,0,RA-19885,298,528,1,9.24
7529,US-2024-106145,2024-09-26,2024-09-26,0,RA-19885,1155,528,1,35.88
7530,US-2024-106145,2024-09-26,2024-09-26,0,RA-19885,845,528,1,17.04
7531,US-2024-106145,2024-09-26,2024-09-26,0,RA-19885,729,528,1,931.176
5462,CA-2024-101574,2024-09-28,2024-10-04,6,BD-11725,270,496,4,9.24
8054,CA-2024-152205,2024-09-28,2024-10-05,7,SF-20965,764,303,4,2.655
6321,CA-2024-160017,2024-09-28,2024-10-02,4,SP-20860,1294,343,4,10.368
4460,US-2024-125717,2024-09-28,2024-10-01,3,DS-13030,179,552,2,32.776
4461,US-2024-125717,2024-09-28,2024-10-01,3,DS-13030,1367,552,2,147.184
4462,US-2024-125717,2024-09-28,2024-10-01,3,DS-13030,1521,552,2,54.384
4463,US-2024-125717,2024-09-28,2024-10-01,3,DS-13030,740,552,2,76.776
4464,US-2024-125717,2024-09-28,2024-10-01,3,DS-13030,1261,552,2,14.352
4465,US-2024-125717,2024-09-28,2024-10-01,3,DS-13030,471,552,2,209.792
1069,US-2024-139955,2024-09-28,2024-09-30,2,CM-12160,1479,132,3,1.744
985,CA-2024-100314,2024-09-29,2024-10-05,6,AS-10630,988,168,4,7.968
986,CA-2024-100314,2024-09-29,2024-10-05,6,AS-10630,863,168,4,27.968
987,CA-2024-100314,2024-09-29,2024-10-05,6,AS-10630,1700,168,4,336.51
4843,CA-2024-118402,2024-09-29,2024-10-04,5,JO-15280,1328,432,4,243.92
4472,CA-2024-121300,2024-09-29,2024-09-29,0,MG-17680,89,291,1,63.686
4473,CA-2024-121300,2024-09-29,2024-09-29,0,MG-17680,1533,291,1,239.976
4474,CA-2024-121300,2024-09-29,2024-09-29,0,MG-17680,380,291,1,344.22
4475,CA-2024-121300,2024-09-29,2024-09-29,0,MG-17680,1301,291,1,15.552
4476,CA-2024-121300,2024-09-29,2024-09-29,0,MG-17680,250,291,1,21.248
4477,CA-2024-121300,2024-09-29,2024-09-29,0,MG-17680,1191,291,1,8.448
8591,CA-2024-126676,2024-09-29,2024-10-01,2,FH-14365,883,256,2,7.98
5139,CA-2024-128335,2024-09-29,2024-10-05,6,JA-15970,900,260,4,23.34
5140,CA-2024-128335,2024-09-29,2024-10-05,6,JA-15970,1102,260,4,51.55
5791,CA-2024-140186,2024-09-29,2024-10-02,3,PG-18820,919,465,2,35.0
5792,CA-2024-140186,2024-09-29,2024-10-02,3,PG-18820,113,465,2,72.784
5793,CA-2024-140186,2024-09-29,2024-10-02,3,PG-18820,438,465,2,97.84
5794,CA-2024-140186,2024-09-29,2024-10-02,3,PG-18820,264,465,2,51.75
5795,CA-2024-140186,2024-09-29,2024-10-02,3,PG-18820,706,465,2,46.672
6209,CA-2024-148138,2024-09-29,2024-10-03,4,ME-18010,1350,289,4,51.168
7663,US-2024-141509,2024-09-29,2024-10-01,2,SC-20575,585,497,2,99.2
9141,CA-2024-123029,2024-09-30,2024-10-02,2,BT-11530,1599,499,3,159.98
6694,CA-2024-144225,2024-09-30,2024-10-02,2,CC-12475,1066,211,3,164.88
5266,CA-2024-147452,2024-09-30,2024-10-03,3,CS-11845,1034,623,2,11.76
5267,CA-2024-147452,2024-09-30,2024-10-03,3,CS-11845,1141,623,2,167.94
5268,CA-2024-147452,2024-09-30,2024-10-03,3,CS-11845,419,623,2,3.89
9215,US-2024-120908,2024-09-30,2024-10-02,2,BF-10975,1022,302,2,20.664
9688,US-2024-130603,2024-09-30,2024-10-06,6,SC-20050,747,127,4,11.646
3296,CA-2024-113418,2024-10-01,2024-10-03,2,CM-12655,1662,265,2,1704.89
3582,CA-2024-117807,2024-10-01,2024-10-07,6,DK-13090,1177,109,4,104.85
2214,CA-2024-129378,2024-10-01,2024-10-02,1,NS-18505,841,532,2,1.44
2215,CA-2024-129378,2024-10-01,2024-10-02,1,NS-18505,822,532,2,61.776
2216,CA-2024-129378,2024-10-01,2024-10-02,1,NS-18505,399,532,2,241.96
2217,CA-2024-129378,2024-10-01,2024-10-02,1,NS-18505,115,532,2,108.608
429,CA-2024-152275,2024-10-01,2024-10-08,7,KH-16630,535,176,4,6.672
567,CA-2024-156951,2024-10-01,2024-10-08,7,EB-13840,1081,624,4,91.84
568,CA-2024-156951,2024-10-01,2024-10-08,7,EB-13840,776,624,4,81.088
569,CA-2024-156951,2024-10-01,2024-10-08,7,EB-13840,1296,624,4,19.44
570,CA-2024-156951,2024-10-01,2024-10-08,7,EB-13840,104,624,4,451.152
8992,US-2024-139577,2024-10-01,2024-10-06,5,TN-21040,1612,529,4,104.75
3978,CA-2024-101308,2024-10-02,2024-10-07,5,FG-14260,944,624,4,8.94
3979,CA-2024-101308,2024-10-02,2024-10-07,5,FG-14260,1887,624,4,84.784
4136,CA-2024-105914,2024-10-02,2024-10-08,6,PV-18985,801,497,4,112.12
4137,CA-2024-105914,2024-10-02,2024-10-08,6,PV-18985,1432,497,4,1575.14
5556,CA-2024-116113,2024-10-02,2024-10-06,4,JW-15220,280,320,3,10.16
3192,CA-2024-123981,2024-10-02,2024-10-08,6,RW-19630,1831,265,4,65.99
750,CA-2024-126074,2024-10-02,2024-10-06,4,RF-19735,743,85,4,58.05
751,CA-2024-126074,2024-10-02,2024-10-06,4,RF-19735,287,85,4,157.74
752,CA-2024-126074,2024-10-02,2024-10-06,4,RF-19735,490,85,4,56.98
753,CA-2024-126074,2024-10-02,2024-10-06,4,RF-19735,677,85,4,2.88
7206,CA-2024-137414,2024-10-02,2024-10-06,4,CM-12115,182,528,4,17.46
7207,CA-2024-137414,2024-10-02,2024-10-06,4,CM-12115,1691,528,4,369.16
5785,CA-2024-141117,2024-10-02,2024-10-08,6,JK-16090,26,597,4,217.764
5786,CA-2024-141117,2024-10-02,2024-10-08,6,JK-16090,1458,597,4,39.072
5787,CA-2024-141117,2024-10-02,2024-10-08,6,JK-16090,766,597,4,22.638
5788,CA-2024-141117,2024-10-02,2024-10-08,6,JK-16090,503,597,4,95.144
3128,CA-2024-147564,2024-10-02,2024-10-06,4,BP-11155,1168,263,4,49.12
9420,CA-2024-152926,2024-10-02,2024-10-04,2,SC-20695,440,154,3,15.224
9421,CA-2024-152926,2024-10-02,2024-10-04,2,SC-20695,390,154,3,21.984
5317,US-2024-162558,2024-10-02,2024-10-05,3,Dp-13240,216,430,2,11.808
5318,US-2024-162558,2024-10-02,2024-10-05,3,Dp-13240,200,430,2,9.656
5319,US-2024-162558,2024-10-02,2024-10-05,3,Dp-13240,1265,430,2,20.736
5320,US-2024-162558,2024-10-02,2024-10-05,3,Dp-13240,787,430,2,27.36
5321,US-2024-162558,2024-10-02,2024-10-05,3,Dp-13240,355,430,2,2314.116
5322,US-2024-162558,2024-10-02,2024-10-05,3,Dp-13240,797,430,2,34.236
5323,US-2024-162558,2024-10-02,2024-10-05,3,Dp-13240,221,430,2,19.76
3040,CA-2024-101749,2024-10-03,2024-10-08,5,AS-10045,377,511,4,171.288
2978,CA-2024-134607,2024-10-03,2024-10-08,5,HL-15040,1442,268,3,22.58
1897,CA-2024-141789,2024-10-03,2024-10-06,3,AC-10450,742,93,2,1793.98
6372,CA-2024-143035,2024-10-03,2024-10-05,2,CC-12430,277,262,3,83.92
6373,CA-2024-143035,2024-10-03,2024-10-05,2,CC-12430,621,262,3,6.63
6374,CA-2024-143035,2024-10-03,2024-10-05,2,CC-12430,1527,262,3,371.97
8115,CA-2024-144820,2024-10-03,2024-10-07,4,LW-16825,529,168,3,20.64
4330,CA-2024-149853,2024-10-03,2024-10-09,6,PO-18850,1280,340,4,15.552
4331,CA-2024-149853,2024-10-03,2024-10-09,6,PO-18850,461,340,4,17.92
5582,CA-2024-163818,2024-10-04,2024-10-08,4,PS-18970,140,212,4,19.98
7956,CA-2024-131807,2024-10-05,2024-10-10,5,GG-14650,61,469,4,435.168
7957,CA-2024-131807,2024-10-05,2024-10-10,5,GG-14650,944,469,4,14.9
7958,CA-2024-131807,2024-10-05,2024-10-10,5,GG-14650,463,469,4,15.8
7959,CA-2024-131807,2024-10-05,2024-10-10,5,GG-14650,164,469,4,72.9
7960,CA-2024-131807,2024-10-05,2024-10-10,5,GG-14650,373,469,4,206.352
7961,CA-2024-131807,2024-10-05,2024-10-10,5,GG-14650,1877,469,4,7.992
6339,CA-2024-143112,2024-10-05,2024-10-09,4,TS-21370,1866,265,4,87.8
6340,CA-2024-143112,2024-10-05,2024-10-09,4,TS-21370,71,265,4,221.382
6341,CA-2024-143112,2024-10-05,2024-10-09,4,TS-21370,1641,265,4,5199.96
7564,CA-2024-157672,2024-10-05,2024-10-07,2,RB-19795,1551,556,2,63.824
4835,CA-2024-167661,2024-10-05,2024-10-10,5,MP-18175,684,529,4,39.92
4836,CA-2024-167661,2024-10-05,2024-10-10,5,MP-18175,1217,529,4,61.96
4837,CA-2024-167661,2024-10-05,2024-10-10,5,MP-18175,689,529,4,19.936
975,US-2024-103247,2024-10-05,2024-10-08,3,PO-19195,1802,263,3,160.93
976,US-2024-103247,2024-10-05,2024-10-08,3,PO-19195,828,263,3,75.792
5653,CA-2024-109099,2024-10-06,2024-10-11,5,MM-18280,1153,262,4,40.99
8329,CA-2024-118577,2024-10-06,2024-10-11,5,XP-21865,1145,237,4,143.7
8330,CA-2024-118577,2024-10-06,2024-10-11,5,XP-21865,1290,237,4,6.48
4182,US-2024-136868,2024-10-06,2024-10-12,6,CR-12820,1529,265,4,319.96
4183,US-2024-136868,2024-10-06,2024-10-12,6,CR-12820,1033,265,4,17.04
4184,US-2024-136868,2024-10-06,2024-10-12,6,CR-12820,1415,265,4,344.91
3051,US-2024-148054,2024-10-06,2024-10-11,5,NZ-18565,141,570,4,41.96
3052,US-2024-148054,2024-10-06,2024-10-11,5,NZ-18565,420,570,4,227.84
3053,US-2024-148054,2024-10-06,2024-10-11,5,NZ-18565,1051,570,4,37.94
1715,CA-2024-104003,2024-10-07,2024-10-13,6,DC-13285,34,529,4,307.666
2405,CA-2024-108574,2024-10-07,2024-10-11,4,MG-18145,1527,498,4,1115.91
2406,CA-2024-108574,2024-10-07,2024-10-11,4,MG-18145,1802,498,4,128.744
2407,CA-2024-108574,2024-10-07,2024-10-11,4,MG-18145,1877,498,4,79.92
4181,CA-2024-128426,2024-10-07,2024-10-11,4,JK-15730,824,153,4,4.24
3386,CA-2024-148404,2024-10-07,2024-10-11,4,Dp-13240,1316,400,4,580.672
3387,CA-2024-148404,2024-10-07,2024-10-11,4,Dp-13240,948,400,4,18.936
3388,CA-2024-148404,2024-10-07,2024-10-11,4,Dp-13240,1878,400,4,222.384
3389,CA-2024-148404,2024-10-07,2024-10-11,4,Dp-13240,801,400,4,50.454
3390,CA-2024-148404,2024-10-07,2024-10-11,4,Dp-13240,372,400,4,154.764
5281,CA-2024-152709,2024-10-07,2024-10-12,5,DB-13210,1402,70,4,85.52
5481,CA-2024-105487,2024-10-08,2024-10-14,6,CS-12250,1760,527,4,103.192
5482,CA-2024-105487,2024-10-08,2024-10-14,6,CS-12250,1514,527,4,36.0
5483,CA-2024-105487,2024-10-08,2024-10-14,6,CS-12250,1549,527,4,239.96
5484,CA-2024-105487,2024-10-08,2024-10-14,6,CS-12250,1431,527,4,40.68
5888,CA-2024-151596,2024-10-08,2024-10-11,3,BP-11050,1402,308,2,42.76
7171,US-2024-168613,2024-10-08,2024-10-14,6,GM-14440,125,262,4,145.764
2712,CA-2024-132430,2024-10-09,2024-10-11,2,CP-12085,287,286,2,45.888
3820,CA-2024-141873,2024-10-09,2024-10-14,5,HG-14845,809,264,4,12.816
3821,CA-2024-141873,2024-10-09,2024-10-14,5,HG-14845,30,264,4,314.352
3822,CA-2024-141873,2024-10-09,2024-10-14,5,HG-14845,1108,264,4,18.98
3823,CA-2024-141873,2024-10-09,2024-10-14,5,HG-14845,724,264,4,18.24
1324,CA-2024-162635,2024-10-09,2024-10-10,1,EB-14170,1047,413,2,10.816
4917,CA-2024-163125,2024-10-09,2024-10-11,2,MB-17305,527,161,3,67.144
4918,CA-2024-163125,2024-10-09,2024-10-11,2,MB-17305,103,161,3,254.058
5259,US-2024-115595,2024-10-09,2024-10-11,2,XP-21865,1129,496,2,35.2
1395,US-2024-117247,2024-10-09,2024-10-14,5,CK-12760,337,2,4,652.45
1396,US-2024-117247,2024-10-09,2024-10-14,5,CK-12760,365,2,4,66.645
8944,CA-2024-111717,2024-10-10,2024-10-16,6,SW-20245,99,2,4,239.358
5941,CA-2024-112431,2024-10-12,2024-10-14,2,RW-19690,1606,499,3,435.84
5942,CA-2024-112431,2024-10-12,2024-10-14,2,RW-19690,595,499,3,5.88
2762,CA-2024-126536,2024-10-12,2024-10-14,2,NK-18490,1559,529,2,0.99
2763,CA-2024-126536,2024-10-12,2024-10-14,2,NK-18490,709,529,2,101.84
9487,CA-2024-130505,2024-10-12,2024-10-12,0,NF-18385,353,313,1,673.344
2267,CA-2024-149146,2024-10-12,2024-10-12,0,SM-20320,1257,410,1,7.968
8422,CA-2024-150091,2024-10-12,2024-10-16,4,NP-18670,1503,242,4,45.0
8423,CA-2024-150091,2024-10-12,2024-10-16,4,NP-18670,936,242,4,17.9
8424,CA-2024-150091,2024-10-12,2024-10-16,4,NP-18670,174,242,4,40.48
8425,CA-2024-150091,2024-10-12,2024-10-16,4,NP-18670,18,242,4,2154.9
1046,CA-2024-152702,2024-10-12,2024-10-16,4,SN-20710,83,29,4,254.604
9099,CA-2024-152933,2024-10-12,2024-10-16,4,MG-17650,1751,140,4,369.544
9100,CA-2024-152933,2024-10-12,2024-10-16,4,MG-17650,1262,140,4,10.368
9101,CA-2024-152933,2024-10-12,2024-10-16,4,MG-17650,1595,140,4,791.88
2417,CA-2024-168655,2024-10-12,2024-10-18,6,ML-18040,1626,583,4,595.0
2418,CA-2024-168655,2024-10-12,2024-10-18,6,ML-18040,769,583,4,79.872
7793,CA-2024-169362,2024-10-12,2024-10-15,3,SP-20860,1546,141,2,39.984
9221,CA-2024-103212,2024-10-13,2024-10-14,1,MH-18025,1011,389,2,11.07
9222,CA-2024-103212,2024-10-13,2024-10-14,1,MH-18025,347,389,2,1504.52
9223,CA-2024-103212,2024-10-13,2024-10-14,1,MH-18025,1306,389,2,25.92
3007,CA-2024-116519,2024-10-13,2024-10-15,2,CR-12730,398,262,2,904.9
277,CA-2024-132976,2024-10-13,2024-10-17,4,AG-10495,1083,304,4,11.648
278,CA-2024-132976,2024-10-13,2024-10-17,4,AG-10495,1037,304,4,18.176
279,CA-2024-132976,2024-10-13,2024-10-17,4,AG-10495,1347,304,4,59.712
280,CA-2024-132976,2024-10-13,2024-10-17,4,AG-10495,977,304,4,24.84
8857,CA-2024-135909,2024-10-13,2024-10-20,7,JW-15220,1538,521,4,209.94
8858,CA-2024-135909,2024-10-13,2024-10-20,7,JW-15220,1723,521,4,31.984
8859,CA-2024-135909,2024-10-13,2024-10-20,7,JW-15220,730,521,4,5083.96
4255,CA-2024-163160,2024-10-13,2024-10-16,3,TS-21610,1058,17,2,63.312
4256,CA-2024-163160,2024-10-13,2024-10-16,3,TS-21610,772,17,2,96.784
4257,CA-2024-163160,2024-10-13,2024-10-16,3,TS-21610,182,17,2,10.476
9091,US-2024-148831,2024-10-13,2024-10-15,2,AH-10210,1440,383,2,348.56
5697,CA-2024-126123,2024-10-14,2024-10-18,4,AG-10765,770,9,4,27.396
5698,CA-2024-126123,2024-10-14,2024-10-18,4,AG-10765,718,9,4,13.456
888,CA-2024-150707,2024-10-14,2024-10-19,5,EL-13735,659,213,4,37.66
7286,CA-2024-151183,2024-10-14,2024-10-19,5,BK-11260,1621,529,4,46.36
1752,CA-2024-168837,2024-10-14,2024-10-17,3,JW-15955,153,507,2,9.46
7708,CA-2024-100237,2024-10-15,2024-10-19,4,SV-20815,494,604,4,11.68
1329,CA-2024-106033,2024-10-15,2024-10-18,3,FG-14260,609,529,3,87.92
3711,CA-2024-113670,2024-10-15,2024-10-17,2,RS-19765,350,498,2,510.24
3712,CA-2024-113670,2024-10-15,2024-10-17,2,RS-19765,1181,498,2,204.95
6836,CA-2024-142643,2024-10-15,2024-10-20,5,DL-13495,959,542,4,152.65
6837,CA-2024-142643,2024-10-15,2024-10-20,5,DL-13495,243,542,4,22.72
7214,CA-2024-154949,2024-10-15,2024-10-19,4,MC-17275,965,468,4,14.73
4261,CA-2024-164819,2024-10-15,2024-10-19,4,RS-19420,1018,197,3,13.05
5338,CA-2024-111577,2024-10-16,2024-10-21,5,AJ-10780,1066,457,4,307.776
1597,CA-2024-132234,2024-10-16,2024-10-18,2,MY-17380,246,263,2,547.3
1554,CA-2024-158386,2024-10-16,2024-10-21,5,BO-11425,796,386,4,124.75
8993,CA-2024-159100,2024-10-16,2024-10-21,5,VP-21760,1580,425,4,18.528
8994,CA-2024-159100,2024-10-16,2024-10-21,5,VP-21760,330,425,4,1875.258
7282,CA-2024-159282,2024-10-16,2024-10-21,5,GH-14410,1696,461,4,599.985
8019,CA-2024-114804,2024-10-17,2024-10-19,2,BF-11020,1826,502,3,52.792
3864,CA-2024-123246,2024-10-17,2024-10-19,2,AJ-10960,544,526,3,10.64
396,CA-2024-165603,2024-10-17,2024-10-19,2,SS-20140,1311,310,3,49.96
397,CA-2024-165603,2024-10-17,2024-10-19,2,SS-20140,1224,310,3,12.96
5175,CA-2024-106432,2024-10-19,2024-10-24,5,CA-12265,819,181,4,2.072
5176,CA-2024-106432,2024-10-19,2024-10-24,5,CA-12265,38,181,4,328.3992
35,CA-2024-107727,2024-10-19,2024-10-23,4,MA-17560,1052,156,3,29.472
4927,CA-2024-117653,2024-10-19,2024-10-23,4,MO-17500,376,9,4,91.275
1361,CA-2024-125199,2024-10-19,2024-10-25,6,HM-14860,514,302,4,123.256
1362,CA-2024-125199,2024-10-19,2024-10-25,6,HM-14860,1074,302,4,23.68
1363,CA-2024-125199,2024-10-19,2024-10-25,6,HM-14860,1760,302,4,309.576
423,CA-2024-125388,2024-10-19,2024-10-23,4,MP-17965,326,224,4,56.56
424,CA-2024-125388,2024-10-19,2024-10-23,4,MP-17965,1332,224,4,32.7
9706,CA-2024-125990,2024-10-19,2024-10-23,4,JS-16030,795,530,4,39.624
3057,CA-2024-131492,2024-10-19,2024-10-24,5,HH-15010,870,529,3,8.96
3058,CA-2024-131492,2024-10-19,2024-10-24,5,HH-15010,1009,529,3,31.5
3059,CA-2024-131492,2024-10-19,2024-10-24,5,HH-15010,268,529,3,30.56
3060,CA-2024-131492,2024-10-19,2024-10-24,5,HH-15010,327,529,3,24.368
1671,CA-2024-159457,2024-10-19,2024-10-26,7,RD-19480,1851,156,4,16.68
2929,US-2024-120390,2024-10-19,2024-10-26,7,TH-21550,739,397,4,1633.188
8238,CA-2024-103065,2024-10-20,2024-10-20,0,PT-19090,1441,343,1,4.768
8239,CA-2024-103065,2024-10-20,2024-10-20,0,PT-19090,1084,343,1,6.672
8240,CA-2024-103065,2024-10-20,2024-10-20,0,PT-19090,617,343,1,4.448
8241,CA-2024-103065,2024-10-20,2024-10-20,0,PT-19090,177,343,1,43.936
6347,CA-2024-104822,2024-10-20,2024-10-20,0,RB-19465,965,264,1,24.55
454,CA-2024-147277,2024-10-20,2024-10-24,4,EB-13705,357,274,4,284.364
455,CA-2024-147277,2024-10-20,2024-10-24,4,EB-13705,1335,274,4,665.408
5260,CA-2024-158722,2024-10-20,2024-10-26,6,MA-17560,1146,302,4,45.528
2798,CA-2024-158743,2024-10-20,2024-10-27,7,IG-15085,545,326,4,13.36
2799,CA-2024-158743,2024-10-20,2024-10-27,7,IG-15085,1143,326,4,39.96
2800,CA-2024-158743,2024-10-20,2024-10-27,7,IG-15085,706,326,4,145.85
8883,US-2024-115252,2024-10-20,2024-10-25,5,MY-18295,1830,402,4,15.984
8884,US-2024-115252,2024-10-20,2024-10-25,5,MY-18295,1065,402,4,14.352
3189,US-2024-146416,2024-10-20,2024-10-22,2,JE-16165,1001,549,3,3.75
3190,US-2024-146416,2024-10-20,2024-10-22,2,JE-16165,843,549,3,20.928
4047,CA-2024-100356,2024-10-21,2024-10-25,4,SP-20920,406,10,4,23.992
6196,CA-2024-113453,2024-10-21,2024-10-28,7,CM-12160,1798,305,4,329.988
6197,CA-2024-113453,2024-10-21,2024-10-28,7,CM-12160,1313,305,4,71.376
527,CA-2024-113558,2024-10-21,2024-10-26,5,PH-18790,58,346,4,683.952
528,CA-2024-113558,2024-10-21,2024-10-26,5,PH-18790,212,346,4,45.696
5431,CA-2024-117422,2024-10-21,2024-10-25,4,FC-14245,397,286,4,161.568
5432,CA-2024-117422,2024-10-21,2024-10-25,4,FC-14245,1085,286,4,4.064
5433,CA-2024-117422,2024-10-21,2024-10-25,4,FC-14245,819,286,4,6.216
7350,CA-2024-142125,2024-10-21,2024-10-27,6,JB-15400,747,189,4,38.82
7351,CA-2024-142125,2024-10-21,2024-10-27,6,JB-15400,651,189,4,21.9
1831,CA-2024-145884,2024-10-21,2024-10-21,0,SL-20155,1845,117,1,1439.92
1832,CA-2024-145884,2024-10-21,2024-10-21,0,SL-20155,336,117,1,262.11
2159,CA-2024-148166,2024-10-21,2024-10-26,5,NK-18490,580,338,4,17.856
1906,CA-2024-154410,2024-10-21,2024-10-24,3,MD-17860,1399,40,2,909.12
1903,CA-2024-167094,2024-10-21,2024-10-22,1,DK-12835,1291,597,2,5.184
1904,CA-2024-167094,2024-10-21,2024-10-22,1,DK-12835,57,597,2,478.48
1905,CA-2024-167094,2024-10-21,2024-10-22,1,DK-12835,1571,597,2,28.4
4558,US-2024-117331,2024-10-21,2024-10-28,7,ND-18370,797,453,4,8.559
4295,CA-2024-101581,2024-10-22,2024-10-27,5,DW-13195,374,595,4,177.225
2624,CA-2024-127180,2024-10-22,2024-10-24,2,TA-21385,1635,264,2,11199.968
2625,CA-2024-127180,2024-10-22,2024-10-24,2,TA-21385,1841,264,2,2399.6
2626,CA-2024-127180,2024-10-22,2024-10-24,2,TA-21385,877,264,2,63.9
2627,CA-2024-127180,2024-10-22,2024-10-24,2,TA-21385,1887,264,2,52.99
4642,CA-2024-130141,2024-10-22,2024-10-24,2,HA-14905,825,558,3,3.168
4643,CA-2024-130141,2024-10-22,2024-10-24,2,HA-14905,124,558,3,579.136
4478,CA-2024-130211,2024-10-22,2024-10-22,0,BD-11620,1359,116,1,333.09
4479,CA-2024-130211,2024-10-22,2024-10-22,0,BD-11620,334,116,1,248.98
7263,CA-2024-156363,2024-10-22,2024-10-28,6,ML-17395,1787,303,4,32.7
7264,CA-2024-156363,2024-10-22,2024-10-28,6,ML-17395,867,303,4,31.68
4516,US-2024-111920,2024-10-22,2024-10-26,4,PS-18970,538,120,4,36.44
4148,CA-2024-106068,2024-10-23,2024-10-28,5,RB-19330,656,128,4,9.762
4149,CA-2024-106068,2024-10-23,2024-10-28,5,RB-19330,1320,128,4,13.72
4150,CA-2024-106068,2024-10-23,2024-10-28,5,RB-19330,1625,128,4,55.2
4151,CA-2024-106068,2024-10-23,2024-10-28,5,RB-19330,1326,128,4,259.136
1261,CA-2024-117079,2024-10-23,2024-10-27,4,JR-15700,1883,343,4,863.88
8446,CA-2024-125451,2024-10-23,2024-10-24,1,AH-10075,372,308,2,240.744
8447,CA-2024-125451,2024-10-23,2024-10-24,1,AH-10075,199,308,2,35.0
8448,CA-2024-125451,2024-10-23,2024-10-24,1,AH-10075,184,308,2,210.68
8449,CA-2024-125451,2024-10-23,2024-10-24,1,AH-10075,378,308,2,637.896
8450,CA-2024-125451,2024-10-23,2024-10-24,1,AH-10075,1128,308,2,43.44
8451,CA-2024-125451,2024-10-23,2024-10-24,1,AH-10075,462,308,2,2.22
2893,CA-2024-139913,2024-10-23,2024-10-29,6,JC-16105,1235,268,4,11.56
2894,CA-2024-139913,2024-10-23,2024-10-29,6,JC-16105,1308,268,4,26.4
2895,CA-2024-139913,2024-10-23,2024-10-29,6,JC-16105,197,268,4,69.08
2896,CA-2024-139913,2024-10-23,2024-10-29,6,JC-16105,1774,268,4,35.88
3856,US-2024-105389,2024-10-23,2024-10-28,5,DM-13015,823,176,3,3.564
3857,US-2024-105389,2024-10-23,2024-10-28,5,DM-13015,1779,176,3,823.96
3858,US-2024-105389,2024-10-23,2024-10-28,5,DM-13015,570,176,3,10.272
8678,CA-2024-141705,2024-10-24,2024-10-26,2,PO-18850,361,163,2,517.405
9612,CA-2024-144365,2024-10-24,2024-10-30,6,CS-11950,941,394,4,11.68
9532,CA-2024-102729,2024-10-26,2024-10-31,5,BF-11215,1380,141,4,55.616
7332,CA-2024-115119,2024-10-26,2024-10-30,4,SC-20440,1749,301,4,61.542
7333,CA-2024-115119,2024-10-26,2024-10-30,4,SC-20440,806,301,4,81.438
87,CA-2024-155558,2024-10-26,2024-11-02,7,PG-18895,1550,95,4,19.99
88,CA-2024-155558,2024-10-26,2024-11-02,7,PG-18895,1002,95,4,6.16
6664,CA-2024-162173,2024-10-26,2024-11-01,6,OT-18730,377,447,4,356.85
6665,CA-2024-162173,2024-10-26,2024-11-01,6,OT-18730,907,447,4,251.58
8808,US-2024-110646,2024-10-26,2024-10-31,5,JF-15190,775,303,4,33.282
8809,US-2024-110646,2024-10-26,2024-10-31,5,JF-15190,1800,303,4,118.65
8810,US-2024-110646,2024-10-26,2024-10-31,5,JF-15190,1008,303,4,14.76
9240,CA-2024-110310,2024-10-27,2024-11-02,6,NB-18655,1056,365,4,56.784
9241,CA-2024-110310,2024-10-27,2024-11-02,6,NB-18655,689,365,4,5.607
9242,CA-2024-110310,2024-10-27,2024-11-02,6,NB-18655,623,365,4,6.576
3253,CA-2024-110373,2024-10-27,2024-10-30,3,MA-17560,615,8,3,7.056
3254,CA-2024-110373,2024-10-27,2024-10-30,3,MA-17560,1875,8,3,27.184
5673,CA-2024-127922,2024-10-27,2024-11-03,7,SH-19975,867,140,4,15.84
5674,CA-2024-127922,2024-10-27,2024-11-03,7,SH-19975,1239,140,4,8.448
4024,CA-2024-130764,2024-10-27,2024-10-28,1,JO-15145,30,529,2,556.665
4025,CA-2024-130764,2024-10-27,2024-10-28,1,JO-15145,1781,529,2,95.84
8477,CA-2024-134880,2024-10-27,2024-11-01,5,TW-21025,1141,454,4,44.784
7619,CA-2024-151225,2024-10-27,2024-10-29,2,JM-15655,357,496,2,189.576
7620,CA-2024-151225,2024-10-27,2024-10-29,2,JM-15655,1770,496,2,71.96
6495,CA-2024-111262,2024-10-28,2024-11-01,4,KH-16510,1503,156,3,24.0
6496,CA-2024-111262,2024-10-28,2024-11-01,4,KH-16510,1282,156,3,15.552
6497,CA-2024-111262,2024-10-28,2024-11-01,4,KH-16510,1524,156,3,26.176
4260,CA-2024-118367,2024-10-28,2024-11-02,5,LO-17170,894,265,3,47.98
7712,CA-2024-139353,2024-10-28,2024-10-30,2,JM-15250,158,403,3,77.952
7713,CA-2024-139353,2024-10-28,2024-10-30,2,JM-15250,1367,403,3,147.184
7714,CA-2024-139353,2024-10-28,2024-10-30,2,JM-15250,1200,403,3,47.952
8910,CA-2024-160661,2024-10-28,2024-11-01,4,SA-20830,1010,221,4,21.93
899,CA-2024-160983,2024-10-29,2024-10-31,2,GB-14530,1114,253,3,46.96
1707,CA-2024-123491,2024-10-30,2024-11-05,6,JK-15205,991,530,4,43.86
1708,CA-2024-123491,2024-10-30,2024-11-05,6,JK-15205,1766,530,4,148.48
1709,CA-2024-123491,2024-10-30,2024-11-05,6,JK-15205,1027,530,4,7.42
1710,CA-2024-123491,2024-10-30,2024-11-05,6,JK-15205,77,530,4,71.992
1711,CA-2024-123491,2024-10-30,2024-11-05,6,JK-15205,485,530,4,19.9
1712,CA-2024-123491,2024-10-30,2024-11-05,6,JK-15205,393,530,4,1702.12
1660,CA-2024-127285,2024-10-30,2024-11-06,7,MM-18055,775,625,4,88.752
1661,CA-2024-127285,2024-10-30,2024-11-06,7,MM-18055,717,625,4,13.904
1494,CA-2024-139661,2024-10-30,2024-11-03,4,JW-15220,276,627,4,9.64
2280,CA-2024-142622,2024-10-30,2024-11-02,3,JK-15625,116,625,2,97.568
2281,CA-2024-142622,2024-10-30,2024-11-02,3,JK-15625,84,625,2,614.272
2282,CA-2024-142622,2024-10-30,2024-11-02,3,JK-15625,5,625,2,199.98
3438,CA-2024-152583,2024-10-30,2024-10-30,0,RA-19945,170,141,1,16.192
3439,CA-2024-152583,2024-10-30,2024-10-30,0,RA-19945,342,141,1,251.006
3440,CA-2024-152583,2024-10-30,2024-10-30,0,RA-19945,1442,141,1,54.192
1742,CA-2024-152807,2024-10-30,2024-11-03,4,MC-18100,1306,304,4,20.736
1743,CA-2024-152807,2024-10-30,2024-11-03,4,MC-18100,299,304,4,7.168
1744,CA-2024-152807,2024-10-30,2024-11-03,4,MC-18100,1346,304,4,11.168
1745,CA-2024-152807,2024-10-30,2024-11-03,4,MC-18100,1493,304,4,442.4
3547,CA-2024-155292,2024-10-30,2024-11-01,2,RD-19810,1342,386,2,105.98
3548,CA-2024-155292,2024-10-30,2024-11-01,2,RD-19810,1444,386,2,35.06
3549,CA-2024-155292,2024-10-30,2024-11-01,2,RD-19810,115,386,2,33.94
3550,CA-2024-155292,2024-10-30,2024-11-01,2,RD-19810,1024,386,2,30.0
7827,CA-2024-117114,2024-10-31,2024-11-05,5,CY-12745,1754,8,4,508.768
7828,CA-2024-117114,2024-10-31,2024-11-05,5,CY-12745,860,8,4,9.912
6398,CA-2024-131632,2024-10-31,2024-11-04,4,AH-10120,603,141,4,5.248
8226,CA-2024-104136,2024-11-01,2024-11-04,3,SF-20065,1203,221,3,189.7
8227,CA-2024-104136,2024-11-01,2024-11-04,3,SF-20065,1153,221,3,40.99
2567,CA-2024-123967,2024-11-01,2024-11-03,2,SF-20200,765,611,3,25.12
2568,CA-2024-123967,2024-11-01,2024-11-03,2,SF-20200,366,611,3,2665.62
3275,CA-2024-116358,2024-11-02,2024-11-06,4,KM-16225,950,62,4,18.24
3276,CA-2024-116358,2024-11-02,2024-11-06,4,KM-16225,504,62,4,27.78
8399,CA-2024-120061,2024-11-02,2024-11-07,5,SR-20425,131,294,3,155.372
5503,CA-2024-127782,2024-11-02,2024-11-06,4,TH-21115,219,304,4,3.312
5504,CA-2024-127782,2024-11-02,2024-11-06,4,TH-21115,417,304,4,20.136
5505,CA-2024-127782,2024-11-02,2024-11-06,4,TH-21115,874,304,4,8.856
5506,CA-2024-127782,2024-11-02,2024-11-06,4,TH-21115,1882,304,4,859.2
6258,CA-2024-141425,2024-11-02,2024-11-06,4,AR-10825,1474,278,3,384.592
4880,CA-2024-143567,2024-11-02,2024-11-05,3,TB-21175,883,382,3,5.32
4881,CA-2024-143567,2024-11-02,2024-11-05,3,TB-21175,101,382,3,975.92
4882,CA-2024-143567,2024-11-02,2024-11-05,3,TB-21175,1547,382,3,2249.91
4883,CA-2024-143567,2024-11-02,2024-11-05,3,TB-21175,1424,382,3,59.92
2890,CA-2024-164049,2024-11-02,2024-11-06,4,KH-16630,1131,624,4,23.85
8020,CA-2024-167227,2024-11-02,2024-11-05,3,NP-18670,417,106,2,83.9
8021,CA-2024-167227,2024-11-02,2024-11-05,3,NP-18670,1034,106,2,11.76
5648,CA-2024-168179,2024-11-02,2024-11-07,5,JB-16000,1294,607,4,19.44
9083,CA-2024-169005,2024-11-02,2024-11-06,4,BG-11035,567,445,4,5.56
6823,US-2024-115609,2024-11-02,2024-11-07,5,CS-12505,432,497,4,168.1
7377,US-2024-145597,2024-11-02,2024-11-05,3,GG-14650,635,3,2,54.336
4585,US-2024-163790,2024-11-02,2024-11-04,2,NL-18310,912,475,3,76.58
4586,US-2024-163790,2024-11-02,2024-11-04,2,NL-18310,606,475,3,8.8
4587,US-2024-163790,2024-11-02,2024-11-04,2,NL-18310,768,475,3,590.352
4588,US-2024-163790,2024-11-02,2024-11-04,2,NL-18310,954,475,3,5.58
4589,US-2024-163790,2024-11-02,2024-11-04,2,NL-18310,191,475,3,25.02
4590,US-2024-163790,2024-11-02,2024-11-04,2,NL-18310,1414,475,3,452.55
8821,CA-2024-100622,2024-11-03,2024-11-07,4,DK-13090,1629,354,4,959.984
8822,CA-2024-100622,2024-11-03,2024-11-07,4,DK-13090,701,354,4,4.086
8823,CA-2024-100622,2024-11-03,2024-11-07,4,DK-13090,550,354,4,55.984
8824,CA-2024-100622,2024-11-03,2024-11-07,4,DK-13090,1186,354,4,10.688
5424,CA-2024-103009,2024-11-03,2024-11-05,2,PJ-18835,1229,386,3,26.4
4264,CA-2024-110429,2024-11-03,2024-11-08,5,DM-13015,798,305,4,11.673
2907,CA-2024-121615,2024-11-03,2024-11-09,6,DL-12925,1238,90,4,8.56
2908,CA-2024-121615,2024-11-03,2024-11-09,6,DL-12925,1421,90,4,52.4
2909,CA-2024-121615,2024-11-03,2024-11-09,6,DL-12925,1004,90,4,14.94
762,CA-2024-126046,2024-11-03,2024-11-07,4,JC-16105,963,370,4,12.39
8048,CA-2024-130834,2024-11-03,2024-11-06,3,JM-16195,1106,413,3,16.272
8305,CA-2024-135419,2024-11-03,2024-11-09,6,BG-11740,381,465,4,486.368
415,CA-2024-142636,2024-11-03,2024-11-07,4,KC-16675,1171,624,4,139.86
416,CA-2024-142636,2024-11-03,2024-11-07,4,KC-16675,62,624,4,307.136
2803,CA-2024-143329,2024-11-03,2024-11-08,5,DL-13330,146,587,4,41.37
5700,CA-2024-148320,2024-11-03,2024-11-08,5,PG-18895,1261,528,4,35.88
326,CA-2024-153339,2024-11-03,2024-11-05,2,DJ-13510,303,433,3,15.992
6352,CA-2024-161130,2024-11-03,2024-11-08,5,BF-11275,1842,350,4,361.376
7716,US-2024-101518,2024-11-03,2024-11-08,5,PB-19105,1568,304,4,40.776
7997,US-2024-105998,2024-11-03,2024-11-05,2,CR-12580,1587,526,2,199.75
7998,US-2024-105998,2024-11-03,2024-11-05,2,CR-12580,358,526,2,1673.184
5249,US-2024-110989,2024-11-03,2024-11-05,2,EJ-14155,1495,624,3,43.5
8294,US-2024-168802,2024-11-03,2024-11-07,4,JO-15145,705,623,4,18.368
8911,CA-2024-102610,2024-11-04,2024-11-08,4,CA-12265,1537,423,4,95.976
8912,CA-2024-102610,2024-11-04,2024-11-08,4,CA-12265,1891,423,4,143.928
8913,CA-2024-102610,2024-11-04,2024-11-08,4,CA-12265,823,423,4,3.564
8914,CA-2024-102610,2024-11-04,2024-11-08,4,CA-12265,969,423,4,4.928
1411,CA-2024-105144,2024-11-04,2024-11-11,7,SZ-20035,957,149,4,23.68
9224,CA-2024-121160,2024-11-04,2024-11-04,0,FM-14290,765,133,1,7.536
9225,CA-2024-121160,2024-11-04,2024-11-04,0,FM-14290,818,133,1,1.408
9226,CA-2024-121160,2024-11-04,2024-11-04,0,FM-14290,847,133,1,4.144
9227,CA-2024-121160,2024-11-04,2024-11-04,0,FM-14290,1396,133,1,52.752
3799,CA-2024-147760,2024-11-04,2024-11-05,1,KL-16555,364,406,2,523.764
3800,CA-2024-147760,2024-11-04,2024-11-05,1,KL-16555,1805,406,2,1359.96
9761,CA-2024-159135,2024-11-04,2024-11-08,4,KM-16375,506,329,4,4.3
9606,US-2024-122672,2024-11-04,2024-11-09,5,HG-14965,1609,287,4,70.72
9607,US-2024-122672,2024-11-04,2024-11-09,5,HG-14965,1326,287,4,194.352
838,US-2024-156083,2024-11-04,2024-11-11,7,JL-15175,1036,425,4,9.664
684,US-2024-168116,2024-11-04,2024-11-04,0,GT-14635,1657,397,1,7999.98
685,US-2024-168116,2024-11-04,2024-11-04,0,GT-14635,428,397,1,167.44
9467,CA-2024-102925,2024-11-05,2024-11-10,5,CD-12280,757,264,3,164.688
9468,CA-2024-102925,2024-11-05,2024-11-10,5,CD-12280,331,264,3,166.5
9469,CA-2024-102925,2024-11-05,2024-11-10,5,CD-12280,1274,264,3,12.96
9470,CA-2024-102925,2024-11-05,2024-11-10,5,CD-12280,1060,264,3,110.96
9471,CA-2024-102925,2024-11-05,2024-11-10,5,CD-12280,1722,264,3,99.98
9472,CA-2024-102925,2024-11-05,2024-11-10,5,CD-12280,696,264,3,11.424
9473,CA-2024-102925,2024-11-05,2024-11-10,5,CD-12280,92,264,3,128.124
9474,CA-2024-102925,2024-11-05,2024-11-10,5,CD-12280,156,264,3,101.4
3462,CA-2024-114258,2024-11-05,2024-11-10,5,EM-13825,1810,140,3,492.768
2308,CA-2024-116225,2024-11-05,2024-11-09,4,SV-20935,1491,262,4,390.75
9498,CA-2024-118213,2024-11-05,2024-11-07,2,AB-10060,1040,39,2,4.41
9499,CA-2024-118213,2024-11-05,2024-11-07,2,AB-10060,1055,39,2,167.94
9500,CA-2024-118213,2024-11-05,2024-11-07,2,AB-10060,1106,39,2,67.8
3349,CA-2024-154732,2024-11-05,2024-11-07,2,AH-10195,698,9,2,16.03
7490,CA-2024-157196,2024-11-05,2024-11-09,4,AA-10645,1265,527,4,12.96
127,US-2024-107272,2024-11-05,2024-11-12,7,TS-21610,682,456,4,2.388
128,US-2024-107272,2024-11-05,2024-11-12,7,TS-21610,1440,456,4,243.992
938,US-2024-111745,2024-11-05,2024-11-06,1,RA-19885,1589,586,2,159.99
1229,CA-2024-100013,2024-11-06,2024-11-11,5,ZC-21910,865,498,4,15.28
1230,CA-2024-100013,2024-11-06,2024-11-11,5,ZC-21910,182,498,4,8.73
1231,CA-2024-100013,2024-11-06,2024-11-11,5,ZC-21910,624,498,4,5.68
8966,CA-2024-106691,2024-11-06,2024-11-12,6,CC-12370,859,155,4,1.248
8169,CA-2024-107174,2024-11-06,2024-11-13,7,AB-10060,364,624,4,2036.86
8170,CA-2024-107174,2024-11-06,2024-11-13,7,AB-10060,95,624,4,449.568
8171,CA-2024-107174,2024-11-06,2024-11-13,7,AB-10060,1606,624,4,108.96
198,CA-2024-107720,2024-11-06,2024-11-13,7,VM-21685,1333,252,4,46.26
3046,CA-2024-125290,2024-11-06,2024-11-10,4,CC-12430,590,93,3,13.9
3047,CA-2024-125290,2024-11-06,2024-11-10,4,CC-12430,1058,93,3,26.38
7099,CA-2024-144596,2024-11-06,2024-11-10,4,CD-11980,1167,263,4,318.96
9482,CA-2024-150504,2024-11-06,2024-11-12,6,HG-14845,1411,142,4,18.16
3675,CA-2024-154109,2024-11-06,2024-11-11,5,ML-17410,89,305,4,127.372
3676,CA-2024-154109,2024-11-06,2024-11-11,5,ML-17410,1171,305,4,47.952
419,CA-2024-154816,2024-11-06,2024-11-10,4,VB-21745,1255,386,4,5.78
2969,CA-2024-167941,2024-11-06,2024-11-09,3,JF-15565,384,403,3,499.584
2970,CA-2024-167941,2024-11-06,2024-11-09,3,JF-15565,1294,403,3,31.104
2971,CA-2024-167941,2024-11-06,2024-11-09,3,JF-15565,679,403,3,13.272
2972,CA-2024-167941,2024-11-06,2024-11-09,3,JF-15565,236,403,3,28.272
2973,CA-2024-167941,2024-11-06,2024-11-09,3,JF-15565,1327,403,3,259.136
96,US-2024-109484,2024-11-06,2024-11-12,6,RB-19705,733,594,4,5.682
8621,US-2024-119319,2024-11-06,2024-11-09,3,LC-17050,268,141,3,30.56
5903,US-2024-153948,2024-11-06,2024-11-06,0,FM-14290,1171,530,1,59.94
5904,US-2024-153948,2024-11-06,2024-11-06,0,FM-14290,1057,530,1,45.36
5905,US-2024-153948,2024-11-06,2024-11-06,0,FM-14290,1045,530,1,26.4
5906,US-2024-153948,2024-11-06,2024-11-06,0,FM-14290,994,530,1,41.4
5907,US-2024-153948,2024-11-06,2024-11-06,0,FM-14290,1518,530,1,16.95
9370,CA-2024-113460,2024-11-07,2024-11-09,2,KN-16390,72,212,3,272.97
8331,CA-2024-113572,2024-11-07,2024-11-11,4,FP-14320,1563,264,4,7.88
2074,CA-2024-122504,2024-11-07,2024-11-12,5,DB-13270,1482,466,3,59.97
2075,CA-2024-122504,2024-11-07,2024-11-12,5,DB-13270,1832,466,3,761.544
4779,CA-2024-132346,2024-11-07,2024-11-11,4,PK-19075,447,206,4,100.94
2726,CA-2024-149888,2024-11-07,2024-11-13,6,EP-13915,1780,302,4,359.97
2727,CA-2024-149888,2024-11-07,2024-11-13,6,EP-13915,338,302,4,350.352
3559,CA-2024-152737,2024-11-07,2024-11-12,5,TS-21505,701,530,4,21.792
3560,CA-2024-152737,2024-11-07,2024-11-12,5,TS-21505,1594,530,4,439.8
9493,CA-2024-163188,2024-11-07,2024-11-07,0,EC-14050,824,119,1,38.16
8093,CA-2024-143658,2024-11-08,2024-11-13,5,SR-20425,609,265,3,109.9
8432,CA-2024-155621,2024-11-08,2024-11-13,5,KN-16450,267,211,4,274.2
7036,CA-2024-119494,2024-11-09,2024-11-13,4,JE-15610,114,527,4,523.392
3182,CA-2024-152912,2024-11-09,2024-11-12,3,BM-11650,854,213,3,9.64
3183,CA-2024-152912,2024-11-09,2024-11-12,3,BM-11650,1567,213,3,826.62
3184,CA-2024-152912,2024-11-09,2024-11-12,3,BM-11650,1316,213,3,1633.14
3185,CA-2024-152912,2024-11-09,2024-11-12,3,BM-11650,1316,213,3,544.38
2122,CA-2024-158246,2024-11-09,2024-11-11,2,JB-15400,77,540,2,215.976
2420,CA-2024-159597,2024-11-09,2024-11-14,5,MC-17590,1408,472,4,63.56
2421,CA-2024-159597,2024-11-09,2024-11-14,5,MC-17590,1598,472,4,99.99
8594,CA-2024-159667,2024-11-09,2024-11-13,4,PM-19135,1532,343,4,191.976
8595,CA-2024-159667,2024-11-09,2024-11-13,4,PM-19135,1803,343,4,499.168
97,CA-2024-161018,2024-11-09,2024-11-11,2,PN-18775,146,262,3,96.53
4611,US-2024-141852,2024-11-09,2024-11-14,5,JE-15745,228,508,4,47.12
3218,CA-2024-104640,2024-11-10,2024-11-16,6,FH-14275,729,264,4,931.176
3219,CA-2024-104640,2024-11-10,2024-11-16,6,FH-14275,1718,264,4,430.88
8530,CA-2024-137624,2024-11-10,2024-11-17,7,ME-17320,74,495,4,241.424
7352,CA-2024-141138,2024-11-10,2024-11-16,6,GH-14425,1576,502,4,111.79
6415,CA-2024-142671,2024-11-10,2024-11-14,4,DR-12940,774,341,3,11.52
3317,CA-2024-161739,2024-11-10,2024-11-15,5,EB-13750,306,174,3,341.96
6962,CA-2024-162096,2024-11-10,2024-11-10,0,TB-21190,483,519,1,7.8
5391,CA-2024-163874,2024-11-10,2024-11-12,2,NC-18535,745,624,3,26.352
7326,US-2024-128447,2024-11-10,2024-11-17,7,MC-17845,427,620,4,400.8
7327,US-2024-128447,2024-11-10,2024-11-17,7,MC-17845,773,620,4,28.792
1364,US-2024-155425,2024-11-10,2024-11-11,1,AB-10600,710,460,2,38.388
1365,US-2024-155425,2024-11-10,2024-11-11,1,AB-10600,1658,460,2,95.994
1366,US-2024-155425,2024-11-10,2024-11-11,1,AB-10600,1487,460,2,239.952
1367,US-2024-155425,2024-11-10,2024-11-11,1,AB-10600,1719,460,2,201.584
1368,US-2024-155425,2024-11-10,2024-11-11,1,AB-10600,95,460,2,899.136
2836,CA-2024-110842,2024-11-11,2024-11-16,5,GA-14725,401,497,4,10.89
2837,CA-2024-110842,2024-11-11,2024-11-16,5,GA-14725,1273,497,4,19.44
2838,CA-2024-110842,2024-11-11,2024-11-16,5,GA-14725,787,497,4,121.6
7449,CA-2024-115448,2024-11-11,2024-11-14,3,MH-18025,241,430,2,88.92
4227,CA-2024-120327,2024-11-11,2024-11-16,5,WB-21850,956,57,4,45.92
5079,CA-2024-143217,2024-11-11,2024-11-17,6,CG-12040,812,189,4,18.24
2775,CA-2024-143455,2024-11-11,2024-11-18,7,ML-17755,1296,294,4,10.368
7468,CA-2024-148985,2024-11-11,2024-11-15,4,TB-21190,182,498,3,34.92
901,CA-2024-150959,2024-11-11,2024-11-13,2,TD-20995,1018,148,2,10.44
902,CA-2024-150959,2024-11-11,2024-11-13,2,TD-20995,723,148,2,18.336
5117,CA-2024-154137,2024-11-11,2024-11-17,6,MT-17815,1325,262,4,35.48
3175,CA-2024-157483,2024-11-11,2024-11-18,7,EP-13915,516,69,4,181.86
6989,CA-2024-158561,2024-11-11,2024-11-16,5,BB-11545,465,339,3,1158.12
9261,CA-2024-167976,2024-11-11,2024-11-14,3,JL-15505,1461,121,3,25.5
8997,US-2024-116491,2024-11-11,2024-11-13,2,PG-18820,1815,140,2,35.184
3472,CA-2024-122644,2024-11-12,2024-11-17,5,SF-20965,1106,278,4,10.848
3473,CA-2024-122644,2024-11-12,2024-11-17,5,SF-20965,1621,278,4,18.544
1500,CA-2024-130386,2024-11-12,2024-11-18,6,NG-18430,1130,128,4,16.056
1501,CA-2024-130386,2024-11-12,2024-11-18,6,NG-18430,1236,128,4,223.056
1502,CA-2024-130386,2024-11-12,2024-11-18,6,NG-18430,1432,128,4,540.048
2950,CA-2024-134915,2024-11-12,2024-11-12,0,EM-14140,1575,453,1,41.6
2951,CA-2024-134915,2024-11-12,2024-11-12,0,EM-14140,1245,453,1,23.12
2952,CA-2024-134915,2024-11-12,2024-11-12,0,EM-14140,92,453,1,113.888
2953,CA-2024-134915,2024-11-12,2024-11-12,0,EM-14140,315,453,1,113.568
2954,CA-2024-134915,2024-11-12,2024-11-12,0,EM-14140,1757,453,1,7.92
2955,CA-2024-134915,2024-11-12,2024-11-12,0,EM-14140,1859,453,1,671.984
506,CA-2024-134978,2024-11-12,2024-11-15,3,EB-13705,682,264,3,15.92
6213,CA-2024-149944,2024-11-12,2024-11-16,4,MB-17305,950,617,3,18.24
6214,CA-2024-149944,2024-11-12,2024-11-16,4,MB-17305,440,617,3,76.12
7769,CA-2024-154088,2024-11-12,2024-11-17,5,LB-16735,1234,365,4,26.72
237,CA-2024-160514,2024-11-12,2024-11-16,4,DB-13120,1308,537,4,10.56
3135,CA-2024-164168,2024-11-12,2024-11-18,6,LS-16975,826,140,4,30.56
3136,CA-2024-164168,2024-11-12,2024-11-18,6,LS-16975,1356,140,4,77.952
3137,CA-2024-164168,2024-11-12,2024-11-18,6,LS-16975,1825,140,4,67.992
3138,CA-2024-164168,2024-11-12,2024-11-18,6,LS-16975,865,140,4,12.224
3139,CA-2024-164168,2024-11-12,2024-11-18,6,LS-16975,1566,140,4,44.784
3140,CA-2024-164168,2024-11-12,2024-11-18,6,LS-16975,212,140,4,22.848
4741,CA-2024-164364,2024-11-12,2024-11-16,4,CS-12355,971,625,4,9.96
4742,CA-2024-164364,2024-11-12,2024-11-16,4,CS-12355,541,625,4,9.21
4743,CA-2024-164364,2024-11-12,2024-11-16,4,CS-12355,1449,625,4,27.93
9720,CA-2024-166835,2024-11-12,2024-11-14,2,DK-13375,1401,301,3,221.024
1866,US-2024-116659,2024-11-12,2024-11-12,0,NG-18355,1779,292,1,370.782
9639,US-2024-125808,2024-11-12,2024-11-15,3,EP-13915,1159,496,3,11.56
8429,US-2024-132220,2024-11-12,2024-11-16,4,DJ-13510,1608,459,4,62.352
4827,US-2024-136707,2024-11-12,2024-11-15,3,JE-15610,651,497,2,14.016
7758,CA-2024-112844,2024-11-13,2024-11-16,3,SP-20620,1787,254,3,43.6
7759,CA-2024-112844,2024-11-13,2024-11-16,3,SP-20620,186,254,3,154.95
5805,CA-2024-113873,2024-11-13,2024-11-19,6,KE-16420,1345,142,4,61.792
5806,CA-2024-113873,2024-11-13,2024-11-19,6,KE-16420,15,142,4,205.9992
4866,CA-2024-122490,2024-11-13,2024-11-18,5,TT-21070,86,623,4,2404.704
4867,CA-2024-122490,2024-11-13,2024-11-18,5,TT-21070,740,623,4,563.024
4868,CA-2024-122490,2024-11-13,2024-11-18,5,TT-21070,1415,623,4,344.91
4869,CA-2024-122490,2024-11-13,2024-11-18,5,TT-21070,1014,623,4,8.64
8612,CA-2024-123624,2024-11-13,2024-11-17,4,SE-20110,1510,510,3,82.95
8320,CA-2024-133620,2024-11-13,2024-11-18,5,EM-14065,1386,262,4,11.21
6747,CA-2024-159156,2024-11-13,2024-11-16,3,KB-16600,1808,262,2,629.95
3700,CA-2024-160416,2024-11-13,2024-11-18,5,AD-10180,1513,273,3,163.96
3783,CA-2024-165204,2024-11-13,2024-11-16,3,MN-17935,1027,432,3,8.904
3784,CA-2024-165204,2024-11-13,2024-11-16,3,MN-17935,1432,432,3,720.064
8554,US-2024-102904,2024-11-13,2024-11-20,7,CB-12025,1483,315,4,239.92
85,US-2024-119662,2024-11-13,2024-11-16,3,CS-12400,1405,9,2,230.376
1551,US-2024-124926,2024-11-13,2024-11-18,5,ME-17320,459,156,3,9.324
9672,US-2024-140312,2024-11-13,2024-11-19,6,KL-16645,1867,477,4,22.0
5441,US-2024-153633,2024-11-13,2024-11-18,5,TC-21295,532,344,3,2.064
2628,US-2024-165344,2024-11-13,2024-11-15,2,SB-20290,1604,294,2,60.864
2629,US-2024-165344,2024-11-13,2024-11-15,2,SB-20290,1660,294,2,652.995
2630,US-2024-165344,2024-11-13,2024-11-15,2,SB-20290,669,294,2,11.22
1073,CA-2024-106943,2024-11-14,2024-11-19,5,FO-14305,648,265,4,8.64
9732,CA-2024-124261,2024-11-14,2024-11-19,5,JE-15715,599,499,4,34.24
8686,CA-2024-137323,2024-11-14,2024-11-18,4,PW-19030,1377,272,3,96.36
615,CA-2024-138611,2024-11-14,2024-11-17,3,CK-12595,1848,283,3,119.94
616,CA-2024-138611,2024-11-14,2024-11-17,3,CK-12595,812,283,3,3.648
8875,CA-2024-142489,2024-11-14,2024-11-16,2,TC-21295,851,156,3,21.99
961,CA-2024-152142,2024-11-14,2024-11-19,5,LW-16990,76,529,4,321.568
9218,US-2024-118157,2024-11-14,2024-11-17,3,AW-10930,896,93,2,15.28
5190,US-2024-136679,2024-11-14,2024-11-18,4,XP-21865,1619,168,4,167.952
5191,US-2024-136679,2024-11-14,2024-11-18,4,XP-21865,520,168,4,45.04
4075,CA-2024-108112,2024-11-15,2024-11-20,5,DK-12895,263,352,4,220.064
4076,CA-2024-108112,2024-11-15,2024-11-20,5,DK-12895,305,352,4,339.136
4172,CA-2024-100601,2024-11-16,2024-11-20,4,JK-15370,1346,482,4,48.86
4776,CA-2024-108091,2024-11-16,2024-11-21,5,EK-13795,578,480,4,23.36
8716,CA-2024-121678,2024-11-16,2024-11-20,4,BM-11650,812,281,3,1.824
7589,CA-2024-122945,2024-11-16,2024-11-22,6,MB-18085,167,520,4,17.31
3299,CA-2024-136308,2024-11-16,2024-11-16,0,MW-18235,1645,530,1,1919.976
2874,CA-2024-137022,2024-11-16,2024-11-22,6,SW-20275,1436,527,4,811.28
9666,CA-2024-157448,2024-11-16,2024-11-20,4,LC-16885,224,499,4,119.94
9667,CA-2024-157448,2024-11-16,2024-11-20,4,LC-16885,219,499,4,12.42
9618,CA-2024-160633,2024-11-16,2024-11-21,5,BS-11380,1637,275,4,899.982
9619,CA-2024-160633,2024-11-16,2024-11-21,5,BS-11380,611,275,4,86.352
9620,CA-2024-160633,2024-11-16,2024-11-21,5,BS-11380,1538,275,4,139.96
6541,US-2024-107888,2024-11-16,2024-11-19,3,CC-12220,1197,623,2,73.68
6542,US-2024-107888,2024-11-16,2024-11-19,3,CC-12220,304,623,2,139.92
6543,US-2024-107888,2024-11-16,2024-11-19,3,CC-12220,1835,623,2,107.88
6544,US-2024-107888,2024-11-16,2024-11-19,3,CC-12220,1351,623,2,33.29
5269,US-2024-114657,2024-11-16,2024-11-21,5,MH-18115,1665,273,4,52.44
7492,US-2024-118598,2024-11-16,2024-11-16,0,CM-12190,1890,271,1,119.94
2139,US-2024-157896,2024-11-16,2024-11-16,0,CB-12415,1116,262,1,146.82
7756,CA-2024-100902,2024-11-17,2024-11-21,4,CK-12595,1202,400,4,268.24
7757,CA-2024-100902,2024-11-17,2024-11-21,4,CK-12595,1596,400,4,431.16
7120,CA-2024-118122,2024-11-17,2024-11-24,7,GG-14650,716,623,4,13.904
3024,CA-2024-124674,2024-11-17,2024-11-23,6,JB-16000,1,132,4,327.7328
6505,CA-2024-128265,2024-11-17,2024-11-22,5,VW-21775,1335,263,3,1247.64
2846,CA-2024-138163,2024-11-17,2024-11-20,3,XP-21865,635,221,2,50.94
5038,CA-2024-141719,2024-11-17,2024-11-21,4,EG-13900,1549,20,3,239.96
7318,CA-2024-158120,2024-11-17,2024-11-21,4,KH-16330,1135,592,4,19.608
7319,CA-2024-158120,2024-11-17,2024-11-21,4,KH-16330,699,592,4,4.158
2287,CA-2024-165687,2024-11-17,2024-11-23,6,CS-12355,415,444,4,35.04
4191,CA-2024-166709,2024-11-17,2024-11-22,5,HL-15040,1635,206,4,10499.97
9294,US-2024-116505,2024-11-17,2024-11-21,4,TB-21625,671,215,3,43.8
8191,US-2024-155866,2024-11-17,2024-11-21,4,CC-12370,1166,263,4,38.88
8192,US-2024-155866,2024-11-17,2024-11-21,4,CC-12370,261,263,4,187.76
7962,CA-2024-104864,2024-11-18,2024-11-23,5,JS-15685,1431,352,3,81.36
7963,CA-2024-104864,2024-11-18,2024-11-23,5,JS-15685,788,352,3,20.232
7964,CA-2024-104864,2024-11-18,2024-11-23,5,JS-15685,393,352,3,389.056
7965,CA-2024-104864,2024-11-18,2024-11-23,5,JS-15685,1295,352,3,20.736
7966,CA-2024-104864,2024-11-18,2024-11-23,5,JS-15685,1284,352,3,41.472
5750,CA-2024-104913,2024-11-18,2024-11-22,4,DK-13090,1734,259,4,74.95
9006,CA-2024-107825,2024-11-18,2024-11-18,0,NB-18655,1334,189,1,92.52
9007,CA-2024-107825,2024-11-18,2024-11-18,0,NB-18655,1330,189,1,37.76
9008,CA-2024-107825,2024-11-18,2024-11-18,0,NB-18655,975,189,1,7.38
9009,CA-2024-107825,2024-11-18,2024-11-18,0,NB-18655,253,189,1,5.82
2930,CA-2024-143434,2024-11-18,2024-11-24,6,ME-17320,155,82,4,19.76
8110,CA-2024-160122,2024-11-18,2024-11-23,5,RD-19930,889,9,4,55.584
8111,CA-2024-160122,2024-11-18,2024-11-23,5,RD-19930,72,9,4,127.386
3946,CA-2024-167871,2024-11-18,2024-11-23,5,AF-10870,1204,342,4,44.384
3947,CA-2024-167871,2024-11-18,2024-11-23,5,AF-10870,1478,342,4,2.944
1653,US-2024-132444,2024-11-18,2024-11-21,3,CD-12280,1344,624,2,169.68
1654,US-2024-132444,2024-11-18,2024-11-21,3,CD-12280,1499,624,2,132.52
1655,US-2024-132444,2024-11-18,2024-11-21,3,CD-12280,929,624,2,2.96
1656,US-2024-132444,2024-11-18,2024-11-21,3,CD-12280,834,624,2,8.448
1657,US-2024-132444,2024-11-18,2024-11-21,3,CD-12280,1350,624,2,95.94
2044,US-2024-158946,2024-11-18,2024-11-23,5,JW-15220,499,286,4,38.864
2552,CA-2024-101042,2024-11-19,2024-11-23,4,AB-10105,144,382,4,821.88
2553,CA-2024-101042,2024-11-19,2024-11-23,4,AB-10105,745,382,4,21.96
4138,CA-2024-110926,2024-11-19,2024-11-23,4,DD-13570,933,436,4,25.06
3615,CA-2024-112529,2024-11-19,2024-11-21,2,SC-20770,351,176,2,718.116
3616,CA-2024-112529,2024-11-19,2024-11-21,2,SC-20770,613,176,2,31.776
1479,CA-2024-121468,2024-11-19,2024-11-20,1,KD-16345,1876,547,2,31.968
2944,CA-2024-126242,2024-11-19,2024-11-24,5,MC-18100,1366,499,4,305.01
2945,CA-2024-126242,2024-11-19,2024-11-24,5,MC-18100,239,499,4,18.7
5309,CA-2024-131254,2024-11-19,2024-11-21,2,NC-18415,89,156,2,191.058
5310,CA-2024-131254,2024-11-19,2024-11-21,2,NC-18415,492,156,2,13.04
5311,CA-2024-131254,2024-11-19,2024-11-21,2,NC-18415,730,156,2,1525.188
6950,CA-2024-143021,2024-11-19,2024-11-19,0,AP-10720,653,263,1,58.408
6951,CA-2024-143021,2024-11-19,2024-11-19,0,AP-10720,365,263,1,79.974
5925,CA-2024-146458,2024-11-19,2024-11-22,3,RB-19435,601,445,3,22.96
1598,CA-2024-158876,2024-11-19,2024-11-21,2,AB-10150,1163,134,3,16.896
1599,CA-2024-158876,2024-11-19,2024-11-21,2,AB-10150,1448,134,3,6.672
1600,CA-2024-158876,2024-11-19,2024-11-21,2,AB-10150,525,134,3,99.136
1601,CA-2024-158876,2024-11-19,2024-11-21,2,AB-10150,303,134,3,15.992
547,CA-2024-162929,2024-11-19,2024-11-22,3,AS-10135,697,265,2,41.28
548,CA-2024-162929,2024-11-19,2024-11-22,3,AS-10135,1158,265,2,13.36
3443,CA-2024-168858,2024-11-19,2024-11-23,4,JD-16150,899,263,4,16.74
3444,CA-2024-168858,2024-11-19,2024-11-23,4,JD-16150,464,263,4,2504.74
5594,US-2024-108014,2024-11-19,2024-11-25,6,JH-15430,797,277,4,59.913
2172,US-2024-137491,2024-11-19,2024-11-25,6,LC-16930,114,175,4,305.312
2151,US-2024-139969,2024-11-19,2024-11-26,7,AF-10870,131,136,4,233.058
304,US-2024-152380,2024-11-19,2024-11-23,4,JH-15910,328,9,4,219.075
4753,CA-2024-103499,2024-11-20,2024-11-24,4,ES-14020,126,428,4,209.568
4389,CA-2024-111556,2024-11-20,2024-11-22,2,CD-11920,1234,265,2,46.76
4390,CA-2024-111556,2024-11-20,2024-11-22,2,CD-11920,43,265,2,183.968
4391,CA-2024-111556,2024-11-20,2024-11-22,2,CD-11920,1859,265,2,1259.97
4392,CA-2024-111556,2024-11-20,2024-11-22,2,CD-11920,523,265,2,68.97
560,CA-2024-118731,2024-11-20,2024-11-22,2,LP-17080,157,529,3,42.6
561,CA-2024-118731,2024-11-20,2024-11-22,2,LP-17080,756,529,3,84.056
7927,CA-2024-120404,2024-11-20,2024-11-24,4,KH-16330,1556,265,3,2.97
7928,CA-2024-120404,2024-11-20,2024-11-24,4,KH-16330,1727,265,3,569.99
7929,CA-2024-120404,2024-11-20,2024-11-24,4,KH-16330,317,265,3,50.97
1039,CA-2024-121818,2024-11-20,2024-11-21,1,JH-15430,587,397,2,23.968
1040,CA-2024-121818,2024-11-20,2024-11-21,1,JH-15430,643,397,2,28.728
2782,CA-2024-146724,2024-11-20,2024-11-27,7,HG-15025,634,91,4,22.0
4841,CA-2024-154123,2024-11-20,2024-11-25,5,SC-20050,146,382,4,27.58
2072,US-2024-110996,2024-11-20,2024-11-25,5,KA-16525,117,509,4,283.92
1813,US-2024-161193,2024-11-20,2024-11-26,6,BT-11680,248,292,4,77.6
1814,US-2024-161193,2024-11-20,2024-11-26,6,BT-11680,253,292,4,4.656
4011,CA-2024-100811,2024-11-21,2024-11-24,3,CC-12475,1239,305,2,8.448
4012,CA-2024-100811,2024-11-21,2024-11-24,3,CC-12475,1393,305,2,39.296
2243,CA-2024-103380,2024-11-21,2024-11-25,4,BF-11005,1344,511,4,56.56
2244,CA-2024-103380,2024-11-21,2024-11-25,4,BF-11005,596,511,4,5.56
2245,CA-2024-103380,2024-11-21,2024-11-25,4,BF-11005,923,511,4,9.02
2246,CA-2024-103380,2024-11-21,2024-11-25,4,BF-11005,394,511,4,8.62
2247,CA-2024-103380,2024-11-21,2024-11-25,4,BF-11005,1798,511,4,659.976
6147,CA-2024-105130,2024-11-21,2024-11-25,4,PJ-18835,583,530,4,11.76
6148,CA-2024-105130,2024-11-21,2024-11-25,4,PJ-18835,709,530,4,40.736
2213,CA-2024-107874,2024-11-21,2024-11-25,4,SW-20275,267,265,4,27.42
6363,CA-2024-110443,2024-11-21,2024-11-25,4,CK-12205,833,622,4,150.8
6364,CA-2024-110443,2024-11-21,2024-11-25,4,CK-12205,1642,622,4,1039.992
6365,CA-2024-110443,2024-11-21,2024-11-25,4,CK-12205,1281,622,4,51.84
1874,CA-2024-142888,2024-11-21,2024-11-25,4,BP-11230,383,626,4,70.98
9039,CA-2024-157420,2024-11-21,2024-11-21,0,HZ-14950,1802,156,1,55.176
3723,CA-2024-144036,2024-11-22,2024-11-26,4,FO-14305,563,155,4,35.712
3381,CA-2024-103156,2024-11-23,2024-11-24,1,TD-20995,289,302,2,24.048
3554,CA-2024-107832,2024-11-23,2024-11-26,3,FH-14275,767,302,3,7.476
107,CA-2024-119004,2024-11-23,2024-11-28,5,JM-15250,1580,400,4,74.112
108,CA-2024-119004,2024-11-23,2024-11-28,5,JM-15250,1874,400,4,27.992
109,CA-2024-119004,2024-11-23,2024-11-28,5,JM-15250,605,400,4,3.304
4773,CA-2024-119746,2024-11-23,2024-11-27,4,CM-12385,160,8,4,6.464
4774,CA-2024-119746,2024-11-23,2024-11-27,4,CM-12385,1014,8,4,11.52
4775,CA-2024-119746,2024-11-23,2024-11-27,4,CM-12385,1878,8,4,222.384
8801,CA-2024-148992,2024-11-23,2024-11-27,4,CS-12250,1225,9,4,10.688
426,CA-2024-149160,2024-11-23,2024-11-26,3,JM-15265,157,65,3,28.4
427,CA-2024-149160,2024-11-23,2024-11-26,3,JM-15265,773,65,3,287.92
8975,CA-2024-156622,2024-11-23,2024-11-26,3,JP-15460,1293,142,2,36.288
8976,CA-2024-156622,2024-11-23,2024-11-26,3,JP-15460,1207,142,2,78.304
8977,CA-2024-156622,2024-11-23,2024-11-26,3,JP-15460,376,142,2,127.785
8978,CA-2024-156622,2024-11-23,2024-11-26,3,JP-15460,670,142,2,6.104
6303,CA-2024-166919,2024-11-23,2024-11-27,4,AH-10210,1823,142,4,195.96
8428,CA-2024-167017,2024-11-23,2024-11-25,2,DC-12850,1479,80,2,4.36
554,CA-2024-101945,2024-11-24,2024-11-28,4,GT-14710,923,155,4,10.824
9217,CA-2024-103765,2024-11-24,2024-11-30,6,JG-15310,450,167,4,13.762
8117,CA-2024-105543,2024-11-24,2024-11-24,0,BG-11695,1351,59,1,33.29
4765,CA-2024-123701,2024-11-24,2024-11-27,3,PG-18820,499,529,2,27.76
2593,CA-2024-128300,2024-11-24,2024-11-26,2,RS-19765,1800,420,3,79.1
2594,CA-2024-128300,2024-11-24,2024-11-26,2,RS-19765,850,420,3,327.84
4870,CA-2024-131366,2024-11-24,2024-11-29,5,SC-20440,1737,301,4,89.988
4871,CA-2024-131366,2024-11-24,2024-11-29,5,SC-20440,1181,301,4,229.544
9746,CA-2024-137505,2024-11-24,2024-11-24,0,BP-11290,368,495,1,364.08
9747,CA-2024-137505,2024-11-24,2024-11-24,0,BP-11290,365,495,1,71.088
3590,CA-2024-146535,2024-11-24,2024-11-30,6,FM-14290,677,386,4,2.88
3591,CA-2024-146535,2024-11-24,2024-11-30,6,FM-14290,1372,386,4,1443.96
4355,CA-2024-153654,2024-11-24,2024-11-26,2,MD-17860,680,396,3,19.008
9123,CA-2024-162250,2024-11-24,2024-11-24,0,PR-18880,1095,528,1,7.78
1492,CA-2024-166436,2024-11-24,2024-11-28,4,TS-21370,1034,265,4,5.88
1493,CA-2024-166436,2024-11-24,2024-11-28,4,TS-21370,67,265,4,977.292
4467,CA-2024-168641,2024-11-24,2024-12-01,7,KA-16525,530,265,4,16.38
4468,CA-2024-168641,2024-11-24,2024-12-01,7,KA-16525,869,265,4,167.96
4469,CA-2024-168641,2024-11-24,2024-12-01,7,KA-16525,35,265,4,321.568
4470,CA-2024-168641,2024-11-24,2024-12-01,7,KA-16525,1287,265,4,12.96
4349,CA-2024-169894,2024-11-24,2024-11-29,5,MV-17485,761,454,3,20.724
4350,CA-2024-169894,2024-11-24,2024-11-29,5,MV-17485,1349,454,3,415.872
9265,US-2024-128118,2024-11-24,2024-12-01,7,MY-17380,798,432,4,11.673
9266,US-2024-128118,2024-11-24,2024-12-01,7,MY-17380,890,432,4,64.848
8684,CA-2024-101665,2024-11-25,2024-12-01,6,TZ-21580,532,530,4,5.16
8661,CA-2024-124765,2024-11-25,2024-11-30,5,HZ-14950,34,339,4,723.92
3848,CA-2024-129000,2024-11-25,2024-11-27,2,SZ-20035,1382,65,3,501.81
8959,CA-2024-150266,2024-11-25,2024-11-30,5,RO-19780,1737,155,4,299.96
8960,CA-2024-150266,2024-11-25,2024-11-30,5,RO-19780,436,155,4,67.84
8961,CA-2024-150266,2024-11-25,2024-11-30,5,RO-19780,100,155,4,853.93
8962,CA-2024-150266,2024-11-25,2024-11-30,5,RO-19780,494,155,4,18.688
6979,CA-2024-155159,2024-11-25,2024-11-29,4,DL-13315,1128,370,3,48.87
6319,CA-2024-161459,2024-11-25,2024-11-29,4,EB-13750,1830,488,3,39.96
6320,CA-2024-161459,2024-11-25,2024-11-29,4,EB-13750,1033,488,3,34.08
9463,US-2024-109610,2024-11-25,2024-11-30,5,BS-11590,128,383,3,701.96
5080,US-2024-133312,2024-11-25,2024-11-29,4,BD-11500,48,530,4,359.499
5081,US-2024-133312,2024-11-25,2024-11-29,4,BD-11500,1421,530,4,10.48
7320,CA-2024-100097,2024-11-26,2024-11-29,3,MN-17935,1833,262,3,979.95
7321,CA-2024-100097,2024-11-26,2024-11-29,3,MN-17935,181,262,3,135.3
1431,CA-2024-122700,2024-11-26,2024-11-30,4,LT-17110,1804,278,4,220.752
3853,CA-2024-130526,2024-11-26,2024-11-29,3,GT-14755,755,29,2,33.568
511,CA-2024-135307,2024-11-26,2024-11-27,1,LS-17245,246,101,2,126.3
512,CA-2024-135307,2024-11-26,2024-11-27,1,LS-17245,1604,101,2,38.04
7132,CA-2024-141439,2024-11-26,2024-12-01,5,TT-21460,372,49,4,257.94
7133,CA-2024-141439,2024-11-26,2024-12-01,5,TT-21460,1865,49,4,1879.96
7134,CA-2024-141439,2024-11-26,2024-12-01,5,TT-21460,176,49,4,27.46
7135,CA-2024-141439,2024-11-26,2024-12-01,5,TT-21460,1775,49,4,89.98
7136,CA-2024-141439,2024-11-26,2024-12-01,5,TT-21460,133,49,4,828.6
5134,CA-2024-155607,2024-11-26,2024-11-30,4,FG-14260,417,262,4,58.73
5135,CA-2024-155607,2024-11-26,2024-11-30,4,FG-14260,706,262,4,93.344
3630,CA-2024-155957,2024-11-26,2024-11-30,4,CC-12610,445,278,4,52.272
3631,CA-2024-155957,2024-11-26,2024-11-30,4,CC-12610,440,278,4,213.136
1570,CA-2024-165029,2024-11-26,2024-11-30,4,AH-10075,599,370,4,12.84
1935,CA-2024-101245,2024-11-27,2024-12-03,6,LW-16990,1117,528,4,244.55
1936,CA-2024-101245,2024-11-27,2024-12-03,6,LW-16990,1492,528,4,166.16
914,CA-2024-102519,2024-11-27,2024-11-29,2,BM-11650,261,189,2,46.94
915,CA-2024-102519,2024-11-27,2024-11-29,2,BM-11650,1576,189,2,143.73
6638,CA-2024-103352,2024-11-27,2024-11-30,3,RP-19390,487,263,3,6.99
6639,CA-2024-103352,2024-11-27,2024-11-30,3,RP-19390,683,263,3,107.424
4949,CA-2024-107125,2024-11-27,2024-12-02,5,BD-11320,805,498,4,117.488
4950,CA-2024-107125,2024-11-27,2024-12-02,5,BD-11320,194,498,4,18.84
2676,CA-2024-132185,2024-11-27,2024-12-02,5,DB-13615,614,396,4,8.76
2677,CA-2024-132185,2024-11-27,2024-12-02,5,DB-13615,400,396,4,43.584
5838,CA-2024-133207,2024-11-27,2024-12-03,6,DO-13645,1770,497,4,57.568
7557,CA-2024-159506,2024-11-27,2024-12-02,5,JR-16210,1170,37,4,158.28
7558,CA-2024-159506,2024-11-27,2024-12-02,5,JR-16210,738,37,4,497.94
4246,CA-2024-117702,2024-11-28,2024-12-04,6,LS-16975,495,211,4,1.64
4247,CA-2024-117702,2024-11-28,2024-12-04,6,LS-16975,274,211,4,1049.2
4248,CA-2024-117702,2024-11-28,2024-12-04,6,LS-16975,220,211,4,20.9
1928,CA-2024-121538,2024-11-28,2024-12-01,3,RH-19495,1060,556,2,88.768
2661,CA-2024-123372,2024-11-28,2024-12-02,4,DG-13300,1767,265,4,1979.89
2662,CA-2024-123372,2024-11-28,2024-12-02,4,DG-13300,871,265,4,79.96
9743,CA-2024-131303,2024-11-28,2024-12-02,4,EP-13915,1020,526,4,62.65
948,US-2024-110576,2024-11-28,2024-12-02,4,RB-19795,189,302,4,516.488
949,US-2024-110576,2024-11-28,2024-12-02,4,RB-19795,274,302,4,1007.232
950,US-2024-110576,2024-11-28,2024-12-02,4,RB-19795,379,302,4,2065.32
951,US-2024-110576,2024-11-28,2024-12-02,4,RB-19795,1283,302,4,15.552
952,US-2024-110576,2024-11-28,2024-12-02,4,RB-19795,1308,302,4,25.344
7390,CA-2024-108035,2024-11-29,2024-12-03,4,TT-21070,101,423,4,390.368
7391,CA-2024-108035,2024-11-29,2024-12-03,4,TT-21070,237,423,4,101.52
3899,CA-2024-102267,2024-11-30,2024-12-04,4,SC-20800,929,144,4,2.368
5585,CA-2024-105333,2024-11-30,2024-12-04,4,VP-21730,1373,263,4,83.56
5586,CA-2024-105333,2024-11-30,2024-12-04,4,VP-21730,1819,263,4,546.06
5587,CA-2024-105333,2024-11-30,2024-12-04,4,VP-21730,1357,263,4,269.49
6300,CA-2024-107314,2024-11-30,2024-12-03,3,MZ-17335,159,528,2,25.83
880,CA-2024-111689,2024-11-30,2024-12-02,2,HP-14815,797,264,3,68.472
881,CA-2024-111689,2024-11-30,2024-12-02,2,HP-14815,133,264,3,1242.9
1604,CA-2024-116645,2024-11-30,2024-12-04,4,ME-17725,501,206,4,155.94
956,CA-2024-119305,2024-11-30,2024-12-04,4,SW-20275,1370,394,4,173.8
6936,CA-2024-137365,2024-11-30,2024-12-03,3,BP-11095,1610,145,3,95.976
5066,CA-2024-142090,2024-11-30,2024-12-07,7,SC-20380,1541,397,4,383.976
5067,CA-2024-142090,2024-11-30,2024-12-07,7,SC-20380,349,397,4,1781.682
3070,US-2024-120089,2024-11-30,2024-11-30,0,ML-17755,473,295,1,663.936
3779,US-2024-148768,2024-11-30,2024-12-02,2,PN-18775,1816,351,3,71.976
9289,US-2024-165456,2024-11-30,2024-12-03,3,TB-21625,59,303,2,1079.316
8870,CA-2024-101805,2024-12-01,2024-12-06,5,SH-19975,789,624,4,15.92
8871,CA-2024-101805,2024-12-01,2024-12-06,5,SH-19975,228,624,4,70.68
8872,CA-2024-101805,2024-12-01,2024-12-06,5,SH-19975,1439,624,4,541.24
8889,CA-2024-103968,2024-12-01,2024-12-07,6,ML-17755,304,539,4,629.64
3244,CA-2024-113355,2024-12-01,2024-12-05,4,SJ-20215,1745,149,4,219.8
3245,CA-2024-113355,2024-12-01,2024-12-05,4,SJ-20215,52,149,4,317.058
3557,CA-2024-118542,2024-12-01,2024-12-05,4,CC-12550,1166,495,4,45.36
3558,CA-2024-118542,2024-12-01,2024-12-05,4,CC-12550,711,495,4,10.128
9278,CA-2024-122539,2024-12-01,2024-12-05,4,SC-20305,971,304,4,15.936
9279,CA-2024-122539,2024-12-01,2024-12-05,4,SC-20305,662,304,4,8.001
9280,CA-2024-122539,2024-12-01,2024-12-05,4,SC-20305,58,304,4,398.972
4140,CA-2024-127313,2024-12-01,2024-12-04,3,RA-19285,1384,302,2,37.392
4141,CA-2024-127313,2024-12-01,2024-12-04,3,RA-19285,321,302,2,79.12
207,CA-2024-135860,2024-12-01,2024-12-07,6,JH-15985,1434,82,4,83.92
208,CA-2024-135860,2024-12-01,2024-12-07,6,JH-15985,1826,82,4,131.98
209,CA-2024-135860,2024-12-01,2024-12-07,6,JH-15985,682,82,4,15.92
210,CA-2024-135860,2024-12-01,2024-12-07,6,JH-15985,921,82,4,52.29
211,CA-2024-135860,2024-12-01,2024-12-07,6,JH-15985,1367,82,4,91.99
6864,CA-2024-138618,2024-12-01,2024-12-08,7,MY-17380,1273,176,4,10.368
4928,CA-2024-143245,2024-12-01,2024-12-06,5,AD-10180,1287,197,4,19.44
4929,CA-2024-143245,2024-12-01,2024-12-06,5,AD-10180,57,197,4,897.15
2125,CA-2024-144862,2024-12-01,2024-12-05,4,EH-14005,892,305,4,104.68
2126,CA-2024-144862,2024-12-01,2024-12-05,4,EH-14005,1734,305,4,62.958
582,CA-2024-145233,2024-12-01,2024-12-05,4,DV-13465,1763,556,4,470.376
583,CA-2024-145233,2024-12-01,2024-12-05,4,DV-13465,1715,556,4,105.584
584,CA-2024-145233,2024-12-01,2024-12-05,4,DV-13465,435,556,4,31.152
585,CA-2024-145233,2024-12-01,2024-12-05,4,DV-13465,815,556,4,6.783
586,CA-2024-145233,2024-12-01,2024-12-05,4,DV-13465,1777,556,4,406.368
6205,CA-2024-145660,2024-12-01,2024-12-03,2,MG-17650,276,289,2,7.712
259,CA-2024-163139,2024-12-01,2024-12-03,2,CC-12670,1602,262,3,20.37
260,CA-2024-163139,2024-12-01,2024-12-03,2,CC-12670,1404,262,3,221.55
261,CA-2024-163139,2024-12-01,2024-12-03,2,CC-12670,651,262,3,17.52
7122,CA-2024-166926,2024-12-01,2024-12-08,7,SO-20335,1212,624,4,41.86
7123,CA-2024-166926,2024-12-01,2024-12-08,7,SO-20335,22,624,4,141.96
6270,CA-2024-102379,2024-12-02,2024-12-06,4,BB-11545,1722,507,4,39.992
6271,CA-2024-102379,2024-12-02,2024-12-06,4,BB-11545,127,507,4,1159.056
6272,CA-2024-102379,2024-12-02,2024-12-06,4,BB-11545,611,507,4,179.9
6690,CA-2024-104108,2024-12-02,2024-12-09,7,RP-19855,553,156,4,12.16
2349,CA-2024-109701,2024-12-02,2024-12-03,1,AM-10360,647,496,1,9.024
2350,CA-2024-109701,2024-12-02,2024-12-03,1,AM-10360,817,496,1,69.456
2351,CA-2024-109701,2024-12-02,2024-12-03,1,AM-10360,1128,496,1,10.86
2352,CA-2024-109701,2024-12-02,2024-12-03,1,AM-10360,434,496,1,79.47
2353,CA-2024-109701,2024-12-02,2024-12-03,1,AM-10360,618,496,1,10.08
1753,CA-2024-116715,2024-12-02,2024-12-05,3,VW-21775,1355,530,2,559.62
1754,CA-2024-116715,2024-12-02,2024-12-05,3,VW-21775,1205,530,2,109.92
1755,CA-2024-116715,2024-12-02,2024-12-05,3,VW-21775,1228,530,2,8.56
6292,CA-2024-143756,2024-12-02,2024-12-05,3,ME-17725,128,444,2,701.96
8642,CA-2024-147767,2024-12-02,2024-12-02,0,SV-20935,833,455,1,67.86
4498,CA-2024-155075,2024-12-02,2024-12-09,7,GW-14605,737,304,4,631.176
2513,CA-2024-155089,2024-12-02,2024-12-06,4,DB-12910,804,367,4,45.66
8970,CA-2024-157469,2024-12-02,2024-12-07,5,ES-14080,623,286,4,19.728
8971,CA-2024-157469,2024-12-02,2024-12-07,5,ES-14080,1711,286,4,151.188
5531,CA-2024-160885,2024-12-02,2024-12-06,4,JK-16090,1753,112,4,2479.96
2271,CA-2024-164917,2024-12-02,2024-12-07,5,MK-17905,527,351,4,47.96
6760,CA-2024-165715,2024-12-02,2024-12-08,6,BG-11035,626,406,4,32.776
9727,CA-2024-167395,2024-12-02,2024-12-04,2,KM-16720,405,226,2,286.86
9728,CA-2024-167395,2024-12-02,2024-12-04,2,KM-16720,1763,226,2,979.95
9729,CA-2024-167395,2024-12-02,2024-12-04,2,KM-16720,1479,226,2,4.36
1895,US-2024-108063,2024-12-02,2024-12-05,3,AS-10090,557,438,2,34.65
7539,US-2024-112347,2024-12-02,2024-12-06,4,BS-11380,1375,556,4,114.288
7540,US-2024-112347,2024-12-02,2024-12-06,4,BS-11380,670,556,4,36.624
7541,US-2024-112347,2024-12-02,2024-12-06,4,BS-11380,19,556,4,242.352
7542,US-2024-112347,2024-12-02,2024-12-06,4,BS-11380,1870,556,4,49.616
7543,US-2024-112347,2024-12-02,2024-12-06,4,BS-11380,305,556,4,508.704
7544,US-2024-112347,2024-12-02,2024-12-06,4,BS-11380,1795,556,4,57.36
7545,US-2024-112347,2024-12-02,2024-12-06,4,BS-11380,105,556,4,906.68
1996,US-2024-147221,2024-12-02,2024-12-04,2,JS-16030,385,153,3,294.62
1997,US-2024-147221,2024-12-02,2024-12-04,2,JS-16030,149,153,3,8.752
7537,CA-2024-103415,2024-12-03,2024-12-08,5,MV-17485,317,154,4,13.592
7881,CA-2024-118017,2024-12-03,2024-12-06,3,LC-16870,596,566,3,13.344
7882,CA-2024-118017,2024-12-03,2024-12-06,3,LC-16870,1572,566,3,76.752
7883,CA-2024-118017,2024-12-03,2024-12-06,3,LC-16870,1572,566,3,102.336
7884,CA-2024-118017,2024-12-03,2024-12-06,3,LC-16870,1127,566,3,10.32
7885,CA-2024-118017,2024-12-03,2024-12-06,3,LC-16870,1464,566,3,47.32
7886,CA-2024-118017,2024-12-03,2024-12-06,3,LC-16870,302,566,3,23.376
7887,CA-2024-118017,2024-12-03,2024-12-06,3,LC-16870,220,566,3,16.72
7888,CA-2024-118017,2024-12-03,2024-12-06,3,LC-16870,174,566,3,16.192
7762,CA-2024-123071,2024-12-03,2024-12-06,3,CC-12550,1267,171,2,10.368
3465,CA-2024-128699,2024-12-03,2024-12-05,2,ND-18370,1511,343,3,47.992
2675,CA-2024-136875,2024-12-03,2024-12-03,0,TC-21295,1147,525,1,166.44
4717,CA-2024-143126,2024-12-03,2024-12-07,4,CM-12655,337,625,3,521.96
2463,CA-2024-148691,2024-12-03,2024-12-09,6,CS-12460,755,262,4,83.92
2464,CA-2024-148691,2024-12-03,2024-12-09,6,CS-12460,820,262,4,14.624
2465,CA-2024-148691,2024-12-03,2024-12-09,6,CS-12460,1707,262,4,136.99
2466,CA-2024-148691,2024-12-03,2024-12-09,6,CS-12460,1012,262,4,3.15
4566,US-2024-149510,2024-12-03,2024-12-10,7,MC-17575,411,403,4,45.216
4567,US-2024-149510,2024-12-03,2024-12-10,7,MC-17575,754,403,4,28.782
4568,US-2024-149510,2024-12-03,2024-12-10,7,MC-17575,1090,403,4,24.448
7293,CA-2024-109183,2024-12-04,2024-12-09,5,LR-16915,1683,434,4,649.0
5518,CA-2024-117667,2024-12-04,2024-12-09,5,MS-17980,55,303,4,239.96
5519,CA-2024-117667,2024-12-04,2024-12-09,5,MS-17980,255,303,4,54.768
5520,CA-2024-117667,2024-12-04,2024-12-09,5,MS-17980,533,303,4,13.392
5521,CA-2024-117667,2024-12-04,2024-12-09,5,MS-17980,1222,303,4,23.92
5522,CA-2024-117667,2024-12-04,2024-12-09,5,MS-17980,1526,303,4,255.968
8519,CA-2024-118003,2024-12-04,2024-12-10,6,DO-13645,316,248,4,12.99
8520,CA-2024-118003,2024-12-04,2024-12-10,6,DO-13645,88,248,4,182.22
8521,CA-2024-118003,2024-12-04,2024-12-10,6,DO-13645,79,248,4,302.94
2977,CA-2024-139773,2024-12-04,2024-12-04,0,DV-13045,136,305,1,188.552
9071,CA-2024-147550,2024-12-04,2024-12-05,1,KE-16420,153,303,2,11.352
6123,CA-2024-152660,2024-12-04,2024-12-09,5,CB-12415,1319,8,4,61.568
8391,CA-2024-153227,2024-12-04,2024-12-06,2,CS-12250,1034,496,2,11.76
2691,CA-2024-156412,2024-12-04,2024-12-08,4,CM-12160,823,303,4,5.346
7392,CA-2024-160031,2024-12-04,2024-12-07,3,LT-16765,1071,282,3,74.352
6532,US-2024-107384,2024-12-04,2024-12-08,4,TP-21130,559,95,4,8.8
6533,US-2024-107384,2024-12-04,2024-12-08,4,TP-21130,1494,95,4,142.8
6534,US-2024-107384,2024-12-04,2024-12-08,4,TP-21130,1529,95,4,399.95
2235,CA-2024-104066,2024-12-05,2024-12-10,5,QJ-19255,1523,312,4,205.03
3179,CA-2024-105235,2024-12-05,2024-12-11,6,SM-20950,217,263,4,20.94
3180,CA-2024-105235,2024-12-05,2024-12-11,6,SM-20950,295,263,4,58.68
3181,CA-2024-105235,2024-12-05,2024-12-11,6,SM-20950,426,263,4,254.9
9608,CA-2024-117128,2024-12-05,2024-12-08,3,BF-11080,1112,264,3,21.6
9609,CA-2024-117128,2024-12-05,2024-12-08,3,BF-11080,1011,264,3,11.07
1925,CA-2024-126865,2024-12-05,2024-12-07,2,NP-18325,1227,525,3,92.94
674,CA-2024-130351,2024-12-05,2024-12-08,3,RB-19570,468,37,2,61.44
675,CA-2024-130351,2024-12-05,2024-12-08,3,RB-19570,1095,37,2,38.9
676,CA-2024-130351,2024-12-05,2024-12-08,3,RB-19570,1499,37,2,99.39
3434,CA-2024-131212,2024-12-05,2024-12-09,4,AB-10165,777,610,4,24.816
3435,CA-2024-131212,2024-12-05,2024-12-09,4,AB-10165,859,610,4,14.976
9525,CA-2024-156958,2024-12-05,2024-12-06,1,PB-18805,755,625,2,83.92
9526,CA-2024-156958,2024-12-05,2024-12-06,1,PB-18805,224,625,2,199.9
9527,CA-2024-156958,2024-12-05,2024-12-06,1,PB-18805,1758,625,2,31.176
9528,CA-2024-156958,2024-12-05,2024-12-06,1,PB-18805,773,625,2,172.752
9529,CA-2024-156958,2024-12-05,2024-12-06,1,PB-18805,727,625,2,9.296
7324,US-2024-126053,2024-12-05,2024-12-08,3,CS-11950,277,264,2,41.96
7325,US-2024-126053,2024-12-05,2024-12-08,3,CS-11950,1023,264,2,9.45
6906,US-2024-149006,2024-12-06,2024-12-08,2,BN-11470,1419,466,3,10.68
3897,CA-2024-134285,2024-12-07,2024-12-12,5,DS-13180,929,176,4,3.552
3898,CA-2024-134285,2024-12-07,2024-12-12,5,DS-13180,1264,176,4,15.552
7855,CA-2024-135587,2024-12-07,2024-12-12,5,BH-11710,427,393,4,320.64
7856,CA-2024-135587,2024-12-07,2024-12-12,5,BH-11710,1575,393,4,52.0
566,CA-2024-137099,2024-12-07,2024-12-10,3,FP-14320,1746,495,2,374.376
9769,CA-2024-142328,2024-12-07,2024-12-14,7,TC-21535,1084,530,4,50.04
3900,CA-2024-157980,2024-12-07,2024-12-09,2,SH-20395,1532,295,2,127.984
4992,US-2024-122714,2024-12-07,2024-12-13,6,HG-14965,783,10,4,1889.99
4319,US-2024-136189,2024-12-07,2024-12-11,4,DC-13285,177,443,4,82.38
5408,CA-2024-108854,2024-12-08,2024-12-14,6,DM-13345,1104,528,4,87.92
5409,CA-2024-108854,2024-12-08,2024-12-14,6,DM-13345,801,528,4,22.424
5410,CA-2024-108854,2024-12-08,2024-12-14,6,DM-13345,833,528,4,90.48
5411,CA-2024-108854,2024-12-08,2024-12-14,6,DM-13345,1402,528,4,42.76
5728,CA-2024-117324,2024-12-08,2024-12-13,5,JP-15520,1525,188,4,178.11
5729,CA-2024-117324,2024-12-08,2024-12-13,5,JP-15520,466,188,4,1089.75
5730,CA-2024-117324,2024-12-08,2024-12-13,5,JP-15520,959,188,4,61.06
5731,CA-2024-117324,2024-12-08,2024-12-13,5,JP-15520,43,188,4,459.92
5732,CA-2024-117324,2024-12-08,2024-12-13,5,JP-15520,1031,188,4,27.52
406,CA-2024-117457,2024-12-08,2024-12-12,4,KH-16510,1613,529,4,179.95
407,CA-2024-117457,2024-12-08,2024-12-12,4,KH-16510,1640,529,4,1199.976
408,CA-2024-117457,2024-12-08,2024-12-12,4,KH-16510,1128,529,4,27.15
409,CA-2024-117457,2024-12-08,2024-12-12,4,KH-16510,342,529,4,1004.024
410,CA-2024-117457,2024-12-08,2024-12-12,4,KH-16510,1136,529,4,9.68
411,CA-2024-117457,2024-12-08,2024-12-12,4,KH-16510,1023,529,4,28.35
412,CA-2024-117457,2024-12-08,2024-12-12,4,KH-16510,1169,529,4,55.98
413,CA-2024-117457,2024-12-08,2024-12-12,4,KH-16510,26,529,4,1336.829
414,CA-2024-117457,2024-12-08,2024-12-12,4,KH-16510,117,529,4,113.568
4953,CA-2024-117926,2024-12-08,2024-12-12,4,AS-10225,408,528,3,69.48
1168,CA-2024-145226,2024-12-08,2024-12-10,2,DL-13315,154,265,3,109.48
1169,CA-2024-145226,2024-12-08,2024-12-10,2,DL-13315,1406,265,3,272.94
1170,CA-2024-145226,2024-12-08,2024-12-10,2,DL-13315,1265,265,3,19.44
1171,CA-2024-145226,2024-12-08,2024-12-10,2,DL-13315,1374,265,3,31.92
3431,CA-2024-148264,2024-12-08,2024-12-09,1,LF-17185,1322,485,2,29.79
3432,CA-2024-148264,2024-12-08,2024-12-09,1,LF-17185,313,485,2,128.9
3433,CA-2024-148264,2024-12-08,2024-12-09,1,LF-17185,1234,485,2,60.12
7821,CA-2024-152436,2024-12-08,2024-12-10,2,CW-11905,1392,308,3,592.74
8739,US-2024-131961,2024-12-08,2024-12-11,3,MJ-17740,497,304,2,13.248
8740,US-2024-131961,2024-12-08,2024-12-11,3,MJ-17740,1888,304,2,83.988
8109,US-2024-167570,2024-12-08,2024-12-15,7,EG-13900,64,304,4,215.544
4291,CA-2024-102407,2024-12-09,2024-12-13,4,AT-10435,563,494,3,11.16
4292,CA-2024-102407,2024-12-09,2024-12-13,4,AT-10435,334,494,3,896.328
4293,CA-2024-102407,2024-12-09,2024-12-13,4,AT-10435,441,494,3,189.0
9768,CA-2024-102659,2024-12-09,2024-12-15,6,LW-17215,745,71,4,54.9
206,CA-2024-108329,2024-12-09,2024-12-14,5,LE-16810,1809,548,4,444.768
4211,CA-2024-109715,2024-12-09,2024-12-14,5,AH-10585,1184,9,4,15.984
3651,CA-2024-109960,2024-12-09,2024-12-11,2,DB-13210,1565,70,3,104.88
3652,CA-2024-109960,2024-12-09,2024-12-11,2,DB-13210,499,70,3,34.7
3653,CA-2024-109960,2024-12-09,2024-12-11,2,DB-13210,788,70,3,33.72
3654,CA-2024-109960,2024-12-09,2024-12-11,2,DB-13210,1053,70,3,14.94
1691,CA-2024-129833,2024-12-09,2024-12-15,6,HF-14995,1132,40,4,33.45
1692,CA-2024-129833,2024-12-09,2024-12-15,6,HF-14995,725,40,4,10.4
1469,CA-2024-139199,2024-12-09,2024-12-13,4,DK-12835,68,70,4,872.94
1470,CA-2024-139199,2024-12-09,2024-12-13,4,DK-12835,837,70,4,41.54
1471,CA-2024-139199,2024-12-09,2024-12-13,4,DK-12835,1211,70,4,12.96
6771,CA-2024-139402,2024-12-09,2024-12-13,4,NC-18535,1080,456,4,419.4
6772,CA-2024-139402,2024-12-09,2024-12-13,4,NC-18535,666,456,4,13.005
7014,CA-2024-141201,2024-12-09,2024-12-11,2,DB-12910,25,522,3,148.257
3596,CA-2024-148012,2024-12-09,2024-12-15,6,KM-16225,531,305,4,2.624
5351,US-2024-103814,2024-12-09,2024-12-16,7,LH-16900,1143,26,4,143.856
76,US-2024-118038,2024-12-09,2024-12-11,2,KB-16600,725,154,2,1.248
77,US-2024-118038,2024-12-09,2024-12-11,2,KB-16600,145,154,2,9.708
78,US-2024-118038,2024-12-09,2024-12-11,2,KB-16600,1411,154,2,27.24
8586,US-2024-132927,2024-12-09,2024-12-15,6,RD-19720,834,303,4,11.088
269,US-2024-145366,2024-12-09,2024-12-13,4,CA-12310,1403,276,4,37.208
270,US-2024-145366,2024-12-09,2024-12-13,4,CA-12310,894,276,4,57.576
7515,US-2024-167920,2024-12-09,2024-12-12,3,JL-15835,857,386,3,29.36
7516,US-2024-167920,2024-12-09,2024-12-12,3,JL-15835,412,386,3,214.9
7517,US-2024-167920,2024-12-09,2024-12-12,3,JL-15835,682,386,3,15.92
7518,US-2024-167920,2024-12-09,2024-12-12,3,JL-15835,1523,386,3,146.45
7519,US-2024-167920,2024-12-09,2024-12-12,3,JL-15835,1342,386,3,15.14
7520,US-2024-167920,2024-12-09,2024-12-12,3,JL-15835,981,386,3,5.76
7521,US-2024-167920,2024-12-09,2024-12-12,3,JL-15835,1630,386,3,1399.98
4353,CA-2024-107748,2024-12-10,2024-12-12,2,AG-10330,1781,539,3,95.84
4354,CA-2024-107748,2024-12-10,2024-12-12,2,AG-10330,1299,539,3,12.96
1509,CA-2024-108294,2024-12-10,2024-12-10,0,LS-16975,781,112,1,34.5
1688,CA-2024-143798,2024-12-10,2024-12-12,2,AW-10840,1283,304,2,10.368
1689,CA-2024-143798,2024-12-10,2024-12-12,2,AW-10840,233,304,2,310.88
1517,CA-2024-148446,2024-12-10,2024-12-14,4,MC-17845,348,580,3,1669.6
3526,CA-2024-148922,2024-12-10,2024-12-15,5,SU-20665,1600,394,3,599.97
3527,CA-2024-148922,2024-12-10,2024-12-15,5,SU-20665,1758,394,3,38.97
3528,CA-2024-148922,2024-12-10,2024-12-15,5,SU-20665,691,394,3,45.84
2336,CA-2024-152695,2024-12-10,2024-12-10,0,CC-12220,875,197,1,10.86
2337,CA-2024-152695,2024-12-10,2024-12-10,0,CC-12220,480,197,1,426.79
1318,CA-2024-157651,2024-12-10,2024-12-14,4,HA-14920,1571,302,4,14.2
2773,CA-2024-158967,2024-12-10,2024-12-12,2,BT-11680,301,339,2,19.104
1058,CA-2024-167150,2024-12-10,2024-12-17,7,BP-11185,689,526,4,19.936
1059,CA-2024-167150,2024-12-10,2024-12-17,7,BP-11185,850,526,4,65.568
9410,US-2024-110149,2024-12-10,2024-12-13,3,WB-21850,780,305,2,3.273
9411,US-2024-110149,2024-12-10,2024-12-13,3,WB-21850,161,305,2,87.92
6909,US-2024-135503,2024-12-10,2024-12-15,5,JE-16165,216,418,4,14.76
3246,US-2024-140907,2024-12-10,2024-12-12,2,BP-11185,1524,623,3,49.08
3247,US-2024-140907,2024-12-10,2024-12-12,2,BP-11185,1349,623,3,324.9
3248,US-2024-140907,2024-12-10,2024-12-12,2,BP-11185,528,623,3,18.24
6748,CA-2024-100230,2024-12-11,2024-12-15,4,AA-10375,719,265,4,14.952
6749,CA-2024-100230,2024-12-11,2024-12-15,4,AA-10375,1155,265,4,17.94
6750,CA-2024-100230,2024-12-11,2024-12-15,4,AA-10375,1759,265,4,116.98
390,CA-2024-101798,2024-12-11,2024-12-15,4,MV-18190,671,262,4,23.36
391,CA-2024-101798,2024-12-11,2024-12-15,4,MV-18190,1550,262,4,39.98
6007,CA-2024-129581,2024-12-11,2024-12-18,7,KN-16390,1837,229,4,128.85
9210,CA-2024-142776,2024-12-11,2024-12-14,3,RS-19870,887,51,3,7.28
9211,CA-2024-142776,2024-12-11,2024-12-14,3,RS-19870,841,51,3,5.4
6273,CA-2024-149706,2024-12-11,2024-12-12,1,AS-10285,1492,25,2,116.312
4358,CA-2024-162565,2024-12-11,2024-12-11,0,RR-19315,1282,2,1,10.368
4359,CA-2024-162565,2024-12-11,2024-12-11,0,RR-19315,233,2,1,77.72
4360,CA-2024-162565,2024-12-11,2024-12-11,0,RR-19315,90,2,1,520.464
6990,CA-2024-165099,2024-12-11,2024-12-13,2,DK-13375,457,124,2,1.392
7345,CA-2024-168389,2024-12-11,2024-12-17,6,DV-13045,344,343,4,721.875
7346,CA-2024-168389,2024-12-11,2024-12-17,6,DV-13045,1802,343,4,73.568
7347,CA-2024-168389,2024-12-11,2024-12-17,6,DV-13045,635,343,4,13.584
7348,CA-2024-168389,2024-12-11,2024-12-17,6,DV-13045,70,343,4,64.784
9488,US-2024-125213,2024-12-11,2024-12-13,2,NB-18655,953,248,2,6.54
1516,US-2024-160759,2024-12-11,2024-12-17,6,AI-10855,113,302,4,63.686
6192,CA-2024-107986,2024-12-13,2024-12-13,0,MW-18220,1421,623,1,31.44
9682,CA-2024-122770,2024-12-13,2024-12-18,5,EP-13915,978,530,4,8.64
9683,CA-2024-122770,2024-12-13,2024-12-18,5,EP-13915,1265,530,4,38.88
9684,CA-2024-122770,2024-12-13,2024-12-18,5,EP-13915,210,530,4,201.04
9685,CA-2024-122770,2024-12-13,2024-12-18,5,EP-13915,1242,530,4,12.96
8779,CA-2024-135377,2024-12-13,2024-12-18,5,BP-11095,6,264,4,287.976
6713,CA-2024-107629,2024-12-14,2024-12-14,0,DB-13060,291,32,1,266.352
6714,CA-2024-107629,2024-12-14,2024-12-14,0,DB-13060,261,32,1,56.328
6715,CA-2024-107629,2024-12-14,2024-12-14,0,DB-13060,1524,32,1,39.264
6716,CA-2024-107629,2024-12-14,2024-12-14,0,DB-13060,620,32,1,95.232
3332,CA-2024-122595,2024-12-14,2024-12-20,6,GM-14455,1509,10,4,227.976
3333,CA-2024-122595,2024-12-14,2024-12-20,6,GM-14455,1866,10,4,52.68
3334,CA-2024-122595,2024-12-14,2024-12-20,6,GM-14455,280,10,4,2.032
5276,CA-2024-147333,2024-12-14,2024-12-20,6,KL-16555,1587,323,4,159.8
5277,CA-2024-147333,2024-12-14,2024-12-20,6,KL-16555,1517,323,4,44.75
7698,CA-2024-151799,2024-12-14,2024-12-18,4,BF-11170,1633,224,4,1199.98
7699,CA-2024-151799,2024-12-14,2024-12-18,4,BF-11170,1404,224,4,73.85
7700,CA-2024-151799,2024-12-14,2024-12-18,4,BF-11170,1454,224,4,25.71
7701,CA-2024-151799,2024-12-14,2024-12-18,4,BF-11170,914,224,4,17.28
7702,CA-2024-151799,2024-12-14,2024-12-18,4,BF-11170,347,224,4,526.582
2947,CA-2024-169859,2024-12-14,2024-12-18,4,MP-18175,199,525,4,26.25
2948,CA-2024-169859,2024-12-14,2024-12-18,4,MP-18175,838,525,4,64.96
2949,CA-2024-169859,2024-12-14,2024-12-18,4,MP-18175,863,525,4,43.7
6439,US-2024-113992,2024-12-14,2024-12-19,5,LC-16885,345,171,4,974.988
3982,CA-2024-119564,2024-12-15,2024-12-20,5,PL-18925,283,625,4,22.77
4860,CA-2024-136063,2024-12-15,2024-12-19,4,SS-20140,555,22,4,10.192
9699,CA-2024-154116,2024-12-15,2024-12-19,4,KM-16660,1134,485,4,22.83
9700,CA-2024-154116,2024-12-15,2024-12-19,4,KM-16660,460,485,4,54.32
9701,CA-2024-154116,2024-12-15,2024-12-19,4,KM-16660,1824,485,4,196.776
3004,CA-2024-104381,2024-12-16,2024-12-23,7,RD-19810,653,268,4,33.376
2974,CA-2024-111808,2024-12-16,2024-12-20,4,AR-10510,800,120,4,10.8
2963,CA-2024-137428,2024-12-16,2024-12-21,5,AY-10555,63,508,3,81.568
2964,CA-2024-137428,2024-12-16,2024-12-21,5,AY-10555,88,508,3,97.184
2965,CA-2024-137428,2024-12-16,2024-12-21,5,AY-10555,812,508,3,24.32
2966,CA-2024-137428,2024-12-16,2024-12-21,5,AY-10555,173,508,3,18.96
9045,CA-2024-137463,2024-12-16,2024-12-20,4,KM-16225,669,540,3,5.984
9046,CA-2024-137463,2024-12-16,2024-12-20,4,KM-16225,1506,540,3,189.95
9047,CA-2024-137463,2024-12-16,2024-12-20,4,KM-16225,1585,540,3,149.95
9048,CA-2024-137463,2024-12-16,2024-12-20,4,KM-16225,526,540,3,29.95
9049,CA-2024-137463,2024-12-16,2024-12-20,4,KM-16225,962,540,3,44.4
6552,CA-2024-161578,2024-12-16,2024-12-21,5,RB-19465,1158,497,3,13.36
6553,CA-2024-161578,2024-12-16,2024-12-21,5,RB-19465,1408,497,3,158.9
7040,CA-2024-103443,2024-12-17,2024-12-23,6,AT-10735,1407,262,4,166.72
7041,CA-2024-103443,2024-12-17,2024-12-23,6,AT-10735,777,262,4,24.816
7042,CA-2024-103443,2024-12-17,2024-12-23,6,AT-10735,188,262,4,124.36
1025,CA-2024-106964,2024-12-17,2024-12-20,3,HR-14770,751,498,2,11.808
2852,CA-2024-107342,2024-12-17,2024-12-22,5,VF-21715,1129,37,4,28.16
3029,CA-2024-116855,2024-12-17,2024-12-21,4,AI-10855,111,439,4,504.9
4901,CA-2024-120936,2024-12-17,2024-12-21,4,CA-12310,1372,462,4,481.32
4902,CA-2024-120936,2024-12-17,2024-12-21,4,CA-12310,1468,462,4,13.98
4342,CA-2024-130309,2024-12-17,2024-12-21,4,GB-14575,1316,437,4,544.38
629,CA-2024-133431,2024-12-17,2024-12-21,4,LC-17140,665,530,4,15.24
630,CA-2024-133431,2024-12-17,2024-12-21,4,LC-17140,1040,530,4,13.23
9378,CA-2024-155362,2024-12-17,2024-12-21,4,DP-13105,1317,183,4,32.56
204,US-2024-116701,2024-12-17,2024-12-21,4,LC-17140,424,142,3,66.284
2887,CA-2024-102099,2024-12-18,2024-12-19,1,EP-13915,577,495,2,6.63
2888,CA-2024-102099,2024-12-18,2024-12-19,1,EP-13915,1265,495,2,12.96
2889,CA-2024-102099,2024-12-18,2024-12-19,1,EP-13915,1286,495,2,32.4
1910,CA-2024-105886,2024-12-18,2024-12-23,5,DB-13660,163,267,4,18.96
7738,CA-2024-108287,2024-12-18,2024-12-20,2,AG-10330,559,400,2,12.672
1249,CA-2024-115602,2024-12-18,2024-12-24,6,DJ-13630,638,262,4,38.82
1250,CA-2024-115602,2024-12-18,2024-12-24,6,DJ-13630,120,262,4,1141.938
1251,CA-2024-115602,2024-12-18,2024-12-24,6,DJ-13630,471,262,4,1704.56
1252,CA-2024-115602,2024-12-18,2024-12-24,6,DJ-13630,632,262,4,3.2
1114,CA-2024-140585,2024-12-18,2024-12-23,5,RA-19915,706,479,3,46.672
1115,CA-2024-140585,2024-12-18,2024-12-23,5,RA-19915,11,479,3,119.833
1116,CA-2024-140585,2024-12-18,2024-12-23,5,RA-19915,1549,479,3,119.98
8932,CA-2024-143252,2024-12-18,2024-12-24,6,HE-14800,319,189,4,99.95
8933,CA-2024-143252,2024-12-18,2024-12-24,6,HE-14800,1562,189,4,29.34
8845,CA-2024-156664,2024-12-18,2024-12-23,5,BP-11290,732,278,4,7.236
8846,CA-2024-156664,2024-12-18,2024-12-23,5,BP-11290,932,278,4,4.824
8847,CA-2024-156664,2024-12-18,2024-12-23,5,BP-11290,1310,278,4,91.36
8848,CA-2024-156664,2024-12-18,2024-12-23,5,BP-11290,467,278,4,130.112
8479,CA-2024-158736,2024-12-18,2024-12-24,6,TT-21460,586,529,4,5.76
3200,CA-2024-164000,2024-12-18,2024-12-22,4,AH-10030,488,303,4,18.704
5472,CA-2024-116946,2024-12-19,2024-12-23,4,TS-21505,289,564,4,13.36
5473,CA-2024-116946,2024-12-19,2024-12-23,4,TS-21505,1433,564,4,78.256
5474,CA-2024-116946,2024-12-19,2024-12-23,4,TS-21505,24,564,4,102.018
1442,CA-2024-128160,2024-12-19,2024-12-24,5,MM-17920,723,529,3,36.672
3589,CA-2024-158729,2024-12-19,2024-12-21,2,AC-10450,1472,389,2,1665.62
6509,CA-2024-102197,2024-12-20,2024-12-26,6,DK-13150,1169,262,4,279.9
6510,CA-2024-102197,2024-12-20,2024-12-26,6,DK-13150,755,262,4,50.352
6511,CA-2024-102197,2024-12-20,2024-12-26,6,DK-13150,1138,262,4,34.02
2269,CA-2024-105480,2024-12-20,2024-12-26,6,DK-13225,1301,268,4,6.48
2270,CA-2024-105480,2024-12-20,2024-12-26,6,DK-13225,849,268,4,6.984
4944,CA-2024-106782,2024-12-21,2024-12-27,6,LP-17095,1437,42,4,375.34
3171,CA-2024-107461,2024-12-21,2024-12-26,5,PK-19075,789,415,3,23.88
2566,CA-2024-109589,2024-12-21,2024-12-24,3,BD-11635,1571,379,2,71.0
4104,CA-2024-137456,2024-12-21,2024-12-21,0,RB-19465,301,109,1,15.92
1614,CA-2024-138380,2024-12-21,2024-12-25,4,YS-21880,1375,507,4,1000.02
2719,CA-2024-144827,2024-12-21,2024-12-27,6,SE-20110,1355,474,4,124.36
514,CA-2024-163405,2024-12-21,2024-12-25,4,BN-11515,577,499,4,6.63
515,CA-2024-163405,2024-12-21,2024-12-25,4,BN-11515,566,499,4,5.88
1967,CA-2024-165841,2024-12-21,2024-12-28,7,DB-13210,1778,248,4,281.97
1968,CA-2024-165841,2024-12-21,2024-12-28,7,DB-13210,1451,248,4,69.5
1969,CA-2024-165841,2024-12-21,2024-12-28,7,DB-13210,1175,248,4,166.44
7151,CA-2024-100412,2024-12-22,2024-12-26,4,SR-20425,138,321,4,141.96
6193,CA-2024-104927,2024-12-22,2024-12-26,4,AG-10330,1195,156,4,25.92
6194,CA-2024-104927,2024-12-22,2024-12-26,4,AG-10330,711,156,4,6.33
6195,CA-2024-104927,2024-12-22,2024-12-26,4,AG-10330,1146,156,4,75.88
2619,CA-2024-115931,2024-12-22,2024-12-26,4,JM-15655,535,584,4,4.17
2620,CA-2024-115931,2024-12-22,2024-12-26,4,JM-15655,1889,584,4,67.04
2621,CA-2024-115931,2024-12-22,2024-12-26,4,JM-15655,1347,584,4,37.32
2622,CA-2024-115931,2024-12-22,2024-12-26,4,JM-15655,1008,584,4,18.45
2728,CA-2024-119193,2024-12-22,2024-12-24,2,SK-19990,672,295,2,1.641
2729,CA-2024-119193,2024-12-22,2024-12-24,2,SK-19990,1828,295,2,629.958
3102,CA-2024-119578,2024-12-22,2024-12-27,5,JG-15310,1475,309,3,695.16
3103,CA-2024-119578,2024-12-22,2024-12-27,5,JG-15310,8,309,3,220.98
2056,CA-2024-120376,2024-12-22,2024-12-25,3,TP-21130,1588,69,2,199.95
2057,CA-2024-120376,2024-12-22,2024-12-25,3,TP-21130,105,69,2,1586.69
2058,CA-2024-120376,2024-12-22,2024-12-25,3,TP-21130,1548,69,2,84.99
2059,CA-2024-120376,2024-12-22,2024-12-25,3,TP-21130,335,69,2,411.8
7152,CA-2024-142909,2024-12-22,2024-12-25,3,AG-10330,376,454,3,182.55
1893,CA-2024-145310,2024-12-22,2024-12-24,2,JP-15520,902,361,3,7.824
8578,CA-2024-146164,2024-12-22,2024-12-26,4,CM-12190,378,95,4,607.52
8579,CA-2024-146164,2024-12-22,2024-12-26,4,CM-12190,1384,95,4,31.16
8178,CA-2024-149699,2024-12-22,2024-12-24,2,CM-12115,1509,495,2,474.95
8950,CA-2024-150910,2024-12-22,2024-12-28,6,JL-15130,339,428,4,934.956
8951,CA-2024-150910,2024-12-22,2024-12-28,6,JL-15130,1523,428,4,46.864
8952,CA-2024-150910,2024-12-22,2024-12-28,6,JL-15130,1332,428,4,26.16
8953,CA-2024-150910,2024-12-22,2024-12-28,6,JL-15130,575,428,4,23.128
8954,CA-2024-150910,2024-12-22,2024-12-28,6,JL-15130,448,428,4,59.24
145,CA-2024-155376,2024-12-22,2024-12-27,5,SG-20080,475,102,4,839.43
8392,CA-2024-110625,2024-12-23,2024-12-30,7,JB-16045,176,196,4,27.46
6997,CA-2024-117443,2024-12-23,2024-12-25,2,JB-15400,848,29,3,13.84
6998,CA-2024-117443,2024-12-23,2024-12-25,2,JB-15400,1205,29,3,175.872
3545,CA-2024-121216,2024-12-23,2024-12-25,2,MM-17920,1103,136,3,28.672
3546,CA-2024-121216,2024-12-23,2024-12-25,2,MM-17920,390,136,3,29.312
2295,CA-2024-127929,2024-12-23,2024-12-27,4,FM-14215,314,200,4,181.95
6223,CA-2024-140627,2024-12-23,2024-12-27,4,DK-12985,243,427,4,72.704
6224,CA-2024-140627,2024-12-23,2024-12-27,4,DK-12985,614,427,4,12.264
6225,CA-2024-140627,2024-12-23,2024-12-27,4,DK-12985,1406,427,4,218.352
883,US-2024-123463,2024-12-23,2024-12-23,0,GZ-14470,505,528,1,13.48
6853,US-2024-162670,2024-12-23,2024-12-28,5,MF-18250,1385,326,3,62.04
6854,US-2024-162670,2024-12-23,2024-12-28,5,MF-18250,1728,326,3,494.97
6855,US-2024-162670,2024-12-23,2024-12-28,5,MF-18250,1367,326,3,367.96
6856,US-2024-162670,2024-12-23,2024-12-28,5,MF-18250,1073,326,3,44.96
6857,US-2024-162670,2024-12-23,2024-12-28,5,MF-18250,909,326,3,182.94
405,CA-2024-117933,2024-12-24,2024-12-29,5,RF-19840,479,264,4,35.91
7608,CA-2024-121195,2024-12-24,2024-12-27,3,NS-18505,1338,142,2,264.32
4030,CA-2024-124296,2024-12-24,2024-12-28,4,CS-12355,1658,389,4,479.97
4031,CA-2024-124296,2024-12-24,2024-12-28,4,CS-12355,112,389,4,232.88
5148,CA-2024-128734,2024-12-24,2024-12-31,7,JL-15175,147,451,4,8.544
5149,CA-2024-128734,2024-12-24,2024-12-31,7,JL-15175,75,451,4,842.376
4620,CA-2024-145219,2024-12-24,2024-12-25,1,RM-19675,1638,499,2,2879.952
4621,CA-2024-145219,2024-12-24,2024-12-25,1,RM-19675,833,499,2,90.48
2482,CA-2024-147956,2024-12-24,2024-12-31,7,AH-10210,1382,624,4,1003.62
8947,CA-2024-148355,2024-12-24,2024-12-28,4,NC-18535,1287,229,4,19.44
8948,CA-2024-148355,2024-12-24,2024-12-28,4,NC-18535,704,229,4,12.3
1507,CA-2024-154935,2024-12-24,2024-12-29,5,AR-10540,657,264,4,17.88
8856,CA-2024-163671,2024-12-24,2024-12-30,6,DP-13105,746,570,4,21.312
3701,CA-2024-169411,2024-12-24,2024-12-29,5,AC-10615,207,268,4,37.93
3315,CA-2024-169978,2024-12-24,2024-12-28,4,HG-15025,52,267,4,271.764
3316,CA-2024-169978,2024-12-24,2024-12-28,4,HG-15025,722,267,4,14.376
8957,CA-2024-105620,2024-12-25,2024-12-28,3,JH-15430,199,340,2,21.0
8958,CA-2024-105620,2024-12-25,2024-12-28,3,JH-15430,1674,340,2,120.0
9377,CA-2024-108756,2024-12-25,2024-12-29,4,PO-18865,1574,240,4,31.8
4922,CA-2024-114055,2024-12-25,2024-12-29,4,MH-18115,1029,318,3,96.08
4923,CA-2024-114055,2024-12-25,2024-12-29,4,MH-18115,927,318,3,3.62
4924,CA-2024-114055,2024-12-25,2024-12-29,4,MH-18115,1177,318,3,629.1
4925,CA-2024-114055,2024-12-25,2024-12-29,4,MH-18115,1709,318,3,90.48
6075,CA-2024-121398,2024-12-25,2024-12-29,4,FH-14365,740,495,4,153.552
6076,CA-2024-121398,2024-12-25,2024-12-29,4,FH-14365,1439,495,4,270.62
7943,CA-2024-134194,2024-12-25,2025-01-01,7,GA-14725,851,140,4,39.582
7944,CA-2024-134194,2024-12-25,2025-01-01,7,GA-14725,1477,140,4,44.688
7945,CA-2024-134194,2024-12-25,2025-01-01,7,GA-14725,591,140,4,31.744
7946,CA-2024-134194,2024-12-25,2025-01-01,7,GA-14725,850,140,4,40.98
7947,CA-2024-134194,2024-12-25,2025-01-01,7,GA-14725,834,140,4,3.168
111,CA-2024-146780,2024-12-25,2024-12-30,5,CV-12805,277,265,4,41.96
689,CA-2024-161480,2024-12-25,2024-12-29,4,RA-19285,6,265,4,191.984
6807,CA-2024-162880,2024-12-25,2024-12-29,4,GD-14590,829,615,4,3.856
2003,CA-2024-163510,2024-12-25,2024-12-28,3,JW-15955,1350,383,3,95.94
2004,CA-2024-163510,2024-12-25,2024-12-28,3,JW-15955,87,383,3,304.45
2424,US-2024-147669,2024-12-25,2024-12-30,5,SV-20935,1558,282,4,158.928
2425,US-2024-147669,2024-12-25,2024-12-30,5,SV-20935,817,282,4,13.023
2426,US-2024-147669,2024-12-25,2024-12-30,5,SV-20935,370,282,4,273.06
2427,US-2024-147669,2024-12-25,2024-12-30,5,SV-20935,946,282,4,39.312
3786,CA-2024-112487,2024-12-26,2024-12-30,4,TC-21535,654,278,4,3.132
5475,CA-2024-121741,2024-12-26,2024-12-26,0,YC-21895,1437,109,1,750.68
8159,CA-2024-136238,2024-12-26,2025-01-01,6,KB-16240,1225,167,4,16.032
1009,US-2024-106705,2024-12-26,2025-01-01,6,PO-18850,1086,51,4,44.75
2570,CA-2024-134404,2024-12-27,2024-12-27,0,DR-12880,1707,292,1,164.388
2571,CA-2024-134404,2024-12-27,2024-12-27,0,DR-12880,497,292,1,13.248
6150,CA-2024-101322,2024-12-28,2024-12-31,3,JG-15310,119,493,2,340.704
8098,CA-2024-122798,2024-12-28,2025-01-01,4,SV-20935,1343,583,4,118.25
8099,CA-2024-122798,2024-12-28,2025-01-01,4,SV-20935,1219,583,4,4.28
4288,CA-2024-127516,2024-12-28,2025-01-03,6,EH-14005,1327,434,4,64.784
2432,CA-2024-129805,2024-12-28,2025-01-02,5,HM-14860,142,623,4,7.4
7485,CA-2024-135111,2024-12-28,2025-01-02,5,CS-12400,642,113,4,2.48
7486,CA-2024-135111,2024-12-28,2025-01-02,5,CS-12400,847,113,4,25.9
954,CA-2024-136539,2024-12-28,2025-01-01,4,GH-14665,635,174,4,27.168
955,CA-2024-136539,2024-12-28,2025-01-01,4,GH-14665,16,174,4,78.8528
6819,CA-2024-163860,2024-12-28,2025-01-01,4,LO-17170,720,27,4,1.68
6820,CA-2024-163860,2024-12-28,2025-01-01,4,LO-17170,250,27,4,7.968
6821,CA-2024-163860,2024-12-28,2025-01-01,4,LO-17170,132,27,4,113.372
6822,CA-2024-163860,2024-12-28,2025-01-01,4,LO-17170,142,27,4,2.96
271,CA-2024-163979,2024-12-28,2025-01-02,5,KH-16690,1316,529,3,725.84
571,CA-2024-164826,2024-12-28,2025-01-04,7,JF-15415,960,264,4,72.45
572,CA-2024-164826,2024-12-28,2025-01-04,7,JF-15415,935,264,4,13.96
573,CA-2024-164826,2024-12-28,2025-01-04,7,JF-15415,822,264,4,33.264
574,CA-2024-164826,2024-12-28,2025-01-04,7,JF-15415,1757,264,4,14.85
6090,US-2024-162068,2024-12-28,2024-12-31,3,PC-18745,699,563,3,1.188
1878,CA-2024-118885,2024-12-29,2025-01-02,4,JG-15160,71,499,4,393.568
1879,CA-2024-118885,2024-12-29,2025-01-02,4,JG-15160,1719,499,4,302.376
5457,CA-2024-130631,2024-12-29,2025-01-02,4,BS-11755,916,614,4,19.6
5458,CA-2024-130631,2024-12-29,2025-01-02,4,BS-11755,255,614,4,68.46
5132,CA-2024-146626,2024-12-29,2025-01-05,7,BP-11185,285,462,4,101.12
4240,CA-2024-158673,2024-12-29,2025-01-04,6,KB-16600,1177,71,4,209.7
2875,US-2024-102638,2024-12-29,2024-12-31,2,MC-17845,932,265,2,6.03
7633,US-2024-158526,2024-12-29,2025-01-01,3,KH-16360,52,383,3,1207.84
7634,US-2024-158526,2024-12-29,2025-01-01,3,KH-16360,760,383,3,12.53
7635,US-2024-158526,2024-12-29,2025-01-01,3,KH-16360,610,383,3,34.58
7636,US-2024-158526,2024-12-29,2025-01-01,3,KH-16360,78,383,3,300.98
7637,US-2024-158526,2024-12-29,2025-01-01,3,KH-16360,93,383,3,258.75
1297,CA-2024-115427,2024-12-30,2025-01-03,4,EB-13975,716,481,4,13.904
1298,CA-2024-115427,2024-12-30,2025-01-03,4,EB-13975,734,481,4,20.72
646,CA-2024-126221,2024-12-30,2025-01-05,6,CC-12430,428,37,4,209.3
907,CA-2024-143259,2024-12-30,2025-01-03,4,PO-18865,15,262,4,323.136
908,CA-2024-143259,2024-12-30,2025-01-03,4,PO-18865,1765,262,4,90.93
909,CA-2024-143259,2024-12-30,2025-01-03,4,PO-18865,851,262,4,52.776
5092,CA-2024-156720,2024-12-30,2025-01-03,4,JM-15580,928,563,4,3.024
